<powerpagecomponent powerpagecomponentid="b3294bba-4057-17aa-fa0b-37456ec92648">
  <content>{
  "filecontent": null,
  "displayorder": null,
  "customcss": ".breadcrumb {\r\n    padding: 8px 0px\r\n  }\r\n.breadcrumb-item+.breadcrumb-item::before{\r\n    content: var(--bs-breadcrumb-divider, \"&gt;\")\r\n}",
  "customjavascript": "$(document).ready(function(){\r\n        \r\n    let operationMessage = localStorage.getItem('submitPannelMessage');  \r\n\r\n        if(operationMessage){\r\n            operationMessage = JSON.parse(operationMessage);\r\n\r\n            if(operationMessage.type === 'success')\r\n            {\r\n                console.log(operationMessage.message);\r\n                $(\"#custom-success-id\").text('Success!  ' + operationMessage.message);\r\n                $(\".custom-success\").show();\r\n            }\r\n           \r\n            localStorage.removeItem('submitPannelMessage');\r\n        }\r\n        $(\".formio-form\").addClass(\"row\");\r\n       \r\n        \r\n    }\r\n);\r\n\r\n\r\n",
  "pagetemplateid": "5303c14c-7ff4-494a-a44b-a19a62c9889a",
  "parentpageid": "94db5e36-8ed1-4567-baae-1b38a4b71d4c",
  "partialurl": "Invoices",
  "isroot": false,
  "rootwebpageid": "fbedcac3-a25c-3d9e-3476-28419864fea8",
  "title": "Invoices",
  "summary": "&lt;p&gt;This is a sample landing page designed to be a starting point for your website&lt;/p&gt;",
  "copy": "&lt;div id=\"homepagelink\" class=\"row sectionBlockLayout text-left\" style=\"display: flex; flex-wrap: wrap; margin: 0px; min-height: auto; padding: 8px;\"&gt;\n  &lt;div id=\"ia85eq\" class=\"container\" style=\"display: flex; flex-wrap: wrap;\"&gt;\n    &lt;div id=\"icpeb3\" class=\"col-md-12 columnBlockLayout\" style=\"flex-grow: 1; display: flex; flex-direction: column; min-width: 250px; word-break: break-word; margin: 0px; padding: 0px;\"&gt;&lt;!-- &lt;div&gt;&lt;a href=\"/\"&gt;Home&lt;/a&gt;&lt;img id=\"img-next-breadcrumb\" alt=\"next breadcrumb\" src=\"/next-breadcrumb.png\" style=\"margin-top: 0px; margin-right: 8px; margin-bottom: 0px; margin-left: 8px; max-width: 100%;\" /&gt;&lt;a href=\"/Purchase-Orders\" id=\"icwka\"&gt;Purchase Orders&lt;/a&gt;&lt;/div&gt; --&gt;{% include 'Breadcrumbs' %}&lt;/div&gt;\n  &lt;/div&gt;\n&lt;/div&gt;\n{% include 'NotificationPanel' %}\n&lt;div id=\"ix9fxc54\" class=\"container\" style=\"padding: 0px; display: flex; flex-wrap: wrap; background-color: rgb(248, 249, 250);\"&gt;\n  &lt;div id=\"ihaahfsd\" class=\"col-md-12 columnBlockLayout\" style=\"flex-grow: 1; display: flex; flex-direction: column; min-width: 250px; word-break: break-word; margin-bottom: -13px; margin-top: 0px;\"&gt;\n    &lt;div class=\"row g-6\"&gt;\n      &lt;div id=\"ikioco\" class=\"col-sm-3\" style=\"width: auto;\"&gt;&lt;label for=\"VendorId\" class=\"form-label\"&gt;Supplier Id: &lt;/label&gt;&lt;span id=\"VendorId\" style=\"padding: 5px;\"&gt;&lt;/span&gt;&lt;/div&gt;\n      &lt;div id=\"ifiopl\" class=\"col-sm-9\" style=\"width: auto;\"&gt;&lt;label for=\"VendorName\" class=\"form-label\"&gt;Supplier Name: &lt;/label&gt;&lt;span id=\"VendorName\" style=\"padding: 5px;\"&gt;&lt;/span&gt;&lt;/div&gt;\n    &lt;/div&gt;\n  &lt;/div&gt;\n&lt;/div&gt;\n&lt;div id=\"izy9dt\" class=\"row sectionBlockLayout text-left\" style=\"display: flex; flex-wrap: wrap; margin: 0px; min-height: auto; padding: 8px;\"&gt;\n  &lt;div id=\"ix9fxc\" class=\"container\" style=\"padding: 0px; display: flex; flex-wrap: wrap; background-color: rgb(248, 249, 250);\"&gt;\n    &lt;div id=\"ihaah\" class=\"col-md-12 columnBlockLayout\" style=\"flex-grow: 1; display: flex; flex-direction: column; min-width: 250px; word-break: break-word; margin-bottom: 40px; margin-top: 40px;\"&gt;\n      &lt;div class=\"row g-3\"&gt;\n        &lt;div class=\"col-sm\"&gt;&lt;label for=\"invoiceNumber\" class=\"form-label\"&gt;Invoice Number&lt;/label&gt;&lt;input type=\"text\" placeholder=\"Enter Invoice Number\" aria-label=\"Invoice\" id=\"invoiceNumber\" class=\"form-control\" /&gt;&lt;/div&gt;\n        &lt;div class=\"col-sm\"&gt;&lt;label for=\"fromDate\" class=\"form-label\"&gt;Created from&lt;/label&gt;&lt;input type=\"date\" placeholder=\"Select from Date\" aria-label=\"From\" id=\"fromDate\" class=\"form-control\" /&gt;&lt;/div&gt;\n        &lt;div class=\"col-sm\"&gt;&lt;label for=\"toDate\" class=\"form-label\"&gt;Created to&lt;/label&gt;&lt;input type=\"date\" placeholder=\"Select to Date\" aria-label=\"Zip\" id=\"toDate\" class=\"form-control\" /&gt;&lt;/div&gt;\n        &lt;div class=\"col-sm text-center\"&gt;&lt;button type=\"submit\" id=\"submitBtn\" class=\"btn btn-primary\" style=\"margin-top: 32px;\"&gt;Search&lt;/button&gt;&lt;/div&gt;\n      &lt;/div&gt;\n    &lt;/div&gt;\n  &lt;/div&gt;\n&lt;/div&gt;\n{% include \"InvoiceListTemplate\" showRecordFlowUrl:\"/_api/cloudflow/v1.0/trigger/cb1640b4-6184-afac-3eca-b208de14f080\" numberofListRecord:\"5\" supplierDetailsFlow:\"/_api/cloudflow/v1.0/trigger/1f5b96c3-9e51-c5ea-abb3-a0b76f8bac3e\" %}\n",
  "publishingstateid": "9137c988-52cc-46f0-8cea-e558f5887e5f",
  "enablerating": false,
  "enabletracking": false,
  "excludefromsearch": false,
  "hiddenfromsitemap": true,
  "sharedpageconfiguration": false,
  "feedbackpolicy": 756150000
}</content>
  <iscustomizable>1</iscustomizable>
  <name>Invoices</name>
  <powerpagecomponenttype>2</powerpagecomponenttype>
  <powerpagesiteid>
    <powerpagesiteid>99af4f03-6a66-4c36-963b-164265f26ce8</powerpagesiteid>
  </powerpagesiteid>
  <powerpagesitelanguageid>
    <powerpagesitelanguageid>732bd198-dcfc-406a-8b9e-0375589318f3</powerpagesitelanguageid>
  </powerpagesitelanguageid>
  <searchcontent>Invoices&lt;div id="homepagelink" class="row sectionBlockLayout text-left" style="display: flex; flex-wrap: wrap; margin: 0px; min-height: auto; padding: 8px;"&gt;
  &lt;div id="ia85eq" class="container" style="display: flex; flex-wrap: wrap;"&gt;
    &lt;div id="icpeb3" class="col-md-12 columnBlockLayout" style="flex-grow: 1; display: flex; flex-direction: column; min-width: 250px; word-break: break-word; margin: 0px; padding: 0px;"&gt;&lt;!-- &lt;div&gt;&lt;a href="/"&gt;Home&lt;/a&gt;&lt;img id="img-next-breadcrumb" alt="next breadcrumb" src="/next-breadcrumb.png" style="margin-top: 0px; margin-right: 8px; margin-bottom: 0px; margin-left: 8px; max-width: 100%;" /&gt;&lt;a href="/Purchase-Orders" id="icwka"&gt;Purchase Orders&lt;/a&gt;&lt;/div&gt; --&gt;{% include 'Breadcrumbs' %}&lt;/div&gt;
  &lt;/div&gt;
&lt;/div&gt;
{% include 'NotificationPanel' %}
&lt;div id="ix9fxc54" class="container" style="padding: 0px; display: flex; flex-wrap: wrap; background-color: rgb(248, 249, 250);"&gt;
  &lt;div id="ihaahfsd" class="col-md-12 columnBlockLayout" style="flex-grow: 1; display: flex; flex-direction: column; min-width: 250px; word-break: break-word; margin-bottom: -13px; margin-top: 0px;"&gt;
    &lt;div class="row g-6"&gt;
      &lt;div id="ikioco" class="col-sm-3" style="width: auto;"&gt;&lt;label for="VendorId" class="form-label"&gt;Supplier Id: &lt;/label&gt;&lt;span id="VendorId" style="padding: 5px;"&gt;&lt;/span&gt;&lt;/div&gt;
      &lt;div id="ifiopl" class="col-sm-9" style="width: auto;"&gt;&lt;label for="VendorName" class="form-label"&gt;Supplier Name: &lt;/label&gt;&lt;span id="VendorName" style="padding: 5px;"&gt;&lt;/span&gt;&lt;/div&gt;
    &lt;/div&gt;
  &lt;/div&gt;
&lt;/div&gt;
&lt;div id="izy9dt" class="row sectionBlockLayout text-left" style="display: flex; flex-wrap: wrap; margin: 0px; min-height: auto; padding: 8px;"&gt;
  &lt;div id="ix9fxc" class="container" style="padding: 0px; display: flex; flex-wrap: wrap; background-color: rgb(248, 249, 250);"&gt;
    &lt;div id="ihaah" class="col-md-12 columnBlockLayout" style="flex-grow: 1; display: flex; flex-direction: column; min-width: 250px; word-break: break-word; margin-bottom: 40px; margin-top: 40px;"&gt;
      &lt;div class="row g-3"&gt;
        &lt;div class="col-sm"&gt;&lt;label for="invoiceNumber" class="form-label"&gt;Invoice Number&lt;/label&gt;&lt;input type="text" placeholder="Enter Invoice Number" aria-label="Invoice" id="invoiceNumber" class="form-control" /&gt;&lt;/div&gt;
        &lt;div class="col-sm"&gt;&lt;label for="fromDate" class="form-label"&gt;Created from&lt;/label&gt;&lt;input type="date" placeholder="Select from Date" aria-label="From" id="fromDate" class="form-control" /&gt;&lt;/div&gt;
        &lt;div class="col-sm"&gt;&lt;label for="toDate" class="form-label"&gt;Created to&lt;/label&gt;&lt;input type="date" placeholder="Select to Date" aria-label="Zip" id="toDate" class="form-control" /&gt;&lt;/div&gt;
        &lt;div class="col-sm text-center"&gt;&lt;button type="submit" id="submitBtn" class="btn btn-primary" style="margin-top: 32px;"&gt;Search&lt;/button&gt;&lt;/div&gt;
      &lt;/div&gt;
    &lt;/div&gt;
  &lt;/div&gt;
&lt;/div&gt;
{% include "InvoiceListTemplate" showRecordFlowUrl:"/_api/cloudflow/v1.0/trigger/cb1640b4-6184-afac-3eca-b208de14f080" numberofListRecord:"5" supplierDetailsFlow:"/_api/cloudflow/v1.0/trigger/1f5b96c3-9e51-c5ea-abb3-a0b76f8bac3e" %}
Invoices</searchcontent>
  <statecode>0</statecode>
  <statuscode>1</statuscode>
</powerpagecomponent>