<powerpagecomponent powerpagecomponentid="9ddd1c40-cd2f-41dd-95aa-b06bb642078d">
  <content>{"display_name":"Account/SignIn/SignInExternalFormHeading","type":756150000,"value":"External SignIn"}</content>
  <iscustomizable>1</iscustomizable>
  <name>Account/SignIn/SignInExternalFormHeading</name>
  <powerpagecomponenttype>7</powerpagecomponenttype>
  <powerpagesiteid>
    <powerpagesiteid>99af4f03-6a66-4c36-963b-164265f26ce8</powerpagesiteid>
  </powerpagesiteid>
  <powerpagesitelanguageid>
    <powerpagesitelanguageid>732bd198-dcfc-406a-8b9e-0375589318f3</powerpagesitelanguageid>
  </powerpagesitelanguageid>
  <statecode>0</statecode>
  <statuscode>1</statuscode>
</powerpagecomponent>