<botcomponent schemaname="mpa_LeaveManagement.topic.ViewReport-Manager">
  <componenttype>9</componenttype>
  <description>This topic provides the option to display a report on used and remaining leave credits and a leave request summary for either the user or user's direct reports.</description>
  <iscustomizable>1</iscustomizable>
  <name>View Report - Manager</name>
  <parentbotid>
    <schemaname>mpa_LeaveManagement</schemaname>
  </parentbotid>
  <statecode>0</statecode>
  <statuscode>1</statuscode>
</botcomponent>