<powerpagecomponent powerpagecomponentid="7c2cc3d5-6ba2-4a67-83bf-b8fab5ed9cff">
  <content>{"copy":"&lt;div class='row sectionBlockLayout' data-component-theme='portalThemeColor5' style='display: flex; flex-wrap: wrap; min-height: 50px;'&gt;&lt;/div&gt;\r\n&lt;div class='row sectionBlockLayout' data-component-theme='portalThemeColor6' style='display: flex; flex-wrap: wrap; min-height: 50px;'&gt;&lt;/div&gt;\r\n&lt;div class='row sectionBlockLayout' style='display: flex; flex-wrap: wrap; text-align: left; min-height: 374px;'&gt;\r\n  &lt;div class='container' style='padding: 0px; display: flex; flex-wrap: wrap;'&gt;\r\n    &lt;div class='col-lg-12 columnBlockLayout' style='flex-grow: 1; display: flex; flex-direction: column; min-width: 300px;'&gt;\r\n      &lt;img src='/Cat-PC.png' alt='' name='Cat-PC.png' style='width: 200px; height: 161px; margin-left: auto; margin-right: auto;'&gt;\r\n      &lt;h2 style='text-align: center;'&gt;Page not found&lt;/h2&gt;\r\n      &lt;p style='text-align: center;'&gt;Check the link and try again&lt;/p&gt;\r\n    &lt;/div&gt;\r\n  &lt;/div&gt;\r\n&lt;/div&gt;\r\n&lt;div class='row sectionBlockLayout' data-component-theme='portalThemeColor1' style='display: flex; flex-wrap: wrap; min-height: 315px;'&gt;&lt;/div&gt;\r\n","enablerating":false,"enabletracking":false,"excludefromsearch":true,"feedbackpolicy":756150000,"hiddenfromsitemap":true,"isroot":false,"pagetemplateid":"5303c14c-7ff4-494a-a44b-a19a62c9889a","parentpageid":"94db5e36-8ed1-4567-baae-1b38a4b71d4c","partialurl":"page-not-found","publishingstateid":"9137c988-52cc-46f0-8cea-e558f5887e5f","rootwebpageid":"fb88ea48-1ad9-4ce4-ba6a-d663bab472b0","sharedpageconfiguration":false}</content>
  <iscustomizable>1</iscustomizable>
  <name>Page Not Found</name>
  <powerpagecomponenttype>2</powerpagecomponenttype>
  <powerpagesiteid>
    <powerpagesiteid>99af4f03-6a66-4c36-963b-164265f26ce8</powerpagesiteid>
  </powerpagesiteid>
  <powerpagesitelanguageid>
    <powerpagesitelanguageid>732bd198-dcfc-406a-8b9e-0375589318f3</powerpagesitelanguageid>
  </powerpagesitelanguageid>
  <searchcontent>&lt;div class='row sectionBlockLayout' data-component-theme='portalThemeColor5' style='display: flex; flex-wrap: wrap; min-height: 50px;'&gt;&lt;/div&gt;
&lt;div class='row sectionBlockLayout' data-component-theme='portalThemeColor6' style='display: flex; flex-wrap: wrap; min-height: 50px;'&gt;&lt;/div&gt;
&lt;div class='row sectionBlockLayout' style='display: flex; flex-wrap: wrap; text-align: left; min-height: 374px;'&gt;
  &lt;div class='container' style='padding: 0px; display: flex; flex-wrap: wrap;'&gt;
    &lt;div class='col-lg-12 columnBlockLayout' style='flex-grow: 1; display: flex; flex-direction: column; min-width: 300px;'&gt;
      &lt;img src='/Cat-PC.png' alt='' name='Cat-PC.png' style='width: 200px; height: 161px; margin-left: auto; margin-right: auto;'&gt;
      &lt;h2 style='text-align: center;'&gt;Page not found&lt;/h2&gt;
      &lt;p style='text-align: center;'&gt;Check the link and try again&lt;/p&gt;
    &lt;/div&gt;
  &lt;/div&gt;
&lt;/div&gt;
&lt;div class='row sectionBlockLayout' data-component-theme='portalThemeColor1' style='display: flex; flex-wrap: wrap; min-height: 315px;'&gt;&lt;/div&gt;
Page Not Found</searchcontent>
  <statecode>0</statecode>
  <statuscode>1</statuscode>
</powerpagecomponent>