<powerpagecomponent powerpagecomponentid="6e81c7b8-4e0d-8613-0645-89d543c75e5d">
  <content>{
  "webpageid": "c974b6d8-60bf-9a54-0ab8-3444f1c314bb",
  "right": 2,
  "scope": 1,
  "adx_webpageaccesscontrolrule_webrole": [
    "898380ee-66fb-45a2-8320-27e6e2ff6103",
    "26f7b628-a3e9-4d55-824b-71b5b2e8708a"
  ]
}</content>
  <iscustomizable>1</iscustomizable>
  <name>Restrict Read on Purchase Orders</name>
  <powerpagecomponenttype>10</powerpagecomponenttype>
  <powerpagesiteid>
    <powerpagesiteid>99af4f03-6a66-4c36-963b-164265f26ce8</powerpagesiteid>
  </powerpagesiteid>
  <statecode>0</statecode>
  <statuscode>1</statuscode>
</powerpagecomponent>