<powerpagecomponent powerpagecomponentid="dc9dca74-cbd7-ee11-9079-000d3a33d34f">
  <content>{"adx_flowapiurl":"https://bs5-supplierportaldev.powerappsportals.com/_api/cloudflow/v1.0/trigger/1f5b96c3-9e51-c5ea-abb3-a0b76f8bac3e","adx_flowtriggerurl":"https://unitedstates-002.azure-apim.net:443/apim/logicflows/1F5B96C39E51C5EAABB3A0B76F8BAC3E-D9E4340A55466E65/triggers/manual/run?api-version=2016-06-01","adx_metadata":"1f5b96c3-9e51-c5ea-abb3-a0b76f8bac3e","adx_CloudFlowConsumer_adx_webrole":["898380ee-66fb-45a2-8320-27e6e2ff6103"],"_adx_processid_value":"4457f4c6-72c4-ee11-9079-000d3a33da23"}</content>
  <iscustomizable>1</iscustomizable>
  <name>Power Pages Read Vendor</name>
  <powerpagecomponenttype>33</powerpagecomponenttype>
  <powerpagesiteid>
    <powerpagesiteid>99af4f03-6a66-4c36-963b-164265f26ce8</powerpagesiteid>
  </powerpagesiteid>
  <statecode>0</statecode>
  <statuscode>1</statuscode>
</powerpagecomponent>