<powerpagecomponent powerpagecomponentid="fb88ea48-1ad9-4ce4-ba6a-d663bab472b0">
  <content>{"enablerating":false,"enabletracking":false,"excludefromsearch":true,"feedbackpolicy":756150000,"hiddenfromsitemap":true,"isroot":true,"pagetemplateid":"5303c14c-7ff4-494a-a44b-a19a62c9889a","parentpageid":"94db5e36-8ed1-4567-baae-1b38a4b71d4c","partialurl":"page-not-found","publishingstateid":"9137c988-52cc-46f0-8cea-e558f5887e5f","sharedpageconfiguration":false}</content>
  <iscustomizable>1</iscustomizable>
  <name>Page Not Found</name>
  <powerpagecomponenttype>2</powerpagecomponenttype>
  <powerpagesiteid>
    <powerpagesiteid>99af4f03-6a66-4c36-963b-164265f26ce8</powerpagesiteid>
  </powerpagesiteid>
  <searchcontent>Page Not Found</searchcontent>
  <statecode>0</statecode>
  <statuscode>1</statuscode>
</powerpagecomponent>