<powerpagecomponent powerpagecomponentid="2c8a10b3-ddda-4275-b179-0b3cd407f904">
  <content>{"display_name":"Account/Conversion/Page Title","type":756150000,"value":"Account Migration"}</content>
  <iscustomizable>1</iscustomizable>
  <name>Account/Conversion/PageTitle</name>
  <powerpagecomponenttype>7</powerpagecomponenttype>
  <powerpagesiteid>
    <powerpagesiteid>99af4f03-6a66-4c36-963b-164265f26ce8</powerpagesiteid>
  </powerpagesiteid>
  <powerpagesitelanguageid>
    <powerpagesitelanguageid>732bd198-dcfc-406a-8b9e-0375589318f3</powerpagesitelanguageid>
  </powerpagesitelanguageid>
  <statecode>0</statecode>
  <statuscode>1</statuscode>
</powerpagecomponent>