<powerpagecomponent powerpagecomponentid="72b1aba7-7d6d-4c8f-b17f-0ec084d1ae6d">
  <content>{"display_name":"Profile/MarketFax","type":756150000,"value":"Fax"}</content>
  <iscustomizable>1</iscustomizable>
  <name>Profile/MarketFax</name>
  <powerpagecomponenttype>7</powerpagecomponenttype>
  <powerpagesiteid>
    <powerpagesiteid>99af4f03-6a66-4c36-963b-164265f26ce8</powerpagesiteid>
  </powerpagesiteid>
  <powerpagesitelanguageid>
    <powerpagesitelanguageid>732bd198-dcfc-406a-8b9e-0375589318f3</powerpagesitelanguageid>
  </powerpagesitelanguageid>
  <statecode>0</statecode>
  <statuscode>1</statuscode>
</powerpagecomponent>