<powerpagecomponent powerpagecomponentid="3b7445d8-b4e5-41f8-a7b2-759d68e2948a">
  <content>{"contentdisposition":756150000,"enabletracking":false,"excludefromsearch":false,"hiddenfromsitemap":false,"parentpageid":"94db5e36-8ed1-4567-baae-1b38a4b71d4c","partialurl":"Circle-2.png","publishingstateid":"9137c988-52cc-46f0-8cea-e558f5887e5f"}</content>
  <filecontent mimetype="application/octet-stream">Circle-2.png</filecontent>
  <iscustomizable>1</iscustomizable>
  <name>Circle-2.png</name>
  <powerpagecomponenttype>3</powerpagecomponenttype>
  <powerpagesiteid>
    <powerpagesiteid>99af4f03-6a66-4c36-963b-164265f26ce8</powerpagesiteid>
  </powerpagesiteid>
  <statecode>0</statecode>
  <statuscode>1</statuscode>
</powerpagecomponent>