<powerpagecomponent powerpagecomponentid="277bae15-4076-a272-6d3a-844bfe4678d0">
  <content>{
  "webpageid": "fbedcac3-a25c-3d9e-3476-28419864fea8",
  "right": 2,
  "scope": 1,
  "adx_webpageaccesscontrolrule_webrole": [
    "898380ee-66fb-45a2-8320-27e6e2ff6103",
    "26f7b628-a3e9-4d55-824b-71b5b2e8708a"
  ]
}</content>
  <iscustomizable>1</iscustomizable>
  <name>Restrict Read on Invoices</name>
  <powerpagecomponenttype>10</powerpagecomponenttype>
  <powerpagesiteid>
    <powerpagesiteid>99af4f03-6a66-4c36-963b-164265f26ce8</powerpagesiteid>
  </powerpagesiteid>
  <statecode>0</statecode>
  <statuscode>1</statuscode>
</powerpagecomponent>