{
  "SchemaVersion": "1.0",
  "solutionParameters": {
    "mpa_SAPBase": {
      "components": [
        {
          "ComponentName": "",
          "ComponentTypeName": "EnvironmentVariableDefinition",
          "Attributes": {
            "Count": 5,
            "Keys": [
              "schemaname",
              "displayname",
              "description",
              "type",
              "defaultvalue"
            ],
            "Values": [
              "mpa_SAPApplicationServer",
              "SAP Application Server",
              "JSON string that contains system parameters, host, system number, client, etc.",
              "100000000",
              null
            ]
          }
        },
        {
          "ComponentName": "",
          "ComponentTypeName": "EnvironmentVariableDefinition",
          "Attributes": {
            "Count": 5,
            "Keys": [
              "schemaname",
              "displayname",
              "description",
              "type",
              "defaultvalue"
            ],
            "Values": [
              "mpa_SAPClientID",
              "SAP Client ID",
              "The SAP client ID to connect to the SAP system. The SAP backends' client (or 'Mandant') into which to log in. It's a number ranging from 000 to 999. Used separately in IDoc transactions.",
              "100000000",
              null
            ]
          }
        },
        {
          "ComponentName": "",
          "ComponentTypeName": "EnvironmentVariableDefinition",
          "Attributes": {
            "Count": 5,
            "Keys": [
              "schemaname",
              "displayname",
              "description",
              "type",
              "defaultvalue"
            ],
            "Values": [
              "mpa_SAPCountofRowsToRead",
              "SAP Count of Rows To Read",
              "Sets the maximum number of records to be returned on any search query and helps to alleviate performance concerns",
              "100000001",
              "1000"
            ]
          }
        },
        {
          "ComponentName": "",
          "ComponentTypeName": "EnvironmentVariableDefinition",
          "Attributes": {
            "Count": 5,
            "Keys": [
              "schemaname",
              "displayname",
              "description",
              "type",
              "defaultvalue"
            ],
            "Values": [
              "mpa_SAPSPRAS",
              "SAP SPRAS",
              "Language Key from T0002",
              "100000000",
              "EN"
            ]
          }
        },
        {
          "ComponentName": "",
          "ComponentTypeName": "EnvironmentVariableDefinition",
          "Attributes": {
            "Count": 5,
            "Keys": [
              "schemaname",
              "displayname",
              "description",
              "type",
              "defaultvalue"
            ],
            "Values": [
              "mpa_SAPSystemID",
              "SAP System ID",
              "The SAP system's three-letter system ID (Mandatory if connection type Message Server and message server service isn't present). Used separately in IDoc transactions.",
              "100000000",
              null
            ]
          }
        }
      ]
    },
    "mpa_SAPProcurement": {
      "components": [
        {
          "ComponentName": "",
          "ComponentTypeName": "connectionreference",
          "Attributes": {
            "Count": 4,
            "Keys": [
              "connectionreferencelogicalname",
              "connectionreferencedisplayname",
              "description",
              "connectorid"
            ],
            "Values": [
              "mpa_SAPDataverse",
              "SAP Dataverse Connection",
              null,
              "/providers/Microsoft.PowerApps/apis/shared_commondataserviceforapps"
            ]
          }
        },
        {
          "ComponentName": "",
          "ComponentTypeName": "connectionreference",
          "Attributes": {
            "Count": 4,
            "Keys": [
              "connectionreferencelogicalname",
              "connectionreferencedisplayname",
              "description",
              "connectorid"
            ],
            "Values": [
              "mpa_SAPERP",
              "SAP ERP Connection",
              null,
              "/providers/Microsoft.PowerApps/apis/shared_saperp"
            ]
          }
        }
      ]
    }
  }
}