<powerpagecomponent powerpagecomponentid="9e6cd80e-de03-43f6-9bdb-5db4f40245ac">
  <content>{"display_name":"Account/Conversion/SignIn External Form Heading","type":756150000,"value":"Sign in with a supported account"}</content>
  <iscustomizable>1</iscustomizable>
  <name>Account/Conversion/SignInExternalFormHeading</name>
  <powerpagecomponenttype>7</powerpagecomponenttype>
  <powerpagesiteid>
    <powerpagesiteid>99af4f03-6a66-4c36-963b-164265f26ce8</powerpagesiteid>
  </powerpagesiteid>
  <powerpagesitelanguageid>
    <powerpagesitelanguageid>732bd198-dcfc-406a-8b9e-0375589318f3</powerpagesitelanguageid>
  </powerpagesitelanguageid>
  <statecode>0</statecode>
  <statuscode>1</statuscode>
</powerpagecomponent>