<powerpagecomponent powerpagecomponentid="8a337829-db09-4e06-ba89-e62cc0748561">
  <content>{"display_name":"Account/Signin/Account Conversion Identity Used Error Text","type":756150001,"value":"&lt;p&gt;This account already exists. Close your browser, restart the process, and select a different account on the &lt;b&gt;Account Migration&lt;/b&gt; page.&lt;/p&gt;"}</content>
  <iscustomizable>1</iscustomizable>
  <name>Account/Signin/AccountConversionIdentityUsedErrorText</name>
  <powerpagecomponenttype>7</powerpagecomponenttype>
  <powerpagesiteid>
    <powerpagesiteid>99af4f03-6a66-4c36-963b-164265f26ce8</powerpagesiteid>
  </powerpagesiteid>
  <powerpagesitelanguageid>
    <powerpagesitelanguageid>732bd198-dcfc-406a-8b9e-0375589318f3</powerpagesitelanguageid>
  </powerpagesitelanguageid>
  <statecode>0</statecode>
  <statuscode>1</statuscode>
</powerpagecomponent>