<ImportExportXml version="9.2.24111.216" SolutionPackageVersion="9.2" languagecode="1033" generatedBy="CrmLive" xmlns:xsi="http://www.w3.org/2001/XMLSchema-instance" OrganizationVersion="9.2.24111.216" OrganizationSchemaType="Standard" CRMServerServiceabilityVersion="9.2.24112.00220">
  <SolutionManifest>
    <UniqueName>mpa_KudosApp</UniqueName>
    <LocalizedNames>
      <LocalizedName description="Kudos App" languagecode="1033" />
    </LocalizedNames>
    <Descriptions>
      <Description description="Canvas app for Checking Kudos" languagecode="1033" />
    </Descriptions>
    <Version>1.0.0.5</Version>
    <Managed>0</Managed>
    <Publisher>
      <UniqueName>PowerAccelerator</UniqueName>
      <LocalizedNames>
        <LocalizedName description="Microsoft Power Accelerator" languagecode="1033" />
      </LocalizedNames>
      <Descriptions>
        <Description description="Publisher for the Microsoft Power Accelerator team." languagecode="1033" />
      </Descriptions>
      <EMailAddress xsi:nil="true"></EMailAddress>
      <SupportingWebsiteUrl xsi:nil="true"></SupportingWebsiteUrl>
      <CustomizationPrefix>mpa</CustomizationPrefix>
      <CustomizationOptionValuePrefix>86542</CustomizationOptionValuePrefix>
      <Addresses>
        <Address>
          <AddressNumber>1</AddressNumber>
          <AddressTypeCode>1</AddressTypeCode>
          <City xsi:nil="true"></City>
          <County xsi:nil="true"></County>
          <Country xsi:nil="true"></Country>
          <Fax xsi:nil="true"></Fax>
          <FreightTermsCode xsi:nil="true"></FreightTermsCode>
          <ImportSequenceNumber xsi:nil="true"></ImportSequenceNumber>
          <Latitude xsi:nil="true"></Latitude>
          <Line1 xsi:nil="true"></Line1>
          <Line2 xsi:nil="true"></Line2>
          <Line3 xsi:nil="true"></Line3>
          <Longitude xsi:nil="true"></Longitude>
          <Name xsi:nil="true"></Name>
          <PostalCode xsi:nil="true"></PostalCode>
          <PostOfficeBox xsi:nil="true"></PostOfficeBox>
          <PrimaryContactName xsi:nil="true"></PrimaryContactName>
          <ShippingMethodCode>1</ShippingMethodCode>
          <StateOrProvince xsi:nil="true"></StateOrProvince>
          <Telephone1 xsi:nil="true"></Telephone1>
          <Telephone2 xsi:nil="true"></Telephone2>
          <Telephone3 xsi:nil="true"></Telephone3>
          <TimeZoneRuleVersionNumber xsi:nil="true"></TimeZoneRuleVersionNumber>
          <UPSZone xsi:nil="true"></UPSZone>
          <UTCOffset xsi:nil="true"></UTCOffset>
          <UTCConversionTimeZoneCode xsi:nil="true"></UTCConversionTimeZoneCode>
        </Address>
        <Address>
          <AddressNumber>2</AddressNumber>
          <AddressTypeCode>1</AddressTypeCode>
          <City xsi:nil="true"></City>
          <County xsi:nil="true"></County>
          <Country xsi:nil="true"></Country>
          <Fax xsi:nil="true"></Fax>
          <FreightTermsCode xsi:nil="true"></FreightTermsCode>
          <ImportSequenceNumber xsi:nil="true"></ImportSequenceNumber>
          <Latitude xsi:nil="true"></Latitude>
          <Line1 xsi:nil="true"></Line1>
          <Line2 xsi:nil="true"></Line2>
          <Line3 xsi:nil="true"></Line3>
          <Longitude xsi:nil="true"></Longitude>
          <Name xsi:nil="true"></Name>
          <PostalCode xsi:nil="true"></PostalCode>
          <PostOfficeBox xsi:nil="true"></PostOfficeBox>
          <PrimaryContactName xsi:nil="true"></PrimaryContactName>
          <ShippingMethodCode>1</ShippingMethodCode>
          <StateOrProvince xsi:nil="true"></StateOrProvince>
          <Telephone1 xsi:nil="true"></Telephone1>
          <Telephone2 xsi:nil="true"></Telephone2>
          <Telephone3 xsi:nil="true"></Telephone3>
          <TimeZoneRuleVersionNumber xsi:nil="true"></TimeZoneRuleVersionNumber>
          <UPSZone xsi:nil="true"></UPSZone>
          <UTCOffset xsi:nil="true"></UTCOffset>
          <UTCConversionTimeZoneCode xsi:nil="true"></UTCConversionTimeZoneCode>
        </Address>
      </Addresses>
    </Publisher>
    <RootComponents>
      <RootComponent type="29" id="{f3e5fb06-d728-ef11-840a-6045bda8cecd}" behavior="0" />
      <RootComponent type="300" schemaName="mpa_KudosApp" behavior="0" />
    </RootComponents>
    <MissingDependencies>
      <MissingDependency>
        <Required type="1" schemaName="mpa_badge" displayName="Badge" solution="Active" />
        <Dependent type="300" schemaName="mpa_KudosApp" displayName="Kudos App" />
      </MissingDependency>
      <MissingDependency>
        <Required type="1" schemaName="mpa_kudo" displayName="Kudo" solution="Active" />
        <Dependent type="29" displayName="Kudos App - Send New Kudo Notification Email" id="{f3e5fb06-d728-ef11-840a-6045bda8cecd}" />
      </MissingDependency>
      <MissingDependency>
        <Required type="1" schemaName="mpa_kudo" displayName="Kudo" solution="Active" />
        <Dependent type="300" schemaName="mpa_KudosApp" displayName="Kudos App" />
      </MissingDependency>
      <MissingDependency>
        <Required type="1" schemaName="mpa_optoutuser" displayName="Opt-out User" solution="Active" />
        <Dependent type="300" schemaName="mpa_KudosApp" displayName="Kudos App" />
      </MissingDependency>
      <MissingDependency>
        <Required type="connectionreference" displayName="mpa_KudosDataverse" solution="Active" id.connectionreferencelogicalname="mpa_KudosDataverse" />
        <Dependent type="29" displayName="Kudos App - Send New Kudo Notification Email" id="{f3e5fb06-d728-ef11-840a-6045bda8cecd}" />
      </MissingDependency>
      <MissingDependency>
        <Required type="connectionreference" displayName="mpa_KudosO365" solution="Active" id.connectionreferencelogicalname="mpa_KudosO365" />
        <Dependent type="29" displayName="Kudos App - Send New Kudo Notification Email" id="{f3e5fb06-d728-ef11-840a-6045bda8cecd}" />
      </MissingDependency>
      <MissingDependency>
        <Required type="connectionreference" displayName="mpa_KudosOutlook" solution="Active" id.connectionreferencelogicalname="mpa_KudosOutlook" />
        <Dependent type="29" displayName="Kudos App - Send New Kudo Notification Email" id="{f3e5fb06-d728-ef11-840a-6045bda8cecd}" />
      </MissingDependency>
    </MissingDependencies>
  </SolutionManifest>
</ImportExportXml>