<ImportExportXml version="9.2.24082.192" SolutionPackageVersion="9.2" languagecode="1033" generatedBy="CrmLive" xmlns:xsi="http://www.w3.org/2001/XMLSchema-instance" OrganizationVersion="9.2.24082.192" OrganizationSchemaType="Standard" OrganizationType="Developer" TenantId="fe2dcd3b-6648-414a-8c8e-8761944769ce" CRMServerServiceabilityVersion="9.2.24083.00202">
  <SolutionManifest>
    <UniqueName>mpa_ParkingReservation</UniqueName>
    <LocalizedNames>
      <LocalizedName description="Parking Reservation" languagecode="1033" />
    </LocalizedNames>
    <Descriptions>
      <Description description="Parking Reservation App template simplifies management of parking spaces and enables reservations." languagecode="1033" />
    </Descriptions>
    <Version>1.0.0.0</Version>
    <Managed>0</Managed>
    <Publisher>
      <UniqueName>PowerAccelerator</UniqueName>
      <LocalizedNames>
        <LocalizedName description="Microsoft Power Accelerator" languagecode="1033" />
      </LocalizedNames>
      <Descriptions>
        <Description description="Publisher for the Microsoft Power Accelerator team." languagecode="1033" />
      </Descriptions>
      <EMailAddress xsi:nil="true"></EMailAddress>
      <SupportingWebsiteUrl xsi:nil="true"></SupportingWebsiteUrl>
      <CustomizationPrefix>mpa</CustomizationPrefix>
      <CustomizationOptionValuePrefix>86542</CustomizationOptionValuePrefix>
      <Addresses>
        <Address>
          <AddressNumber>1</AddressNumber>
          <AddressTypeCode>1</AddressTypeCode>
          <City xsi:nil="true"></City>
          <County xsi:nil="true"></County>
          <Country xsi:nil="true"></Country>
          <Fax xsi:nil="true"></Fax>
          <FreightTermsCode xsi:nil="true"></FreightTermsCode>
          <ImportSequenceNumber xsi:nil="true"></ImportSequenceNumber>
          <Latitude xsi:nil="true"></Latitude>
          <Line1 xsi:nil="true"></Line1>
          <Line2 xsi:nil="true"></Line2>
          <Line3 xsi:nil="true"></Line3>
          <Longitude xsi:nil="true"></Longitude>
          <Name xsi:nil="true"></Name>
          <PostalCode xsi:nil="true"></PostalCode>
          <PostOfficeBox xsi:nil="true"></PostOfficeBox>
          <PrimaryContactName xsi:nil="true"></PrimaryContactName>
          <ShippingMethodCode>1</ShippingMethodCode>
          <StateOrProvince xsi:nil="true"></StateOrProvince>
          <Telephone1 xsi:nil="true"></Telephone1>
          <Telephone2 xsi:nil="true"></Telephone2>
          <Telephone3 xsi:nil="true"></Telephone3>
          <TimeZoneRuleVersionNumber xsi:nil="true"></TimeZoneRuleVersionNumber>
          <UPSZone xsi:nil="true"></UPSZone>
          <UTCOffset xsi:nil="true"></UTCOffset>
          <UTCConversionTimeZoneCode xsi:nil="true"></UTCConversionTimeZoneCode>
        </Address>
        <Address>
          <AddressNumber>2</AddressNumber>
          <AddressTypeCode>1</AddressTypeCode>
          <City xsi:nil="true"></City>
          <County xsi:nil="true"></County>
          <Country xsi:nil="true"></Country>
          <Fax xsi:nil="true"></Fax>
          <FreightTermsCode xsi:nil="true"></FreightTermsCode>
          <ImportSequenceNumber xsi:nil="true"></ImportSequenceNumber>
          <Latitude xsi:nil="true"></Latitude>
          <Line1 xsi:nil="true"></Line1>
          <Line2 xsi:nil="true"></Line2>
          <Line3 xsi:nil="true"></Line3>
          <Longitude xsi:nil="true"></Longitude>
          <Name xsi:nil="true"></Name>
          <PostalCode xsi:nil="true"></PostalCode>
          <PostOfficeBox xsi:nil="true"></PostOfficeBox>
          <PrimaryContactName xsi:nil="true"></PrimaryContactName>
          <ShippingMethodCode>1</ShippingMethodCode>
          <StateOrProvince xsi:nil="true"></StateOrProvince>
          <Telephone1 xsi:nil="true"></Telephone1>
          <Telephone2 xsi:nil="true"></Telephone2>
          <Telephone3 xsi:nil="true"></Telephone3>
          <TimeZoneRuleVersionNumber xsi:nil="true"></TimeZoneRuleVersionNumber>
          <UPSZone xsi:nil="true"></UPSZone>
          <UTCOffset xsi:nil="true"></UTCOffset>
          <UTCConversionTimeZoneCode xsi:nil="true"></UTCConversionTimeZoneCode>
        </Address>
      </Addresses>
    </Publisher>
    <RootComponents>
      <RootComponent type="1" schemaName="mpa_parkres_building" behavior="0" />
      <RootComponent type="1" schemaName="mpa_parkres_city" behavior="0" />
      <RootComponent type="1" schemaName="mpa_parkres_country" behavior="0" />
      <RootComponent type="1" schemaName="mpa_parkres_floor" behavior="0" />
      <RootComponent type="1" schemaName="mpa_parkres_longtermreservation" behavior="0" />
      <RootComponent type="1" schemaName="mpa_parkres_parkingspot" behavior="0" />
      <RootComponent type="1" schemaName="mpa_parkres_reservation" behavior="0" />
      <RootComponent type="1" schemaName="mpa_parkres_vehicle" behavior="0" />
      <RootComponent type="1" schemaName="systemuser" behavior="2" />
      <RootComponent type="9" schemaName="mpa_parkres_dayparkingreservations" behavior="0" />
      <RootComponent type="9" schemaName="mpa_parkres_spottype" behavior="0" />
      <RootComponent type="20" id="{42ff08c4-8107-ef11-9f89-00224820f93b}" behavior="0" />
      <RootComponent type="20" id="{69a557f6-8007-ef11-9f89-00224820f93b}" behavior="0" />
      <RootComponent type="20" id="{c8b5d6b3-8107-ef11-9f89-00224820f93b}" behavior="0" />
      <RootComponent type="29" id="{0f3253a8-850e-ef11-9f89-7c1e5201c0e0}" behavior="0" />
      <RootComponent type="29" id="{11e32b86-870e-ef11-9f89-7c1e5201c0e0}" behavior="0" />
      <RootComponent type="29" id="{5334a3e2-7107-ef11-9f89-00224820f93b}" behavior="0" />
      <RootComponent type="29" id="{6f6bd45e-ae11-ef11-9f89-7c1e5201c0e0}" behavior="0" />
      <RootComponent type="29" id="{805b2941-bf06-ef11-9f89-00224820f93b}" behavior="0" />
      <RootComponent type="60" id="{6619a87b-cd32-ef11-8409-00224831ba23}" behavior="0" />
      <RootComponent type="61" schemaName="mpa_parkres_buildingicon" behavior="0" />
      <RootComponent type="61" schemaName="mpa_parkres_cityicon" behavior="0" />
      <RootComponent type="61" schemaName="mpa_parkres_countryicon" behavior="0" />
      <RootComponent type="61" schemaName="mpa_parkres_flooricon" behavior="0" />
      <RootComponent type="61" schemaName="mpa_parkres_longtermreservationicon" behavior="0" />
      <RootComponent type="61" schemaName="mpa_parkres_parkingspoticon" behavior="0" />
      <RootComponent type="61" schemaName="mpa_parkres_reservationicon" behavior="0" />
      <RootComponent type="61" schemaName="mpa_parkres_vehicle" behavior="0" />
      <RootComponent type="62" schemaName="mpa_ParkingReservationsAdminApp" behavior="0" />
      <RootComponent type="80" schemaName="mpa_ParkingReservationsAdminApp" behavior="0" />
      <RootComponent type="300" schemaName="mpa_parkingreservationsapp_4ce18" behavior="0" />
    </RootComponents>
    <MissingDependencies>
      <MissingDependency>
        <Required type="61" schemaName="msdyn_/Images/AppModule_Default_Icon.png" displayName="msdyn_/Images/AppModule_Default_Icon.png" solution="AppModuleWebResources (2.5)" />
        <Dependent type="80" schemaName="mpa_ParkingReservationsAdminApp" displayName="Parking Reservations - Admin App" />
      </MissingDependency>
      <MissingDependency>
        <Required type="SettingDefinition" displayName="AppChannel" solution="msdyn_AppFrameworkInfraExtensions (1.0.0.12)" id.uniquename="AppChannel" />
        <Dependent type="AppSetting" displayName="parentappmoduleid.uniquename=mpa_ParkingReservationsAdminApp,settingdefinitionid.uniquename=AppChannel" id.parentappmoduleid.uniquename="mpa_ParkingReservationsAdminApp" id.settingdefinitionid.uniquename="AppChannel" />
      </MissingDependency>
    </MissingDependencies>
  </SolutionManifest>
</ImportExportXml>