<powerpagecomponent powerpagecomponentid="8549916b-71a8-4a24-8678-1bb653982e78">
  <content>{"display_name":"Profile/SecurityNav/Title","type":756150000,"value":"Security"}</content>
  <iscustomizable>1</iscustomizable>
  <name>Profile/SecurityNav/Title</name>
  <powerpagecomponenttype>7</powerpagecomponenttype>
  <powerpagesiteid>
    <powerpagesiteid>99af4f03-6a66-4c36-963b-164265f26ce8</powerpagesiteid>
  </powerpagesiteid>
  <powerpagesitelanguageid>
    <powerpagesitelanguageid>732bd198-dcfc-406a-8b9e-0375589318f3</powerpagesitelanguageid>
  </powerpagesitelanguageid>
  <statecode>0</statecode>
  <statuscode>1</statuscode>
</powerpagecomponent>