<aipluginoperation aiplugin.name="msdynaib_GoalWritingTipsV2" operationid="msdynaib_GoalWritingTipsV2">
  <aipluginoperationexportkey>aiplugin.name=msdynaib_GoalWritingTipsV2,operationid=msdynaib_GoalWritingTipsV2</aipluginoperationexportkey>
  <customapi>
    <uniquename>msdyn_aibdptgoalwritingtipsv22dee680301d84111a4d411c31a500c07</uniquename>
  </customapi>
  <description>Write a brief, friendly message encouraging them to write a wellness Goal  that follows the S.M.A.R.T. criteria, which stands for Specific, Measurable, Achievable, Realistic, and Time-Bound. Your answer should be no more than four sentences. Provide examples of how the Goal  they’ve given can be imp</description>
  <isconsequential>0</isconsequential>
  <iscustomizable>1</iscustomizable>
  <msdyn_aimodel>
    <msdyn_aimodelid>2dee6803-01d8-4111-a4d4-11c31a500c07</msdyn_aimodelid>
  </msdyn_aimodel>
  <name>msdynaib_GoalWritingTipsV2</name>
  <statecode>0</statecode>
  <statuscode>1</statuscode>
</aipluginoperation>