<ImportExportXml version="9.2.24102.194" SolutionPackageVersion="9.2" languagecode="1033" generatedBy="CrmLive" xmlns:xsi="http://www.w3.org/2001/XMLSchema-instance" OrganizationVersion="9.2.24102.194" OrganizationSchemaType="Standard" CRMServerServiceabilityVersion="9.2.24112.00220">
  <SolutionManifest>
    <UniqueName>mpa_ITProjectCompliance</UniqueName>
    <LocalizedNames>
      <LocalizedName description="IT Project Compliance" languagecode="1033" />
    </LocalizedNames>
    <Descriptions />
    <Version>1.0.0.0</Version>
    <Managed>1</Managed>
    <Publisher>
      <UniqueName>PowerAccelerator</UniqueName>
      <LocalizedNames>
        <LocalizedName description="Microsoft Power Accelerator" languagecode="1033" />
      </LocalizedNames>
      <Descriptions>
        <Description description="Publisher for the Microsoft Power Accelerator team." languagecode="1033" />
      </Descriptions>
      <EMailAddress xsi:nil="true"></EMailAddress>
      <SupportingWebsiteUrl xsi:nil="true"></SupportingWebsiteUrl>
      <CustomizationPrefix>mpa</CustomizationPrefix>
      <CustomizationOptionValuePrefix>86542</CustomizationOptionValuePrefix>
      <Addresses>
        <Address>
          <AddressNumber>1</AddressNumber>
          <AddressTypeCode>1</AddressTypeCode>
          <City xsi:nil="true"></City>
          <County xsi:nil="true"></County>
          <Country xsi:nil="true"></Country>
          <Fax xsi:nil="true"></Fax>
          <FreightTermsCode xsi:nil="true"></FreightTermsCode>
          <ImportSequenceNumber xsi:nil="true"></ImportSequenceNumber>
          <Latitude xsi:nil="true"></Latitude>
          <Line1 xsi:nil="true"></Line1>
          <Line2 xsi:nil="true"></Line2>
          <Line3 xsi:nil="true"></Line3>
          <Longitude xsi:nil="true"></Longitude>
          <Name xsi:nil="true"></Name>
          <PostalCode xsi:nil="true"></PostalCode>
          <PostOfficeBox xsi:nil="true"></PostOfficeBox>
          <PrimaryContactName xsi:nil="true"></PrimaryContactName>
          <ShippingMethodCode>1</ShippingMethodCode>
          <StateOrProvince xsi:nil="true"></StateOrProvince>
          <Telephone1 xsi:nil="true"></Telephone1>
          <Telephone2 xsi:nil="true"></Telephone2>
          <Telephone3 xsi:nil="true"></Telephone3>
          <TimeZoneRuleVersionNumber xsi:nil="true"></TimeZoneRuleVersionNumber>
          <UPSZone xsi:nil="true"></UPSZone>
          <UTCOffset xsi:nil="true"></UTCOffset>
          <UTCConversionTimeZoneCode xsi:nil="true"></UTCConversionTimeZoneCode>
        </Address>
        <Address>
          <AddressNumber>2</AddressNumber>
          <AddressTypeCode>1</AddressTypeCode>
          <City xsi:nil="true"></City>
          <County xsi:nil="true"></County>
          <Country xsi:nil="true"></Country>
          <Fax xsi:nil="true"></Fax>
          <FreightTermsCode xsi:nil="true"></FreightTermsCode>
          <ImportSequenceNumber xsi:nil="true"></ImportSequenceNumber>
          <Latitude xsi:nil="true"></Latitude>
          <Line1 xsi:nil="true"></Line1>
          <Line2 xsi:nil="true"></Line2>
          <Line3 xsi:nil="true"></Line3>
          <Longitude xsi:nil="true"></Longitude>
          <Name xsi:nil="true"></Name>
          <PostalCode xsi:nil="true"></PostalCode>
          <PostOfficeBox xsi:nil="true"></PostOfficeBox>
          <PrimaryContactName xsi:nil="true"></PrimaryContactName>
          <ShippingMethodCode>1</ShippingMethodCode>
          <StateOrProvince xsi:nil="true"></StateOrProvince>
          <Telephone1 xsi:nil="true"></Telephone1>
          <Telephone2 xsi:nil="true"></Telephone2>
          <Telephone3 xsi:nil="true"></Telephone3>
          <TimeZoneRuleVersionNumber xsi:nil="true"></TimeZoneRuleVersionNumber>
          <UPSZone xsi:nil="true"></UPSZone>
          <UTCOffset xsi:nil="true"></UTCOffset>
          <UTCConversionTimeZoneCode xsi:nil="true"></UTCConversionTimeZoneCode>
        </Address>
      </Addresses>
    </Publisher>
    <RootComponents>
      <RootComponent type="1" schemaName="contact" behavior="2" />
      <RootComponent type="1" schemaName="mpa_projcomp_appresource" behavior="0" />
      <RootComponent type="1" schemaName="mpa_projcomp_appsetting" behavior="0" />
      <RootComponent type="1" schemaName="mpa_projcomp_department" behavior="0" />
      <RootComponent type="1" schemaName="mpa_projcomp_program" behavior="0" />
      <RootComponent type="1" schemaName="mpa_projcomp_project" behavior="0" />
      <RootComponent type="1" schemaName="mpa_projcomp_projectquestion" behavior="0" />
      <RootComponent type="1" schemaName="mpa_projcomp_projectresponse" behavior="0" />
      <RootComponent type="1" schemaName="mpa_projcomp_sensitivedatacategory" behavior="0" />
      <RootComponent type="1" schemaName="mpa_projcomp_sensitivedatausage" behavior="0" />
      <RootComponent type="1" schemaName="systemuser" behavior="2" />
      <RootComponent type="9" schemaName="mpa_linksections" behavior="0" />
      <RootComponent type="9" schemaName="mpa_questiontype" behavior="0" />
      <RootComponent type="9" schemaName="mpa_sensitivitylevel" behavior="0" />
      <RootComponent type="20" id="{5f6bb816-9082-ee11-8179-000d3a5a7a6b}" behavior="0" />
      <RootComponent type="20" id="{86f7bd89-8c82-ee11-8179-000d3a5a7a6b}" behavior="0" />
      <RootComponent type="20" id="{b90b75c0-9082-ee11-8179-000d3a5c4666}" behavior="0" />
      <RootComponent type="29" id="{4dd1707e-9382-ee11-8179-000d3a5c4666}" behavior="0" />
      <RootComponent type="61" schemaName="mpa_appresource" behavior="0" />
      <RootComponent type="61" schemaName="mpa_appsetting" behavior="0" />
      <RootComponent type="61" schemaName="mpa_app_resource_16x16" behavior="0" />
      <RootComponent type="61" schemaName="mpa_app_resource_32x32" behavior="0" />
      <RootComponent type="61" schemaName="mpa_app_settings_16x16" behavior="0" />
      <RootComponent type="61" schemaName="mpa_app_settings_32x32" behavior="0" />
      <RootComponent type="61" schemaName="mpa_department_16x16" behavior="0" />
      <RootComponent type="61" schemaName="mpa_department_32x32" behavior="0" />
      <RootComponent type="61" schemaName="mpa_program" behavior="0" />
      <RootComponent type="61" schemaName="mpa_program_32x32" behavior="0" />
      <RootComponent type="61" schemaName="mpa_project" behavior="0" />
      <RootComponent type="61" schemaName="mpa_projectquestion" behavior="0" />
      <RootComponent type="61" schemaName="mpa_projectresponses" behavior="0" />
      <RootComponent type="61" schemaName="mpa_project_16x16" behavior="0" />
      <RootComponent type="61" schemaName="mpa_project_32x32" behavior="0" />
      <RootComponent type="61" schemaName="mpa_project_question_16x16" behavior="0" />
      <RootComponent type="61" schemaName="mpa_project_question_32x32" behavior="0" />
      <RootComponent type="61" schemaName="mpa_project_response_16x16" behavior="0" />
      <RootComponent type="61" schemaName="mpa_project_response_32x32" behavior="0" />
      <RootComponent type="61" schemaName="mpa_sensitive_data_category_16x16" behavior="0" />
      <RootComponent type="61" schemaName="mpa_sensitive_data_category_32x32" behavior="0" />
      <RootComponent type="61" schemaName="mpa_sensitive_data_usage_16x16" behavior="0" />
      <RootComponent type="61" schemaName="mpa_sensitive_data_usage_32x32" behavior="0" />
      <RootComponent type="61" schemaName="mpa_servicedatacategory" behavior="0" />
      <RootComponent type="61" schemaName="mpa_servicedatausage" behavior="0" />
      <RootComponent type="62" schemaName="mpa_itprojectcomplianceadministrator" behavior="0" />
      <RootComponent type="80" schemaName="mpa_itprojectcomplianceadministrator" behavior="0" />
      <RootComponent type="300" schemaName="mpa_itprojectcompliance_15735" behavior="0" />
    </RootComponents>
    <MissingDependencies>
      <MissingDependency>
        <Required type="61" schemaName="msdyn_/Images/AppModule_Default_Icon.png" displayName="msdyn_/Images/AppModule_Default_Icon.png" solution="AppModuleWebResources (2.5)" />
        <Dependent type="80" schemaName="mpa_itprojectcomplianceadministrator" displayName="IT Project Compliance Administrator" />
      </MissingDependency>
      <MissingDependency>
        <Required type="connectionreference" displayName="mpa_sharedcommondataserviceforapps_240ae" solution="Active" id.connectionreferencelogicalname="mpa_sharedcommondataserviceforapps_240ae" />
        <Dependent type="29" displayName="Notify on Submit, Approve, or Request Updates" id="{4dd1707e-9382-ee11-8179-000d3a5c4666}" />
      </MissingDependency>
      <MissingDependency>
        <Required type="connectionreference" displayName="mpa_sharedoffice365_cb590" solution="Active" id.connectionreferencelogicalname="mpa_sharedoffice365_cb590" />
        <Dependent type="29" displayName="Notify on Submit, Approve, or Request Updates" id="{4dd1707e-9382-ee11-8179-000d3a5c4666}" />
      </MissingDependency>
      <MissingDependency>
        <Required type="SettingDefinition" displayName="AppChannel" solution="msdyn_AppFrameworkInfraExtensions (1.0.0.12)" id.uniquename="AppChannel">
          <package>PowerAppsAppFramework_Anchor (1.0.0.16)</package>
        </Required>
        <Dependent type="AppSetting" displayName="parentappmoduleid.uniquename=mpa_itprojectcomplianceadministrator,settingdefinitionid.uniquename=AppChannel" id.parentappmoduleid.uniquename="mpa_itprojectcomplianceadministrator" id.settingdefinitionid.uniquename="AppChannel" />
      </MissingDependency>
    </MissingDependencies>
  </SolutionManifest>
</ImportExportXml>