<botcomponent schemaname="mpa_LeaveManagement.topic.Function-GetAllLeaveCreditsOfUser">
  <componenttype>9</componenttype>
  <description>This topic serves as a function to get a specific user's leave credits according to leave type.</description>
  <iscustomizable>1</iscustomizable>
  <name>Function - Get All Leave Credits Of User</name>
  <parentbotid>
    <schemaname>mpa_LeaveManagement</schemaname>
  </parentbotid>
  <statecode>0</statecode>
  <statuscode>1</statuscode>
</botcomponent>