<?xml version="1.0" encoding="utf-8"?>
<PvsPackageData>
  <ProviderName>Microsoft</ProviderName>
  <PackageFile>package.zip</PackageFile>
  <SolutionAnchorName>mpa_KudosAccelerator_managed.zip</SolutionAnchorName>
  <StartDate>01/01/2019</StartDate>
  <EndDate>01/01/2050</EndDate>
  <SupportedCountries>US,CA</SupportedCountries>
  <LearnMoreLink>https://aka.ms/kudos-accelerator</LearnMoreLink>
  <Locales>
    <PackageLocale Code="1033" IsDefault="true">
      <Logo>logo32x32.png</Logo>
      <Terms>
        <PackageTerm File="TermsOfUse.html" />
      </Terms>
    </PackageLocale>
  </Locales>
</PvsPackageData>