{"__Version":"0.1","App":"a6e168ed-4b65-4e1a-8e36-6a6bf1f0f335","Test_7F478737223C4B69":"0cd4dcef-9e4c-406e-8d1e-f774ff842d02","Host":"18dc7e75-0c14-4f9e-8e98-2ddda1b935dc","cmpHeader":"48104883-cdcd-4685-9dbc-be9e4554d421","conHeader":"3a6562d0-08c2-44ca-a085-61c7667db499","conLeftHeader":"3949dace-af0b-4333-aec3-285c23ee8db0","icoBack":"a2c40898-4441-499e-be64-e284bff9562e","AppLogo":"c716caf1-7f3d-4211-8d9e-fa6da5936b57","conLeftHeaderRight":"ff53f9ad-7fc0-4f19-aedd-f67f3f6eb08a","conRightAligned_HeaderLN":"e10cdd41-263f-4d2f-b079-aea127c96499","icoShoppingCart":"beb0556a-2c1e-40ed-b77d-e5ecb95518e9","btnShoppingCart":"7666f576-64c8-42d9-b52d-8bffb1752e06","lblCountCart":"9035926e-4b9e-4a02-bc77-7c8a3a0c14a7","icoSettings":"ca4d5a44-a3eb-4c68-a6d6-b04abbec3427","icoHome":"688a10a4-4016-4294-8ead-b747a3cdbce0","My Requests Screen":"4b9358ba-d757-47d1-b225-22ef26d64331","cmpMyRequestHeader":"a99e1b7e-3a7b-4ede-9dd0-a31bc3b26d4f","conMyRequestsMain":"e4213e22-3b83-45a8-8981-6d20378191b9","conMyRequestsVertical":"bfaa9070-1471-4af8-808f-f4c43ceda8ff","conMyRequestsHeader":"7c30d86e-f5fd-4fcf-a558-95ac7084b883","lblMyRequestsHeader":"a8ff563f-8b31-4367-bbe1-6346cdb81381","conMyRequestsHeaderSubmittedBy":"7b6f2cb9-ffb5-41c5-9d18-384544a43127","lblMyRequestsHeaderSubmittedByName":"7d541b55-5514-4008-af5f-b8ddb3ef6c44","lblMyRequestsHeaderSubmittedByEmail":"c76281a4-f48b-450b-898d-f54ee60069a7","conMyRequestsTable":"6a2159bb-24e4-4cc4-af31-757d5c2c5b91","conMyRequestsTableHeader":"269ddbcd-1e82-4bde-8b91-c44622b8939e","lblMyRequestsTableHeaderName":"ba2fc12e-94ca-4a0a-91bb-870dba9efe59","lblMyRequestsTableHeaderApprover":"33b8d152-9db6-43db-a60f-f06d6dbb908b","lblMyRequestsTableHeaderStatus":"6dfa1a4d-08a5-46b7-85c4-0b57c6fb9507","lblMyRequestsTableHeaderStage":"d044824c-4563-423a-9b22-ae5bd56b63d2","lblMyRequestsTableHeaderRequested":"9805c71a-0534-405f-8da6-0126bcbe0e79","lblMyRequestsTableHeaderCompleted":"d2f32b3d-995d-400e-b834-be0c55b316c4","lblMyRequestsTableHeaderAction":"f0b5f676-aaad-4e7d-94e6-a49562f81020","galMyRequestList":"49d61185-d410-4c38-8238-b4c015d82a02","galleryTemplate2":"147d4ace-8833-413c-9f91-306caac63711","lblRequestListName":"d6b495ad-250b-4510-8115-d18b3f9d7d09","lblRequestListApprover":"1e599178-6260-4168-aa66-16b8a4dc8fa3","lblRequestListApproverStatus":"6d315fe0-98fe-4b63-8083-8d0ee2dbd541","lblRequestListApproverStage":"5d8ea595-5d6b-4b90-8135-1cf38a99ff8b","lblRequestListApproverRequestedOn":"69ac5a04-98dd-4d04-b8ad-5786bc6e6ae0","lblRequestListApproverCompletedOn":"5a9dfc9a-3668-4e34-bb48-f8d5b55da6d9","icoRequestListView":"b164f414-250b-4e52-b67b-2288a158539d","shpRequestListApprovalStatus":"a4a9e239-75e7-43f5-a128-613310f9cc06","shpListRequestDivider":"551625b8-ad7c-49da-a559-afa23bc93bb6","conMyRequestsTableFooter":"38288420-764c-46d6-9fed-dcd02683cc7f","btnCreateNewRequest_MyRequest":"c99d93b0-9694-4810-bb4a-9e8fe63f05d2","Request Details Screen":"bf03f940-aa34-43b4-9b0f-abaf4a4f5624","cmpRequestHeader":"6b03ed1c-981e-4368-9af9-dda7447ebe61","conRequestDetailsMain":"f78521b2-72ed-416d-b538-c71a95b65753","conRequestHeader":"5af6582b-9ede-4ef9-87a0-db57e6f4215c","conRequestFields":"8cbb3f70-cdf0-494e-90bb-ec3a87ae4b44","conRequestName":"a0568797-9168-4f73-8f6c-57a0833f7a9e","lblRequestName":"fbb2f6ac-437a-4254-b32c-5376b61a9f4e","txtRequestName":"d3884231-6653-4858-959c-e485b04e0e3a","conRequestDepartment":"023a70d7-4205-4e6b-ac73-8b28110871ea","lblRequestBusinessGroup":"aedf363f-90e0-443e-9cd7-77a3571577c4","cmbRequestBusinessGroup":"ba8db6ef-47c1-442d-966c-61a95df45488","conRequestedFor":"13342915-cc62-4496-be03-61375a4c0f70","lblRequestFor":"a312237d-79c0-43c0-aeea-22145a7f2b43","cmbRequestedFor":"774f0dd1-2ec4-4b32-9c24-89ee922ffc71","btnRequestAddMoreItems":"1eb0f490-bc40-4623-9df7-d5f895ca8b4c","conRequestHeaderSubmittedDetails":"d53cc90b-fdd4-4c67-ae8a-7d20293c778e","conRequestHeaderSubmittedDetailsRight":"61724b79-b501-45d0-b8fc-b0543a3e79cd","lblRequestStage_EditRequestList_4":"a7532133-4078-40b5-ad64-1521ac0126c3","lblRequestStage_EditRequestList_5":"8e3c3223-21d4-4bc6-823c-bb45d92a7a54","lblRequestStatus_EditRequestList_4":"f96fdad0-d4f4-4c47-9182-020303833363","lblRequestStatus_EditRequestList_5":"ff502faf-26ee-4ac8-854a-d294827184eb","shpColorStatus_MyRequest_3":"712afda8-c7fc-4482-9ea5-e2d668479a10","conRequestHeaderSubmittedDetailsLeft":"bca4949d-34a6-4258-a6fc-a8cee3984be6","lblRequestDate_EditRequestList_4":"3b753ff4-360f-45fc-b48f-e5f8232c9a25","lblRequestDate_EditRequestList_5":"04e98ca3-68fa-47f9-ac33-0d6403f291ec","lblRequestComplete_EditRequestList_4":"edc439e3-308f-4860-8e88-60e641915044","lblRequestApprover_EditRequestList_4":"77d5260c-05cc-44fb-b289-49ba30920163","lblRequestComplete_EditRequestList_5":"960f2da4-8aa9-459e-a179-27a3d4c8ad37","lblRequestApprover_EditRequestList_5":"74a6d0bb-f446-4bbe-ae87-eddc14a0dbe8","conRequestHeaderSubmittedDetailsComments":"49b7ea74-d8bb-42cd-85cf-3847cf6b9d10","lblComments_EditRequestList_2":"53cd5106-5103-41e1-a8a3-402d2353722a","txtRequestApprovalComments":"92f6f9da-8cd9-43a3-ad41-c4d651a29d41","conRequestTable":"65fd3fde-0d8b-44be-bc7e-4a6e0df9d9da","galRequestList":"9532217b-4837-4361-921a-54748a674269","galleryTemplate5_3":"e9e51af2-ad5b-4b05-9559-de6c2cf5bca1","imgRequest":"a57107ef-4a9d-4ad0-abc3-be5a454439bc","lblProductName":"bbd4251f-9f3a-4891-aecb-a51ab5227437","lblCategory":"870f1ecb-4623-4f78-951d-2e92948c2d97","lblPrice":"4945c7a1-1dbe-44f4-acaa-6309a0e1167d","lblQuantity":"9cd75a6d-b61a-474a-a6d8-f0a2f0e4e762","lblTotalPrice":"e175a9ca-5b53-4849-a4b2-636664a03818","btnRemove":"bc6bfad9-b62a-4dbd-9272-2a6dd274b9ef","btnSubtractQty":"feb14a2b-ca6a-4063-8b4f-11583bea1ae3","txtQty":"ddf18b1c-9a41-4f5b-a3d9-6ef1da032a20","btnAddtractQty":"aa24e0cc-9872-4f6e-bb93-7549f15dbbec","reqRequestSeperator":"9ade7af0-d467-4b7d-915e-d051781d0f4e","conRequestDetails":"13a64401-f6c9-4478-ad43-fd303d8874be","txtRequestAdditionalDetails":"e2319ef1-5fb4-4661-8d7a-e2ecc5032f46","lblRequestAdditionalDetails":"d9cf826d-af63-4a3b-92d3-84f6290c1709","lblRequestTotalPrice":"368829a9-7cff-4b3d-b610-cef07f9adc7b","lblRequestTotalPriceAmount":"ca96698e-9e65-49c0-b165-6a66e987d42b","btnRequestCancel":"aaac206a-8766-4e9a-95ad-f517ed3e6569","btnRequestDeleteRequest":"5f4edf58-f775-4584-99f9-b0230c849e61","btnRequestSubmit":"37bf99c2-eb71-4d88-908e-d116ecc658d4","btnRequestEdit":"18e7742e-24f2-48a5-bc86-d7f8b0e10058","conRequestMainTableHeader":"eb83b827-636c-4a5e-b6cb-e031131ee439","lblRequestMainTableHeaderUnit":"375757b1-baa9-428d-a4af-b37f6e00aad7","lblRequestMainTableHeaderCategory":"76d54a77-c49d-4558-8017-6496f6f2771b","lblRequestMainTableHeaderPrice":"b6f28d03-87b1-4b85-887b-c2cc02b89475","lblRequestMainTableHeaderQty":"72e65373-4a3a-4026-8b12-99fa9c21bb17","lblRequestMainTableHeaderTotalPrice":"97ae2088-aabf-495e-b9b1-051f774af3dd","conRequestEmptyCart":"bc6c6fdf-0440-45bb-bc76-f2d1f63290f7","lblRequestEmptyCart":"a6b81ddd-ecba-48bd-9810-2aad25bf2392","btnRequestEmptyCartCreateRequest":"bf3640df-ab5d-48b5-a3dd-34561cd70267","Home Screen":"0ac56a5b-a627-411f-9f7f-802137e92c5f","cmpHomeHeader":"00e258bb-e7af-4fb7-907c-5ecf7d2e1849","conHomeMain":"f037d19b-66b3-4067-b528-e6e6ab961b4b","conHomeMainHorizontal":"16aa906d-c1cf-4b7d-b04b-c6c2fa15e62e","lblHomeMainTitle":"aa18ea45-7ef3-4a46-8571-3d7536c99e10","lblHomeSubTitle":"6fe59ebf-20b3-40b0-aa6c-42600e9a8cdb","shpHomeSeperator":"036da295-f8c2-4c2d-8d45-f2533738c068","btnHomeCreateNewRequest":"e2d60105-bd52-4ff4-8541-4c9cf59cfeb1","btnHomeViewRequests":"a170084d-7651-47d5-be7b-2f5a24142935","btnViewDevices":"a625930b-5996-4ed5-b8a2-d49e4959123f","imgHomeDevice":"db9aa4f4-4e02-4280-9f3b-0cbe2aa05d42","Settings Screen":"45b2c92f-3e6f-4db7-a7eb-f2813dbfa314","cmpSettingsHeader":"23eb9cef-dbef-49b2-a72f-4fd72d2ae558","lblSettingsTitle":"91063ead-7f03-44d3-9a2f-78794c212040","conSettingsTheme":"f3102322-9b2c-4ef1-9133-fb82633dada1","conSettingsLightTheme":"6370c0bb-f932-46aa-9188-5b902ff5e76c","imgLightTheme":"e6ee2bb4-580f-4715-8724-112d346f03dc","lblLightTheme":"37ea0b1b-5412-4618-a6a8-0098f804c29b","conSettingsDarkTheme":"b7d98380-7dc0-40d2-83d1-ae2e9b374682","imgDarkTheme":"0bb3cf47-ef0a-4afe-a13e-4bb516551cfe","lblDarkTheme":"d8c7ece2-0f12-4879-82ec-62bf416da36a","conSettingsContrastTheme":"efe49af5-853d-4295-a900-23fe95ef4904","imgContrastTheme":"a88d4600-43f7-4edb-be73-5153ae8ffc64","lblContrastTheme":"b39aeac8-c1a5-47c5-a011-0c5004e85176","Success Screen":"36dec0d8-1adb-47e1-85f4-b2a280389870","cmpSuccessHeader":"2a3d1db8-b993-4b6b-a8b5-466a25c6d5ca","conStatusSuccess":"9ce4e4c4-7985-4fec-a9f1-8bfc207e75af","conStatusSuccessIcon":"e7a8b877-30ef-4830-a2fc-a1f627c3e920","shpStatusSuccess":"2c4e7618-ec9c-4bc7-893b-6489a085c7a2","icoStatusSuccess":"705a27c5-e86c-4465-b9b4-ad40f0fe135b","lblStatusSuccess":"b23677ce-3d47-4a5c-9aca-b79353436e5c","lblStatusSuccessMessage":"6275e588-3abb-47d0-bb9a-8b258377bc5a","btnStatusSuccess":"ee0278bd-95a9-4000-ab9f-2ded5a798848","Device Types Screen":"522b034e-87d2-494e-90b8-2fd9bc8bbcdc","cmpProductTypesHeader":"3a78734b-f46a-442a-8c99-2f82a8c730cd","conProductTypes":"db687327-642c-4302-9211-eb34a76c6d63","lblProductTypesNoItems":"fb318f73-734b-48fb-82f7-8f3c84c6ab6c","galProductTypes":"2cb4fbcd-09a5-483c-ae28-d28a4ba460dd","galleryTemplate5_8":"4ea790aa-3e01-40f8-bbc9-df641fb5a207","imgProductTypes":"20703f42-62e7-48a2-add8-74dc1f558eea","lblProductTypes":"04a987fb-e86e-4fda-a71e-b6e32df19979","btnProductTypes":"cd20a87f-dcaf-4cf0-b9e4-fe7a0cc9670c","conProductTypesMain":"3232af7b-4982-419f-b64c-4141e0fe0ab9","txtProductTypesSearch":"fce37c5c-dea0-485f-aa43-81f12de85aea","lblProductTypesTitle":"a8237c50-126c-47f9-bb4b-5d834afa29c3","Device List Screen":"f4faee80-192a-4272-9940-ee68c0d18cce","cmpProductListHeader":"4a924323-5d19-48b4-b487-8ab994f90808","lblProductListHeader":"02857b83-5e02-4068-ab34-897dcc2a3f2a","conProductListHeader":"0c589ebc-7d97-490c-b891-90e910fd1590","cmbProductListFilterBrand":"bdb45e91-ff1e-48de-8f83-7d61cb2c8ef2","cmbProductListFilterSubType":"a5272151-7d45-497c-86b4-e72400d66eb2","txtProductListSearch":"2be60769-faf1-48d8-bf1a-19ff0bc307ce","conProductList":"25220e54-1f5a-4583-8b6b-d173030f320b","galProductList":"14adcbfa-b7eb-4980-9827-d63fdc711ad1","galleryTemplate5_2":"8a6d595a-7ac4-4028-a7d2-c31b66e2d498","imgProductList":"339f66c2-4dec-4227-9517-415aef488733","lblProductListDetails":"67d4e2b4-4176-434e-a004-8400824bb12e","btnProductListDetails":"447b4bbd-92be-4c11-9646-ff561ac8801f","lblProductListPartNumber":"814d69c0-cd6e-448e-b237-f9d958f4df03","lblProductListManufacturer":"e0ddf600-d290-4dba-9483-63ecf048c853","btnProductListSubtractQuantity":"cdd41bc9-01f9-4910-a814-0e90c10e678f","txtProductListQuantity":"0d4f9b34-ccf5-46ac-b73f-be5564c3296a","btnProductListAddQuantity":"69f42543-2a1f-45b7-8e69-313c37072df2","lblProductListPrice":"837bace0-c06f-4f8b-b634-bc30bb0d374e","btnProductListAddToCart":"cd0b96a8-d973-494e-bfa1-d8436e705fb6","lblProductListNoItems":"55b22c44-e89b-494e-9a47-32fdd204c3ce","My Assets Screen":"a266fa7e-1208-4218-bddc-d3867eb9b8e1","cmpMyDevicesHeader":"be80a09b-c023-4957-95b8-5d96296fae6f","conMyDevicesMain":"b9014e8a-7574-42ec-a8fb-98ff8470f883","conMyDevicesHeader":"5d4275b2-3672-466c-a167-e2d0cff899a0","lblMyDevices":"a983bdaf-031a-4dc5-b5a1-382a7c796b24","conMyDevicesOwner":"3f7a66e7-3a86-4d64-a681-364d3ee1e431","lblMyDevicesOwnerName":"cb41d3f9-8475-4df7-b2c7-4465ae1db93c","conMyDevicesOwnerEmail":"a371a4e4-58c9-4ea2-a79a-584e8c1e2183","conMyAssetsTable":"325f11a3-e66c-4f3f-b479-cdcbabb5ac4e","conMyDevicesTableHeader":"e85354ae-6435-4046-af07-9acf703c36e3","lblMyRequestTableHeaderDevice":"c6423f92-44e0-40ef-bc43-443a9e44e7f2","lblMyRequestTableHeaderAssetNumber":"6b3773a0-65f3-4855-bf4b-9b5a53385c12","lblMyRequestTableHeaderManufacturer":"adfbe2a9-4ffd-43f9-b0b7-7ca0bdd0617f","lblMyRequestTableHeaderDeliveredOn":"958535b5-2085-4413-a2df-84de22c25f04","lblMyRequestTableHeaderRefreshEligibleOn":"8761839c-bc56-403f-bc16-1e4e209dda32","galMyAssets":"67df057b-e329-42f9-8b79-400749973e59","galleryTemplate5_6":"d8fcc42f-7e14-4f97-96ea-2687145804db","imgMyAsset":"931d739e-733f-42c7-af50-9b4b09fb1dcf","lblAssetProductName":"063bab38-3c3d-4646-b5b3-221d327c7bf1","lblAssetNumber":"fc5fc542-fc49-4983-a926-4585fc26023f","lblAssetManufacturer":"554e90cd-2320-47f6-b5a9-467e31a053bd","lblAssetDeliveredOn":"684d0667-03c1-4de6-aed1-7bc76d3f0f16","lblAssetRefreshEligibleDate":"8b4061d5-093b-4563-9f9b-d3b9d9819a76","shpMyAssetsSeperator":"d5a1bfb4-e52e-484a-9d21-56f33ef50291"}