<botcomponent schemaname="crce0_supplyChainCostReduction.component.Contract.docx_XF2">
  <componenttype>14</componenttype>
  <description>Corporate Governance and Internal Audit Reports</description>
  <filedata mimetype="application/vnd.openxmlformats-officedocument.wordprocessingml.document">Contract.docx</filedata>
  <iscustomizable>0</iscustomizable>
  <name>Corporate Governance and Internal Audit Reports</name>
  <parentbotid>
    <schemaname>crce0_supplyChainCostReduction</schemaname>
  </parentbotid>
</botcomponent>