<appaction uniquename="mpa__NewGroup!1b80cd710e21446687f4b113a6ef80ae!mpa_AssetManagmentTracker!mpa_hardwarerequest!0">
  <appmoduleid>
    <uniquename>mpa_AssetManagmentTracker</uniquename>
  </appmoduleid>
  <context>1</context>
  <contextentity>
    <logicalname>mpa_hardwarerequest</logicalname>
  </contextentity>
  <contextvalue>mpa_hardwarerequest</contextvalue>
  <grouptitle default="ApproveReject">
    <label description="ApproveReject" languagecode="1033" />
  </grouptitle>
  <hidden>0</hidden>
  <iscustomizable>1</iscustomizable>
  <isdisabled>0</isdisabled>
  <isgrouptitlehidden>1</isgrouptitlehidden>
  <location>0</location>
  <name>NewGroup!1b80cd710e21446687f4b113a6ef80ae</name>
  <onclickeventtype>0</onclickeventtype>
  <origin>0</origin>
  <parentappactionid>
    <uniquename>mpa__Approval!e932eed00ef64709b85649440b92812a!mpa_AssetManagmentTracker!mpa_hardwarerequest!0</uniquename>
  </parentappactionid>
  <sequence>10000.0000000000</sequence>
  <statecode>0</statecode>
  <statuscode>1</statuscode>
  <type>3</type>
</appaction>