﻿<?xml version="1.0" encoding="utf-8"?>
<ImportExportXml version="9.2.23123.240" SolutionPackageVersion="9.2" languagecode="1033" generatedBy="CrmLive" xmlns:xsi="http://www.w3.org/2001/XMLSchema-instance">
  <SolutionManifest>
    <UniqueName>mpa_HardwareRequestAndManagement</UniqueName>
    <LocalizedNames>
      <LocalizedName description="Hardware Request and Management" languagecode="1033" />
    </LocalizedNames>
    <Descriptions />
    <Version>1.0.0.21</Version>
    <Managed>0</Managed>
    <Publisher>
      <UniqueName>PowerAccelerator</UniqueName>
      <LocalizedNames>
        <LocalizedName description="Microsoft Power Accelerator" languagecode="1033" />
      </LocalizedNames>
      <Descriptions>
        <Description description="Publisher for the Microsoft Power Accelerator team." languagecode="1033" />
      </Descriptions>
      <EMailAddress xsi:nil="true"></EMailAddress>
      <SupportingWebsiteUrl xsi:nil="true"></SupportingWebsiteUrl>
      <CustomizationPrefix>mpa</CustomizationPrefix>
      <CustomizationOptionValuePrefix>86542</CustomizationOptionValuePrefix>
      <Addresses>
        <Address>
          <AddressNumber>1</AddressNumber>
          <AddressTypeCode>1</AddressTypeCode>
          <City xsi:nil="true"></City>
          <County xsi:nil="true"></County>
          <Country xsi:nil="true"></Country>
          <Fax xsi:nil="true"></Fax>
          <FreightTermsCode xsi:nil="true"></FreightTermsCode>
          <ImportSequenceNumber xsi:nil="true"></ImportSequenceNumber>
          <Latitude xsi:nil="true"></Latitude>
          <Line1 xsi:nil="true"></Line1>
          <Line2 xsi:nil="true"></Line2>
          <Line3 xsi:nil="true"></Line3>
          <Longitude xsi:nil="true"></Longitude>
          <Name xsi:nil="true"></Name>
          <PostalCode xsi:nil="true"></PostalCode>
          <PostOfficeBox xsi:nil="true"></PostOfficeBox>
          <PrimaryContactName xsi:nil="true"></PrimaryContactName>
          <ShippingMethodCode>1</ShippingMethodCode>
          <StateOrProvince xsi:nil="true"></StateOrProvince>
          <Telephone1 xsi:nil="true"></Telephone1>
          <Telephone2 xsi:nil="true"></Telephone2>
          <Telephone3 xsi:nil="true"></Telephone3>
          <TimeZoneRuleVersionNumber xsi:nil="true"></TimeZoneRuleVersionNumber>
          <UPSZone xsi:nil="true"></UPSZone>
          <UTCOffset xsi:nil="true"></UTCOffset>
          <UTCConversionTimeZoneCode xsi:nil="true"></UTCConversionTimeZoneCode>
        </Address>
        <Address>
          <AddressNumber>2</AddressNumber>
          <AddressTypeCode>1</AddressTypeCode>
          <City xsi:nil="true"></City>
          <County xsi:nil="true"></County>
          <Country xsi:nil="true"></Country>
          <Fax xsi:nil="true"></Fax>
          <FreightTermsCode xsi:nil="true"></FreightTermsCode>
          <ImportSequenceNumber xsi:nil="true"></ImportSequenceNumber>
          <Latitude xsi:nil="true"></Latitude>
          <Line1 xsi:nil="true"></Line1>
          <Line2 xsi:nil="true"></Line2>
          <Line3 xsi:nil="true"></Line3>
          <Longitude xsi:nil="true"></Longitude>
          <Name xsi:nil="true"></Name>
          <PostalCode xsi:nil="true"></PostalCode>
          <PostOfficeBox xsi:nil="true"></PostOfficeBox>
          <PrimaryContactName xsi:nil="true"></PrimaryContactName>
          <ShippingMethodCode>1</ShippingMethodCode>
          <StateOrProvince xsi:nil="true"></StateOrProvince>
          <Telephone1 xsi:nil="true"></Telephone1>
          <Telephone2 xsi:nil="true"></Telephone2>
          <Telephone3 xsi:nil="true"></Telephone3>
          <TimeZoneRuleVersionNumber xsi:nil="true"></TimeZoneRuleVersionNumber>
          <UPSZone xsi:nil="true"></UPSZone>
          <UTCOffset xsi:nil="true"></UTCOffset>
          <UTCConversionTimeZoneCode xsi:nil="true"></UTCConversionTimeZoneCode>
        </Address>
      </Addresses>
    </Publisher>
    <RootComponents>
      <RootComponent type="1" schemaName="mpa_asset" behavior="0" />
      <RootComponent type="1" schemaName="mpa_budget" behavior="0" />
      <RootComponent type="1" schemaName="mpa_businessgroup" behavior="0" />
      <RootComponent type="1" schemaName="mpa_hardwarerequest" behavior="0" />
      <RootComponent type="1" schemaName="mpa_hardwarerequestbpf" behavior="0" />
      <RootComponent type="1" schemaName="mpa_hardwarerequestitem" behavior="0" />
      <RootComponent type="1" schemaName="mpa_product" behavior="0" />
      <RootComponent type="1" schemaName="mpa_productsubtype" behavior="0" />
      <RootComponent type="1" schemaName="mpa_producttype" behavior="0" />
      <RootComponent type="1" schemaName="mpa_purchaseorder" behavior="0" />
      <RootComponent type="1" schemaName="systemuser" behavior="2" />
      <RootComponent type="1" schemaName="team" behavior="2" />
      <RootComponent type="20" id="{86946cf4-e43a-ee11-bdf4-002248081a55}" behavior="0" />
      <RootComponent type="20" id="{ff7aaae7-e33a-ee11-bdf4-002248081a55}" behavior="0" />
      <RootComponent type="29" id="{08c08546-726b-ee11-8df0-00224808117c}" behavior="0" />
      <RootComponent type="29" id="{1c16ffda-8869-ee11-9ae7-00224808117c}" behavior="0" />
      <RootComponent type="29" id="{38d89bc3-582c-ee11-bdf4-00224803a83a}" behavior="0" />
      <RootComponent type="29" id="{421a692b-e16a-ee11-8df0-002248081a55}" behavior="0" />
      <RootComponent type="29" id="{4c9306c5-7869-ee11-9ae7-00224808117c}" behavior="0" />
      <RootComponent type="29" id="{550ea4a6-016b-ee11-8df0-000d3a3050ad}" behavior="0" />
      <RootComponent type="29" id="{5b8bd571-6c69-ee11-9ae7-002248081a55}" behavior="0" />
      <RootComponent type="29" id="{5ba2b4ab-6769-ee11-9ae7-00224808117c}" behavior="0" />
      <RootComponent type="29" id="{6b062b62-d16e-ee11-8df0-002248081a55}" behavior="0" />
      <RootComponent type="29" id="{7b7ebd0f-c526-ee11-9967-00224805c33a}" behavior="0" />
      <RootComponent type="29" id="{80944ca7-c063-ee11-be6e-002248081a55}" behavior="0" />
      <RootComponent type="29" id="{8e31165c-4769-ee11-9ae7-00224808117c}" behavior="0" />
      <RootComponent type="29" id="{9023a76a-0a5f-ee11-be6f-002248081a55}" behavior="0" />
      <RootComponent type="29" id="{9beb7c67-ba67-ee11-9ae7-002248081a55}" behavior="0" />
      <RootComponent type="29" id="{acaf0e9a-6069-ee11-9ae7-00224808117c}" behavior="0" />
      <RootComponent type="29" id="{b309f172-f56a-ee11-8df0-000d3a3050ad}" behavior="0" />
      <RootComponent type="29" id="{bb0210da-326d-ee11-8df0-00224808117c}" behavior="0" />
      <RootComponent type="29" id="{f8b85e82-8769-ee11-9ae7-00224808117c}" behavior="0" />
      <RootComponent type="300" schemaName="mpa_hardwarerequest_d59c6" behavior="0" />
      <RootComponent type="300" schemaName="mpa_HardwareRequestAdministrator_DefaultCommandLibrary" behavior="0" />
      <RootComponent type="60" id="{0c765618-fd6c-ee11-8df0-00224808117c}" behavior="0" />
      <RootComponent type="60" id="{4fc04e43-ac6c-ee11-8df0-002248081a55}" behavior="0" />
      <RootComponent type="61" schemaName="mpa_asseticon" behavior="0" />
      <RootComponent type="61" schemaName="mpa_budgeticon" behavior="0" />
      <RootComponent type="61" schemaName="mpa_BusinessGroupIcon" behavior="0" />
      <RootComponent type="61" schemaName="mpa_hardwarerequesticon" behavior="0" />
      <RootComponent type="61" schemaName="mpa_hardwarerequestitemicon" behavior="0" />
      <RootComponent type="61" schemaName="mpa_HWRequestandAssetManagementLogo" behavior="0" />
      <RootComponent type="61" schemaName="mpa_producticon" behavior="0" />
      <RootComponent type="61" schemaName="mpa_productsubtypeicon" behavior="0" />
      <RootComponent type="61" schemaName="mpa_producttypeicon" behavior="0" />
      <RootComponent type="61" schemaName="mpa_purchaseordericon" behavior="0" />
      <RootComponent type="62" schemaName="mpa_AssetManagmentTracker" behavior="0" />
      <RootComponent type="80" schemaName="mpa_AssetManagmentTracker" behavior="0" />
      <RootComponent type="9" schemaName="processstage_category" behavior="0" />
    </RootComponents>
    <MissingDependencies>
      <MissingDependency>
        <Required type="1" schemaName="mpa_iterror" displayName="IT Error" solution="ITBase (1.0.0.12)" />
        <Dependent type="29" displayName="Notify Asset Refresh Eligible" id="{08c08546-726b-ee11-8df0-00224808117c}" />
      </MissingDependency>
      <MissingDependency>
        <Required type="1" schemaName="mpa_iterror" displayName="IT Error" solution="ITBase (1.0.0.12)" />
        <Dependent type="29" displayName="Notify Deliver Complete" id="{1c16ffda-8869-ee11-9ae7-00224808117c}" />
      </MissingDependency>
      <MissingDependency>
        <Required type="1" schemaName="mpa_iterror" displayName="IT Error" solution="ITBase (1.0.0.12)" />
        <Dependent type="29" displayName="Notify Purchase Complete" id="{4c9306c5-7869-ee11-9ae7-00224808117c}" />
      </MissingDependency>
      <MissingDependency>
        <Required type="1" schemaName="mpa_iterror" displayName="IT Error" solution="ITBase (1.0.0.12)" />
        <Dependent type="29" displayName="Set Assets As Delivered With Refresh Date" id="{550ea4a6-016b-ee11-8df0-000d3a3050ad}" />
      </MissingDependency>
      <MissingDependency>
        <Required type="1" schemaName="mpa_iterror" displayName="IT Error" solution="ITBase (1.0.0.12)" />
        <Dependent type="29" displayName="Notify Review Complete" id="{5b8bd571-6c69-ee11-9ae7-002248081a55}" />
      </MissingDependency>
      <MissingDependency>
        <Required type="1" schemaName="mpa_iterror" displayName="IT Error" solution="ITBase (1.0.0.12)" />
        <Dependent type="29" displayName="Notify Received Complete" id="{5ba2b4ab-6769-ee11-9ae7-00224808117c}" />
      </MissingDependency>
      <MissingDependency>
        <Required type="1" schemaName="mpa_iterror" displayName="IT Error" solution="ITBase (1.0.0.12)" />
        <Dependent type="29" displayName="New Hardware Request Submitted For Approval" id="{8e31165c-4769-ee11-9ae7-00224808117c}" />
      </MissingDependency>
      <MissingDependency>
        <Required type="1" schemaName="mpa_iterror" displayName="IT Error" solution="ITBase (1.0.0.12)" />
        <Dependent type="29" displayName="Share Request When Submitted By Changes" id="{9beb7c67-ba67-ee11-9ae7-002248081a55}" />
      </MissingDependency>
      <MissingDependency>
        <Required type="1" schemaName="mpa_iterror" displayName="IT Error" solution="ITBase (1.0.0.12)" />
        <Dependent type="29" displayName="Wait for Approval Response" id="{acaf0e9a-6069-ee11-9ae7-00224808117c}" />
      </MissingDependency>
      <MissingDependency>
        <Required type="1" schemaName="mpa_iterror" displayName="IT Error" solution="ITBase (1.0.0.12)" />
        <Dependent type="29" displayName="Create Initial Assets From Request" id="{b309f172-f56a-ee11-8df0-000d3a3050ad}" />
      </MissingDependency>
      <MissingDependency>
        <Required type="1" schemaName="mpa_iterror" displayName="IT Error" solution="ITBase (1.0.0.12)" />
        <Dependent type="29" displayName="Notify Request Complete" id="{f8b85e82-8769-ee11-9ae7-00224808117c}" />
      </MissingDependency>
      <MissingDependency>
        <Required type="1" schemaName="mpa_iterror" displayName="IT Error" solution="ITBase (1.0.0.12)" />
        <Dependent type="300" schemaName="mpa_hardwarerequest_d59c6" displayName="Hardware Request" />
      </MissingDependency>
      <MissingDependency>
        <Required type="1" schemaName="mpa_iterror" displayName="IT Error" solution="ITBase (1.0.0.12)" />
        <Dependent type="62" schemaName="mpa_AssetManagmentTracker" />
      </MissingDependency>
      <MissingDependency>
        <Required type="1" schemaName="mpa_iterror" displayName="IT Error" solution="ITBase (1.0.0.12)" />
        <Dependent type="80" schemaName="mpa_AssetManagmentTracker" displayName="Hardware Request and Management" />
      </MissingDependency>
      <MissingDependency>
        <Required type="1" schemaName="mpa_itlocalization" displayName="IT Localization" solution="ITBase (1.0.0.12)" />
        <Dependent type="300" schemaName="mpa_hardwarerequest_d59c6" displayName="Hardware Request" />
      </MissingDependency>
      <MissingDependency>
        <Required type="1" schemaName="mpa_itlocalization" displayName="IT Localization" solution="ITBase (1.0.0.12)" />
        <Dependent type="62" schemaName="mpa_AssetManagmentTracker" />
      </MissingDependency>
      <MissingDependency>
        <Required type="1" schemaName="mpa_itlocalization" displayName="IT Localization" solution="ITBase (1.0.0.12)" />
        <Dependent type="80" schemaName="mpa_AssetManagmentTracker" displayName="Hardware Request and Management" />
      </MissingDependency>
      <MissingDependency>
        <Required type="2" schemaName="membershiptype" displayName="Membership Type" parentSchemaName="team" parentDisplayName="Team" solution="AuthorizationCore (1.105.0.0)" />
        <Dependent type="60" displayName="Approval Team" parentDisplayName="Team" id="{9ae397fb-906c-ee11-8df0-000d3a3050ad}" />
      </MissingDependency>
      <MissingDependency>
        <Required type="20" displayName="Power BI workspace viewer" solution="msft_PowerBI (1.0.0.80)" id="{a02e0e38-20c1-4046-becb-a5a48190fd6b}" />
        <Dependent type="80" schemaName="mpa_AssetManagmentTracker" displayName="Hardware Request and Management" />
      </MissingDependency>
      <MissingDependency>
        <Required type="20" displayName="Approvals User" solution="msdyn_FlowApprovalsCore (2.0.4.8)" id="{b9b08637-acf6-e711-a95a-000d3a11f5ee}">
          <package>msdyn_FlowApprovals (2.0.4.8)</package>
        </Required>
        <Dependent type="80" schemaName="mpa_AssetManagmentTracker" displayName="Hardware Request and Management" />
      </MissingDependency>
      <MissingDependency>
        <Required type="20" displayName="Cards Basic Role" solution="msft_PowerAppsCards (1.0.0.12)" id="{bdf1780b-2867-4c3e-8957-dce785eac543}" />
        <Dependent type="80" schemaName="mpa_AssetManagmentTracker" displayName="Hardware Request and Management" />
      </MissingDependency>
      <MissingDependency>
        <Required type="20" displayName="IT Base User" solution="ITBase (1.0.0.12)" id="{c93fb7a1-7c69-ee11-9ae7-0022480814aa}" />
        <Dependent type="80" schemaName="mpa_AssetManagmentTracker" displayName="Hardware Request and Management" />
      </MissingDependency>
      <MissingDependency>
        <Required type="SettingDefinition" displayName="FluentThemingPreview" solution="msdyn_PowerAppsThemingSettings (1.0.0.11)" id.uniquename="FluentThemingPreview" />
        <Dependent type="AppSetting" displayName="parentappmoduleid.uniquename=mpa_AssetManagmentTracker,settingdefinitionid.uniquename=FluentThemingPreview" id.parentappmoduleid.uniquename="mpa_AssetManagmentTracker" id.settingdefinitionid.uniquename="FluentThemingPreview" />
      </MissingDependency>
    </MissingDependencies>
  </SolutionManifest>
</ImportExportXml>