<powerpagecomponent powerpagecomponentid="772d6527-5aec-4165-93c3-40f8837eb11c">
  <content>{"display_name":"Page Modified On Prefix","type":756150000,"value":"This page was last updated"}</content>
  <iscustomizable>1</iscustomizable>
  <name>Page Modified On Prefix</name>
  <powerpagecomponenttype>7</powerpagecomponenttype>
  <powerpagesiteid>
    <powerpagesiteid>99af4f03-6a66-4c36-963b-164265f26ce8</powerpagesiteid>
  </powerpagesiteid>
  <powerpagesitelanguageid>
    <powerpagesitelanguageid>732bd198-dcfc-406a-8b9e-0375589318f3</powerpagesitelanguageid>
  </powerpagesitelanguageid>
  <statecode>0</statecode>
  <statuscode>1</statuscode>
</powerpagecomponent>