<powerpagecomponent powerpagecomponentid="0c7db6b5-7fe2-461d-b884-eed3402c1113">
  <content>{"display_name":"Account/Signin/Terms And Conditions Agreement Text","type":756150000,"value":"I agree to these terms and conditions."}</content>
  <iscustomizable>1</iscustomizable>
  <name>Account/Signin/TermsAndConditionsAgreementText</name>
  <powerpagecomponenttype>7</powerpagecomponenttype>
  <powerpagesiteid>
    <powerpagesiteid>99af4f03-6a66-4c36-963b-164265f26ce8</powerpagesiteid>
  </powerpagesiteid>
  <powerpagesitelanguageid>
    <powerpagesitelanguageid>732bd198-dcfc-406a-8b9e-0375589318f3</powerpagesitelanguageid>
  </powerpagesitelanguageid>
  <statecode>0</statecode>
  <statuscode>1</statuscode>
</powerpagecomponent>