<powerpagecomponent powerpagecomponentid="1f283980-15da-ee11-904d-000d3a33d34f">
  <content>{"value":"&lt;!-- Modal For Edit Email --&gt;\r\n&lt;div class=\"modal fade\" id=\"editModal\" tabindex=\"-1\" aria-labelledby=\"exampleModalLabel\" aria-hidden=\"true\"&gt;\r\n    &lt;div class=\"modal-dialog modal-lg\"&gt;\r\n        &lt;div class=\"modal-content\"&gt;\r\n            &lt;div class=\"modal-header\"&gt;\r\n                &lt;h4 class=\"modal-title\" id=\"exampleModalLabel\"&gt;Edit Email Details&lt;/h4&gt;\r\n                &lt;button type=\"button\" class=\"btn-close\" data-bs-dismiss=\"modal\" aria-label=\"Close\"&gt;&lt;/button&gt;\r\n            &lt;/div&gt;\r\n            &lt;div class=\"modal-body\"&gt;\r\n                &lt;form role=\"form\"&gt;\r\n                    &lt;div class=\"form-group\"&gt;\r\n                        &lt;label for=\"editEmail\"&gt;Email address&lt;/label&gt;\r\n                        &lt;input type=\"email\" class=\"form-control\" id=\"editEmail\" placeholder=\"Enter email\" /&gt;\r\n                    &lt;/div&gt;\r\n                    &lt;div class=\"form-group\"&gt;\r\n                        &lt;label for=\"editDefault\"&gt;Default&lt;/label&gt;\r\n                        &lt;select class=\"form-control\" id=\"editDefault\"&gt;\r\n                            &lt;option value=\"true\"&gt;True&lt;/option&gt;\r\n                            &lt;option value=\"false\"&gt;False&lt;/option&gt;\r\n                        &lt;/select&gt;\r\n                    &lt;/div&gt;\r\n                    &lt;div class=\"form-group\"&gt;\r\n                        &lt;input type=\"hidden\" class=\"form-control\" id=\"emailRowIndex\" /&gt;\r\n                    &lt;/div&gt;\r\n                    &lt;div class=\"form-group\"&gt;\r\n                        &lt;input type=\"hidden\" class=\"form-control\" id=\"editEmailID\" /&gt;\r\n                    &lt;/div&gt;\r\n                &lt;/form&gt;\r\n            &lt;/div&gt;\r\n            &lt;div class=\"modal-footer\"&gt;\r\n                &lt;button type=\"button\" class=\"btn btn-secondary\" data-bs-dismiss=\"modal\"&gt;Close&lt;/button&gt;\r\n                &lt;button type=\"button\" class=\"btn btn-primary\" id=\"saveChanges\"&gt;Save changes&lt;/button&gt;\r\n            &lt;/div&gt;\r\n        &lt;/div&gt;\r\n    &lt;/div&gt;\r\n&lt;/div&gt;","display_name":"EditEmailModal","type":756150001}</content>
  <iscustomizable>1</iscustomizable>
  <name>EditEmailModal</name>
  <powerpagecomponenttype>7</powerpagecomponenttype>
  <powerpagesiteid>
    <powerpagesiteid>99af4f03-6a66-4c36-963b-164265f26ce8</powerpagesiteid>
  </powerpagesiteid>
  <powerpagesitelanguageid>
    <powerpagesitelanguageid>732bd198-dcfc-406a-8b9e-0375589318f3</powerpagesitelanguageid>
  </powerpagesitelanguageid>
  <statecode>0</statecode>
  <statuscode>1</statuscode>
</powerpagecomponent>