<customapi uniquename="msdyn_aibdptgoalwritingtipsv22dee680301d84111a4d411c31a500c07">
  <allowedcustomprocessingsteptype>0</allowedcustomprocessingsteptype>
  <bindingtype>0</bindingtype>
  <description default="Write a brief, friendly message encouraging them to write a wellness Goal  that follows the S.M.A.R.T. criteria, which stands for Specific, Measurable, Achievable, Realistic, and Time-Bound. Your answer should be no more than four sentences. Provide examples of how the Goal  they’ve given can be imp">
    <label description="Write a brief, friendly message encouraging them to write a wellness Goal  that follows the S.M.A.R.T. criteria, which stands for Specific, Measurable, Achievable, Realistic, and Time-Bound. Your answer should be no more than four sentences. Provide examples of how the Goal  they’ve given can be imp" languagecode="1033" />
  </description>
  <displayname default="Goal Writing Tips (V2)">
    <label description="Goal Writing Tips (V2)" languagecode="1033" />
  </displayname>
  <iscustomizable>1</iscustomizable>
  <isfunction>0</isfunction>
  <isprivate>0</isprivate>
  <name>GoalWritingTipsV2</name>
  <plugintypeid>
    <plugintypeexportkey>727e8789-bd29-46fa-b00a-3a49605eeb06</plugintypeexportkey>
  </plugintypeid>
  <workflowsdkstepenabled>0</workflowsdkstepenabled>
</customapi>