<powerpagecomponent powerpagecomponentid="3c7b6254-7e47-4593-bcee-9bedf30c7f59">
  <content>{"display_name":"Account/Confirm Email Request/Page Copy","type":756150000}</content>
  <iscustomizable>1</iscustomizable>
  <name>Account/ConfirmEmailRequest/PageCopy</name>
  <powerpagecomponenttype>7</powerpagecomponenttype>
  <powerpagesiteid>
    <powerpagesiteid>99af4f03-6a66-4c36-963b-164265f26ce8</powerpagesiteid>
  </powerpagesiteid>
  <powerpagesitelanguageid>
    <powerpagesitelanguageid>732bd198-dcfc-406a-8b9e-0375589318f3</powerpagesitelanguageid>
  </powerpagesitelanguageid>
  <statecode>0</statecode>
  <statuscode>1</statuscode>
</powerpagecomponent>