<powerpagecomponent powerpagecomponentid="a937724d-6cca-4684-83a8-d1bad49f1ba3">
  <content>{"display_name":"Home/Heading","type":756150000,"value":"&lt;div&gt;Sample Data&lt;/div&gt;"}</content>
  <iscustomizable>1</iscustomizable>
  <name>Home/Heading</name>
  <powerpagecomponenttype>7</powerpagecomponenttype>
  <powerpagesiteid>
    <powerpagesiteid>99af4f03-6a66-4c36-963b-164265f26ce8</powerpagesiteid>
  </powerpagesiteid>
  <powerpagesitelanguageid>
    <powerpagesitelanguageid>732bd198-dcfc-406a-8b9e-0375589318f3</powerpagesitelanguageid>
  </powerpagesitelanguageid>
  <statecode>0</statecode>
  <statuscode>1</statuscode>
</powerpagecomponent>