<powerpagecomponent powerpagecomponentid="56d9c4ce-0eb4-4e11-ba20-c22070d721b4">
  <content>{"display_name":"Profile/MarketingPref","type":756150000,"value":"How may we contact you? Select all that apply"}</content>
  <iscustomizable>1</iscustomizable>
  <name>Profile/MarketingPref</name>
  <powerpagecomponenttype>7</powerpagecomponenttype>
  <powerpagesiteid>
    <powerpagesiteid>99af4f03-6a66-4c36-963b-164265f26ce8</powerpagesiteid>
  </powerpagesiteid>
  <powerpagesitelanguageid>
    <powerpagesitelanguageid>732bd198-dcfc-406a-8b9e-0375589318f3</powerpagesitelanguageid>
  </powerpagesitelanguageid>
  <statecode>0</statecode>
  <statuscode>1</statuscode>
</powerpagecomponent>