<powerpagecomponent powerpagecomponentid="9d8e2883-092c-4488-b2f0-f51fa9cd3daa">
  <content>{"source":"&lt;!-- Power virtual agents web template V2.0 --&gt;\r\n{% assign botconsumer = entities.adx_botconsumer[bot_consumer_id] %}\r\n{% assign env = environment %}\r\n{% assign languageCode = website.selected_language.code %}\r\n{% assign botConfig = botconsumer.adx_configjson %}\r\n&lt;div class='pva-floating-style'&gt;\r\n  &lt;div name='webChat'&gt;&lt;/div&gt;\r\n  &lt;script type='text/javascript' id='pvaChatInlineScript'&gt;\r\n    var script = document.createElement('script');\r\n    script.onload = function() {\r\n        var botConfig = {{botConfig}};\r\n\r\n        // Learn more about advanced configuration: https://go.microsoft.com/fwlink/?linkid=2147420\r\n        const webChatHeaderStyleOptions = botConfig?.webChatHeaderStyleOptions;\r\n        const webChatCanvasStyleOptions = botConfig?.webChatCanvasStyleOptions;\r\n        const webChatWidgetStyleOptions = botConfig?.webChatWidgetStyleOptions;\r\n        const botTitle = botConfig?.headerText;\r\n        let chatWidth = \"320px\";\r\n        let chatHeight =  \"480px\";\r\n        window.PvaEmbeddedWebChat.renderWebChat(\r\n        {\r\n            \"container\": document.getElementsByName('webChat')[0],\r\n            \"botSchemaName\": \"{{ botconsumer.adx_botschemaname }}\",\r\n            \"environmentId\": \"{{ env.Id }}\",\r\n            \"width\": chatWidth,\r\n            \"height\": chatHeight,\r\n            \"client\": \"msportals\", // client and version is needed for the ease of future breaking changes\r\n            \"version\": \"v1\",\r\n            \"headerText\": botTitle,\r\n            \"webChatCanvasStyleOptions\": webChatCanvasStyleOptions,\r\n            \"webChatHeaderStyleOptions\": webChatHeaderStyleOptions,\r\n            \"webChatWidgetStyleOptions\": webChatWidgetStyleOptions,\r\n            \"accessibilityLanguage\": \"{{languageCode}}\"\r\n        });\r\n    }\r\n    script.src = \"https://embed.powerva.microsoft.com/webchat/embedded.js?client=msportals&amp;version=v1\";\r\n    document.getElementsByTagName('head')[0].appendChild(script);\r\n  &lt;/script&gt;\r\n&lt;/div&gt;"}</content>
  <iscustomizable>1</iscustomizable>
  <name>Power Virtual Agents</name>
  <powerpagecomponenttype>8</powerpagecomponenttype>
  <powerpagesiteid>
    <powerpagesiteid>99af4f03-6a66-4c36-963b-164265f26ce8</powerpagesiteid>
  </powerpagesiteid>
  <statecode>0</statecode>
  <statuscode>1</statuscode>
</powerpagecomponent>