<botcomponent_connectionreferenceset>
  <botcomponent_connectionreference botcomponentid.schemaname="mpa_LeaveManagement.topic.Function-GetAllLeaveCreditsOfUser" connectionreferenceid.connectionreferencelogicalname="mpa_LeaveManagementDataverse">
    <iscustomizable>1</iscustomizable>
  </botcomponent_connectionreference>
  <botcomponent_connectionreference botcomponentid.schemaname="mpa_LeaveManagement.topic.Function-GetAllLeaveRequestsByUser" connectionreferenceid.connectionreferencelogicalname="mpa_LeaveManagementDataverse">
    <iscustomizable>1</iscustomizable>
  </botcomponent_connectionreference>
  <botcomponent_connectionreference botcomponentid.schemaname="mpa_LeaveManagement.topic.Function-GetAllLeaveRequestsofManager" connectionreferenceid.connectionreferencelogicalname="mpa_LeaveManagementDataverse">
    <iscustomizable>1</iscustomizable>
  </botcomponent_connectionreference>
  <botcomponent_connectionreference botcomponentid.schemaname="mpa_LeaveManagement.topic.Function-GetDirectReports" connectionreferenceid.connectionreferencelogicalname="mpa_LeaveManagementO365Users">
    <iscustomizable>1</iscustomizable>
  </botcomponent_connectionreference>
  <botcomponent_connectionreference botcomponentid.schemaname="mpa_LeaveManagement.topic.Function-GetHolidays" connectionreferenceid.connectionreferencelogicalname="mpa_LeaveManagementDataverse">
    <iscustomizable>1</iscustomizable>
  </botcomponent_connectionreference>
  <botcomponent_connectionreference botcomponentid.schemaname="mpa_LeaveManagement.topic.Function-GetLeaveRequestbyId" connectionreferenceid.connectionreferencelogicalname="mpa_LeaveManagementDataverse">
    <iscustomizable>1</iscustomizable>
  </botcomponent_connectionreference>
  <botcomponent_connectionreference botcomponentid.schemaname="mpa_LeaveManagement.topic.Function-GetManagerOfUser" connectionreferenceid.connectionreferencelogicalname="mpa_LeaveManagementO365Users">
    <iscustomizable>1</iscustomizable>
  </botcomponent_connectionreference>
  <botcomponent_connectionreference botcomponentid.schemaname="mpa_LeaveManagement.topic.Function-GetProfileOfUser" connectionreferenceid.connectionreferencelogicalname="mpa_LeaveManagementDataverse">
    <iscustomizable>1</iscustomizable>
  </botcomponent_connectionreference>
</botcomponent_connectionreferenceset>