<botcomponent_workflowset>
  <botcomponent_workflow botcomponentid.schemaname="mpa_LeaveManagement.topic.ApproveRejectViewLeaveRequests" workflowid.workflowid="b5c91074-c727-ef11-840a-7c1e520251fa">
    <iscustomizable>1</iscustomizable>
  </botcomponent_workflow>
  <botcomponent_workflow botcomponentid.schemaname="mpa_LeaveManagement.topic.Function-AddLeaveRequest" workflowid.workflowid="b5c91074-c727-ef11-840a-7c1e520251fa">
    <iscustomizable>1</iscustomizable>
  </botcomponent_workflow>
  <botcomponent_workflow botcomponentid.schemaname="mpa_LeaveManagement.topic.Function-UpdateorCancelLeaveRequest" workflowid.workflowid="b5c91074-c727-ef11-840a-7c1e520251fa">
    <iscustomizable>1</iscustomizable>
  </botcomponent_workflow>
</botcomponent_workflowset>