<powerpagecomponent powerpagecomponentid="4b71b159-8e9c-233d-8183-efad87210bd6">
  <content>{
  "filecontent": null,
  "displayorder": null,
  "customcss": "",
  "customjavascript": "",
  "pagetemplateid": "5303c14c-7ff4-494a-a44b-a19a62c9889a",
  "parentpageid": "94db5e36-8ed1-4567-baae-1b38a4b71d4c",
  "partialurl": "FAQ",
  "isroot": false,
  "rootwebpageid": "70671ee5-cea9-b0f5-013e-1a02ba63ed3b",
  "title": "FAQ",
  "summary": "&lt;p&gt;This is a sample landing page designed to be a starting point for your website&lt;/p&gt;",
  "copy": "&lt;div data-component-theme=\"portalThemeColor\" id=\"ibfo3\" class=\"row sectionBlockLayout text-left\" style=\"display: flex; flex-wrap: wrap; margin: 0px; min-height: auto; padding: 8px;\"&gt;\n  &lt;div id=\"ilyki\" class=\"container\" style=\"padding: 0px; display: flex; flex-wrap: wrap;\"&gt;\n    &lt;div id=\"i10o3n\" class=\"col-md-12 columnBlockLayout\" style=\"word-break: break-word; flex-grow: 1; display: flex; flex-direction: column; min-width: 300px;\"&gt;\n      &lt;h2&gt;Frequently Asked Questions&lt;/h2&gt;\n      &lt;h4&gt;How can I manage my site profile on the portal?&lt;/h4&gt;\n      &lt;p id=\"ir9ezx\"&gt;Log in to your secure account using your credentials and choose the “Manage profile” option to see or update your profile information. To add or update profile information, select a field and edit your contact details, address, and any other pertinent details. This is also where you change your password to maintain account security and privacy. &amp;nbsp;&lt;/p&gt;\n      &lt;h4&gt;How do I view my orders?&lt;/h4&gt;\n      &lt;p id=\"i2yctt\"&gt;To conveniently access and manage your orders, simply log in to your secure account and navigate to the dedicated orders section. Within this user-friendly interface, you will discover an extensive list of all your previous orders, meticulously organized to provide you with comprehensive insights into their current status and intricate details.&lt;/p&gt;\n      &lt;h4&gt;How can I raise invoices?&lt;/h4&gt;\n      &lt;p id=\"ij4xzh\"&gt;To access and manage your orders, log in to your secure account and choose “Manage invoices”. You can create new invoices, customize individual line items, and send the invoices out. With this intuitive feature at your fingertips, managing your billing cycle has never been easier.&amp;nbsp;&lt;/p&gt;\n      &lt;h4 id=\"ixo3st\"&gt;How do I get payments for my invoices?&lt;/h4&gt;\n      &lt;p id=\"iwp8l7\"&gt;To ensure a seamless payment experience, it’s essential to configure your payment settings and specify your preferred payment methods. Once a payment is made, it will be securely deposited into your designated account, providing you with the peace of mind you deserve. &amp;nbsp;&lt;/p&gt;\n      &lt;p id=\"ifn7t9\"&gt;​&lt;b&gt;What are our Payment Terms?&lt;/b&gt;&lt;/p&gt;\n      &lt;p id=\"ichukg\"&gt;Contoso Payment Terms:&lt;br&gt;&lt;br&gt;At Contoso, we understand the importance of timely payments to our suppliers. We have implemented a streamlined payment process to ensure that our suppliers receive their invoices in a prompt and efficient manner.&lt;br&gt;&lt;br&gt;Our payment terms:&lt;br&gt;&lt;br&gt;1. Invoice Submission: Suppliers are required to submit their invoices electronically through our designated portal. This helps us maintain accurate records and speeds up the payment process.&lt;br&gt;&lt;br&gt;2.Invoice Validation: Upon receipt of the invoice, our dedicated team will review and validate the details provided. This includes verifying the accuracy of the invoice, ensuring compliance with contractual terms, and confirming the goods or services delivered. &lt;br&gt;&lt;br&gt;3. Payment Schedule: Contoso follows a regular payment schedule to ensure consistency and predictability for our suppliers. Payments are typically processed on a weekly or bi-weekly basis, depending on the agreed-upon terms and the supplier's payment cycle. &lt;br&gt;&lt;br&gt;4. Payment Methods: We offer various payment methods to accommodate our suppliers' preferences. These include electronic funds transfers (EFT), wire transfers, and checks. Suppliers can choose the method that best suits their needs.&lt;br&gt;&lt;br&gt;5. Payment Notifications: Once the payment has been processed, suppliers will receive a notification confirming the payment details. This includes the amount paid, the invoice number, and the payment date. This helps suppliers keep track of their payments and reconcile their accounts efficiently.&lt;br&gt;&lt;br&gt;6. Dispute Resolution: In the event of any discrepancies or disputes regarding invoices, our dedicated team will work closely with the supplier to resolve the issue promptly. We value open communication and strive to maintain strong relationships with our suppliers. &lt;br&gt;&lt;br&gt;At Contoso, we prioritize fair and timely payments to our suppliers. By adhering to our payment terms, suppliers can expect a smooth and efficient invoicing and payment process. We believe in fostering strong partnerships with our suppliers, and our payment terms reflect our commitment to maintaining mutually beneficial relationships.&lt;/p&gt;\n    &lt;/div&gt;\n  &lt;/div&gt;\n&lt;/div&gt;\n",
  "publishingstateid": "9137c988-52cc-46f0-8cea-e558f5887e5f",
  "enablerating": false,
  "enabletracking": false,
  "excludefromsearch": false,
  "hiddenfromsitemap": true,
  "sharedpageconfiguration": false
}</content>
  <iscustomizable>1</iscustomizable>
  <name>FAQ</name>
  <powerpagecomponenttype>2</powerpagecomponenttype>
  <powerpagesiteid>
    <powerpagesiteid>99af4f03-6a66-4c36-963b-164265f26ce8</powerpagesiteid>
  </powerpagesiteid>
  <powerpagesitelanguageid>
    <powerpagesitelanguageid>732bd198-dcfc-406a-8b9e-0375589318f3</powerpagesitelanguageid>
  </powerpagesitelanguageid>
  <searchcontent>FAQ&lt;div data-component-theme="portalThemeColor" id="ibfo3" class="row sectionBlockLayout text-left" style="display: flex; flex-wrap: wrap; margin: 0px; min-height: auto; padding: 8px;"&gt;
  &lt;div id="ilyki" class="container" style="padding: 0px; display: flex; flex-wrap: wrap;"&gt;
    &lt;div id="i10o3n" class="col-md-12 columnBlockLayout" style="word-break: break-word; flex-grow: 1; display: flex; flex-direction: column; min-width: 300px;"&gt;
      &lt;h2&gt;Frequently Asked Questions&lt;/h2&gt;
      &lt;h4&gt;How can I manage my site profile on the portal?&lt;/h4&gt;
      &lt;p id="ir9ezx"&gt;Log in to your secure account using your credentials and choose the “Manage profile” option to see or update your profile information. To add or update profile information, select a field and edit your contact details, address, and any other pertinent details. This is also where you change your password to maintain account security and privacy. &amp;nbsp;&lt;/p&gt;
      &lt;h4&gt;How do I view my orders?&lt;/h4&gt;
      &lt;p id="i2yctt"&gt;To conveniently access and manage your orders, simply log in to your secure account and navigate to the dedicated orders section. Within this user-friendly interface, you will discover an extensive list of all your previous orders, meticulously organized to provide you with comprehensive insights into their current status and intricate details.&lt;/p&gt;
      &lt;h4&gt;How can I raise invoices?&lt;/h4&gt;
      &lt;p id="ij4xzh"&gt;To access and manage your orders, log in to your secure account and choose “Manage invoices”. You can create new invoices, customize individual line items, and send the invoices out. With this intuitive feature at your fingertips, managing your billing cycle has never been easier.&amp;nbsp;&lt;/p&gt;
      &lt;h4 id="ixo3st"&gt;How do I get payments for my invoices?&lt;/h4&gt;
      &lt;p id="iwp8l7"&gt;To ensure a seamless payment experience, it’s essential to configure your payment settings and specify your preferred payment methods. Once a payment is made, it will be securely deposited into your designated account, providing you with the peace of mind you deserve. &amp;nbsp;&lt;/p&gt;
      &lt;p id="ifn7t9"&gt;​&lt;b&gt;What are our Payment Terms?&lt;/b&gt;&lt;/p&gt;
      &lt;p id="ichukg"&gt;Contoso Payment Terms:&lt;br&gt;&lt;br&gt;At Contoso, we understand the importance of timely payments to our suppliers. We have implemented a streamlined payment process to ensure that our suppliers receive their invoices in a prompt and efficient manner.&lt;br&gt;&lt;br&gt;Our payment terms:&lt;br&gt;&lt;br&gt;1. Invoice Submission: Suppliers are required to submit their invoices electronically through our designated portal. This helps us maintain accurate records and speeds up the payment process.&lt;br&gt;&lt;br&gt;2.Invoice Validation: Upon receipt of the invoice, our dedicated team will review and validate the details provided. This includes verifying the accuracy of the invoice, ensuring compliance with contractual terms, and confirming the goods or services delivered. &lt;br&gt;&lt;br&gt;3. Payment Schedule: Contoso follows a regular payment schedule to ensure consistency and predictability for our suppliers. Payments are typically processed on a weekly or bi-weekly basis, depending on the agreed-upon terms and the supplier's payment cycle. &lt;br&gt;&lt;br&gt;4. Payment Methods: We offer various payment methods to accommodate our suppliers' preferences. These include electronic funds transfers (EFT), wire transfers, and checks. Suppliers can choose the method that best suits their needs.&lt;br&gt;&lt;br&gt;5. Payment Notifications: Once the payment has been processed, suppliers will receive a notification confirming the payment details. This includes the amount paid, the invoice number, and the payment date. This helps suppliers keep track of their payments and reconcile their accounts efficiently.&lt;br&gt;&lt;br&gt;6. Dispute Resolution: In the event of any discrepancies or disputes regarding invoices, our dedicated team will work closely with the supplier to resolve the issue promptly. We value open communication and strive to maintain strong relationships with our suppliers. &lt;br&gt;&lt;br&gt;At Contoso, we prioritize fair and timely payments to our suppliers. By adhering to our payment terms, suppliers can expect a smooth and efficient invoicing and payment process. We believe in fostering strong partnerships with our suppliers, and our payment terms reflect our commitment to maintaining mutually beneficial relationships.&lt;/p&gt;
    &lt;/div&gt;
  &lt;/div&gt;
&lt;/div&gt;
FAQ</searchcontent>
  <statecode>0</statecode>
  <statuscode>1</statuscode>
</powerpagecomponent>