<environmentvariabledefinition schemaname="sap_SAPDevelopmentSafeTyping">
  <defaultvalue>{"AppServerHost":"sap.clearsoftware.com","Client":"100","SystemNumber":"00","LogonType":"ApplicationServer","SafeTyping":true}</defaultvalue>
  <description default="Safe Typing">
    <label description="Safe Typing" languagecode="1033" />
  </description>
  <displayname default="SAP Development SafeTyping">
    <label description="SAP Development SafeTyping" languagecode="1033" />
  </displayname>
  <introducedversion>1.0.0.0</introducedversion>
  <iscustomizable>1</iscustomizable>
  <isrequired>0</isrequired>
  <secretstore>0</secretstore>
  <type>100000000</type>
</environmentvariabledefinition>