<powerpagecomponent powerpagecomponentid="c78b659e-2bd7-4585-8e8f-0ef945c2cb32">
  <content>{"contentdisposition":756150000,"enabletracking":false,"excludefromsearch":false,"hiddenfromsitemap":false,"parentpageid":"94db5e36-8ed1-4567-baae-1b38a4b71d4c","partialurl":"Cat-PC.png","publishingstateid":"9137c988-52cc-46f0-8cea-e558f5887e5f"}</content>
  <filecontent mimetype="application/octet-stream">Cat-PC.png</filecontent>
  <iscustomizable>1</iscustomizable>
  <name>Cat-PC.png</name>
  <powerpagecomponenttype>3</powerpagecomponenttype>
  <powerpagesiteid>
    <powerpagesiteid>99af4f03-6a66-4c36-963b-164265f26ce8</powerpagesiteid>
  </powerpagesiteid>
  <statecode>0</statecode>
  <statuscode>1</statuscode>
</powerpagecomponent>