<powerpagecomponent powerpagecomponentid="02b053ed-c858-4333-ac66-74474f78eede">
  <content>{"createdOn":"2024-04-11T19:53:29.236Z","parentpageid":"94db5e36-8ed1-4567-baae-1b38a4b71d4c","publishingstateid":"9137c988-52cc-46f0-8cea-e558f5887e5f","partialurl":"thumbnail.css","title":"","summary":"","enabletracking":false,"excludefromsearch":false,"hiddenfromsitemap":false,"displayorder":-1}</content>
  <filecontent mimetype="text/css">thumbnail.css</filecontent>
  <iscustomizable>1</iscustomizable>
  <name>thumbnail.css</name>
  <powerpagecomponenttype>3</powerpagecomponenttype>
  <powerpagesiteid>
    <powerpagesiteid>99af4f03-6a66-4c36-963b-164265f26ce8</powerpagesiteid>
  </powerpagesiteid>
  <statecode>0</statecode>
  <statuscode>1</statuscode>
</powerpagecomponent>