{"__Version":"0.1","App":"695913ea-41ca-4b2f-98a0-ac4f25251a77","Test_7F478737223C4B69":"fb5642aa-d192-49b4-bfca-060ebbce3186","Host":"1b87e37e-8df7-4752-ab24-829eda8a2f8d","compHeaderCompound":"a41797a2-aaaa-419b-8a99-912d5a39aae3","comp_Header":"a6664d9b-d113-47b3-b03d-3dbce765e2bb","Landing Page":"7e616207-b575-44b3-90bd-b7295fa3b177","compHeaderCompound_LandingPage":"b106a03d-eacd-42b7-aca5-54daba402163","conMain_LandingPage":"bba84bb4-826f-4dd3-9167-1af042cb8e1c","conSubMain_LandingPage":"56277acf-9e26-4a7b-94d9-7336780c9120","conLandingPageDetails":"53fb167f-9dc6-4b92-a320-0c11628f9016","txt_Title_LandingScreen":"7df18c16-48e9-49e9-aea5-641e3650aeb7","txt_SubMessage_LandingScreen":"62c9402f-7308-4dc4-948d-54117c8cf3cb","txt_EmailLabel_LandingScreen":"cdefec3e-6bd6-4e4a-89fa-11b2b0952758","con_Email_LandingScreen":"b54ee96f-5ba2-4f02-9ee1-84a52a9a39b4","txt_PINLabel_LandingScreen":"167f2547-2492-4ea6-a2aa-9d8589d407db","con_PIN_LandingScreen":"3b9df7e1-901e-451d-8f5c-b5da44194442","con_Spacer_LandingScreen":"625f33d2-02d7-4c66-a229-ead6751a4eed","btn_CheckIn_LandingScreen":"9fd17cde-8b9e-4ddf-a988-48053d7587f6","img_WelcomePhoto_LandingScreen":"3fa6ac33-5584-4f83-b725-17547ae0ac10","Check In Details Screen":"cf30860e-f9b9-4d88-a7e3-97f19035cb0c","conBack_CheckInDetails":"38cb18dc-ae79-4826-a5c2-d705f5d28bda","con_Header_CheckInDetails":"4368e6ec-56a7-4414-b7f7-71e8e3c63d5c","compHeaderCompound_CheckInDetails":"d9c8c747-0c80-448e-84e7-d91956a3da44","ico_Back_CheckInDetails":"554c52da-315e-42b6-8925-4948c9fbf5d4","con_Main_CheckiInDetails":"94aededd-83e2-4846-96c6-d65787e2dccd","con_InnerMain_CheckiInDetails":"cfac1687-c565-4bed-82e1-2cf3d1733075","con_Title_CheckiInDetails":"812eba9f-72c0-454a-9f37-7b532b8be986","con_RegistrationTitle_CheckiInDetails":"e327059f-1992-44a1-b4e3-95fdea5403bf","txt_RegistrationTitle_CheckiInDetails":"7f39145c-b313-421b-97bf-2044021551e6","con_RegistrationStatus_CheckiInDetails":"1c8edd34-f8c0-46f5-84f2-ca8672c51fc8","con_BadgeStatus_ChecklistDetails":"5c7fcdd4-de38-44b0-8182-8a571a8ff817","con_MainRegistration_CheckInDetails":"4bb28738-bacd-4854-91d4-55427bd4f409","con_VisitorInfo_CheckiInDetails":"456d0f75-5732-44a4-bf97-40e44a861496","txt_VisitorInfo_CheckiInDetails":"85f8f3af-4a6e-42b6-b257-44b3603f15f0","frmVisitorInformation_CheckInDetails":"d7013c67-1532-4335-9e04-c870f71cdcb6","dtc_FirstName_CheckInDetails":"ff180cd6-b737-4ce6-868a-b14fe35451dc","txt_FirstNameLabel_CheckInDetails":"5cdea11d-8197-4333-862e-f3df46090d33","txt_FirstnameValue_CheckInDetails":"c26f9797-f593-450e-996e-d39f48946e42","dtc_MiddleName_CheckInDetails":"918b0704-dfe8-43b4-85db-6d76295c6351","txt_MiddleNameLabel_CheckInDetails":"ddf16156-95c7-4a2b-b0e4-c0197f09b5da","txt_MiddlenameValue_CheckInDetails":"b6d60389-7265-4747-911a-2ae9dc904bef","dtc_LastName_CheckInDetails":"c39c02b2-4349-4be6-b0d8-ff6e42b7012e","txt_LastNameLabel_CheckInDetails":"5c60179c-207e-45bf-bf87-7a0091e3b28b","txt_LastnameValue_CheckInDetails":"0c8b5fbf-fdf9-485b-89d9-378c6c8ef645","dtc_Email_CheckInDetails":"87734107-b7da-466b-8796-21996cbfd1d9","txt_EmailLabel_CheckInDetails":"23a31cc8-8e29-4991-bc2e-6e0acae97c2e","txt_EmailValue_CheckInDetails":"d9b279dd-d66c-4a7c-8179-2b9281fce615","dtc_Phone_CheckInDetails":"7119e347-b9fe-4b3e-82d1-70c6a8f80e33","txt_PhoneLabel_CheckInDetails":"d2b09a24-34d0-4eff-b22b-5eaa34766314","txt_PhoneValue_CheckInDetails":"14faccd1-5545-4bc3-ac0f-96a4c11e7c2f","con_VisitDetails_CheckiInDetails":"7ab394c6-6e8a-4434-b7d0-efef257635d7","txt_VisitDetails_CheckInDetails":"04d2e456-4096-4091-b8de-645425d30841","frmVisitorRegistration_CheckInDetails.":"2b86e867-9379-40f5-8a66-3e8b2f3139fe","dtc_VisitType_CheckInDetails":"69afc4bd-6794-4b54-9779-2773090b2eff","txt_VisitTypeLabel_CheckInDetails":"cbb1fa47-bcb5-430e-92a7-ce76c9f71074","txt_VisitTypeValue_CheckInDetails":"2da360a9-67be-4fcb-92c1-d803b50d37c9","dtc_Company_CheckInDetails":"6e4512f8-ea62-432b-ae6a-098c78ff63b2","txt_CompanyLabel_CheckInDetails":"3aa216fd-8771-44b5-9317-67c2f1481897","txt_CompanyValue_CheckInDetails":"5c82a809-de19-4b60-adfd-41a63b449a10","dtc_Location_CheckInDetails":"55227808-7194-4b54-8bb6-d3cc8211f1c6","txt_LocationLabel_CheckInDetails":"8045f256-5202-4c99-96be-3474d6c2835b","txt_LocationValue_CheckInDetails":"eefd9ac6-0a88-4fa9-940c-79052b328d89","dtc_Host_CheckInDetails":"3da3b95e-2988-4f42-8a8d-d33b8d481bb5","txt_HostLabel_CheckInDetails":"067d5863-ac96-4119-8f0b-fb1f96f3a728","txt_HostValue_CheckInDetails":"54fab801-7e27-45d3-820a-92d18ffb6fdd","dtc_IsMultiDay_CheckInDetails":"08e781de-9dd7-40af-9332-aa615248ab8b","txt_IsMultiDayLabel_CheckInDetails":"a3572d71-05ed-4802-9b0a-31d336e896b6","txt_IsMultiDaysValue_CheckInDetails":"066df5a0-6922-465c-8515-4a0d1c102fb9","dtc_StartDate_CheckInDetails":"668e8ea3-95a8-4763-b23d-eb86100892f9","txt_StartDateLabel_CheckInDetails":"5a543311-75f1-460c-81fc-255fae8265b0","txt_StartDateValue_CheckInDetails":"172ba5dd-d09d-452f-8019-d97f4d3a54aa","dtc_EndDate_CheckInDetails":"402c11f9-3fc5-4805-a531-79dc5a4fa6b2","txt_EndDateLabel_CheckInDetails":"ee667eea-a6a4-4a8f-93ee-82f4250eedd6","txt_EndDateValue_CheckInDetails":"35362bfb-2ba1-481e-9deb-cad162e4ca48","dtc_Comments_CheckInDetails":"8ea0ad54-c8fd-440f-8f22-36ed54fd1fef","txt_CommentsLabel_CheckInDetails":"2cd761df-c271-4da1-8836-5ab859077050","txt_CommentValue_CheckInDetails":"8c17d064-8b67-4846-b4cd-6e630f80d16d","con_CheckIn_CheckiInDetails":"469fd8e3-b091-4d39-9b00-14813cba7d12","txt_CheckInOut_CheckInDetails":"55acf08a-1447-4550-bdd1-41398c3429af","frmVisitorRegistrationCheckInAndOut_CheckInDetails":"039d97e4-f4bd-4475-9b92-3c524a0042e3","dtc_CheckIn_CheckInDetails":"6a755221-e97d-475d-8e51-936ad1a187a7","txt_CheckInLabel_CheckInDetails":"bae665d6-5120-4904-be28-dcd1b33d68c7","txt_CheckIn_CheckiInDetails":"a4e6b4a5-764e-4988-b778-1caa4908f311","dtc_CheckOut_CheckInDetails":"6ae596d1-6cd3-465a-97af-2f0c7f434dee","txt_CheckOutLabel_CheckInDetails":"5cc9a68e-1454-4b57-86a9-e6bf4f2d55f7","txt_CheckOut_CheckiInDetails":"dc07daf3-59af-419d-a65f-960509683ada","shpHeaderLine_CheckiInDetails":"50fa5921-fc3a-46f0-a5e1-645f09bc91bc","con_CheckInButton_CheckiInDetails":"96ad7f05-e829-445a-8e44-003d229322b4","con_CheckInButton_CheckiInDetails_Button":"e1e98396-5877-43c6-b299-f5548634057a","btn_CheckInOut_CheckiInDetails":"dd14d050-9722-4beb-aaba-569ce68d6ac9","shpHeaderLine_CheckiInDetails_Footer":"d93632a7-1f6f-4a56-b280-2f197b86d845","Visitor ID Screen":"bee11d50-f2e3-4b4c-aeba-57f0c9f5780d","con_Main_VisitorID":"cc07d899-d0a9-4f5f-b292-4833f4cc8f49","con_MainLogo_VisitorID":"083e6a1a-fc53-4979-8c32-af039ad5c32b","img_Logo_VisitorID":"29571270-9435-47c3-a45b-8e53971cba15","con_Name_VisitorID":"b990a938-71e6-42e1-87bb-483df5a1f72e","txt_Name_VisitorID":"943c56f8-195d-4c56-8fb7-fb2b3d2fcc5f","txt_VisitType_VisitorID":"9f7971e6-fe72-4733-b476-8420387c6e0f","con_VisitDetails_VisitorID":"6125e90c-bc04-4c86-84a8-ffe639b46c88","con_Company_VisitorID":"0915a1e1-aa2f-47f5-8aa1-12b39857aad5","txt_CompanyLabel_VisitorID":"17322b64-a01b-4a98-b9e8-9c8820d65457","txt_Company_VisitorID":"239535e3-0321-4fed-9702-4547fa4b0e05","con_Location_VisitorID":"f2cdaef1-48fa-4df0-a9e3-529585b0956d","txt_LocationLabel_VisitorID":"cfa3cbcc-fc69-41fa-af81-a0a2bbf0d398","txt_Location_VisitorID":"b7b14654-ba2e-4d54-8963-6986935b1e19","con_VisitorSchedule_VisitorID":"9f023c91-f864-4923-ac54-0989002a3701","con_VisitDate_VisitorID":"2045ffae-b345-40e9-8cd6-0a158a1c1e2a","txt_VisitDateLabel_VisitorID":"84be856f-27f7-456e-a89e-101ba00f7d1a","txt_VisitDate_VisitorID":"5decd75c-a83f-4075-8ce7-beb1de0002f2","con_VisitTime_VisitorID":"e4e7ab8c-b741-439a-8fda-53bded57e0af","txt_VisitTimeLabel_VisitorID":"e89c9a2e-bc7d-4dd3-bb5f-75b843681590","txt_VisitTime_VisitorID":"ffc33762-2197-4a69-8980-e28493acb8df","con_Buttons_VisitorID":"2c483cf2-fa08-438e-9b5f-bdf796f99ae7","btn_Print_VisitorID":"865f8885-b1d7-451b-9893-b5b8f5f1b1c4","btn_Close_VisitorID":"0adddce4-b52b-40dc-a30b-b56361ef2a71"}