{"__Version":"0.1","App":"81bfca4a-3152-491e-8bf9-076c66e84687","Test_7F478737223C4B69":"9283b8bb-94ca-44e0-9cd6-1fdbf73acb0e","Host":"d58f6621-1883-4628-a07f-f7ee3bc7507b","compHeaderCompound":"92984061-54b7-4858-a9e0-4deaa1b3e2c7","comp_Header":"ff496f2b-3273-4d9b-918e-6eeb09afcd76","Landing Page":"076e892d-0512-4acb-a83c-64dddd684bbb","conBack_Landing":"d40cda2a-fae2-48c0-8679-6e1e7bba0204","con_Header_Landing":"ca9be889-9d7a-4cba-b6b0-ac246a0b65a0","conIconBack_Landing":"27f0121e-64da-4f3d-8f1d-c3022b287cf3","compHeaderCompound_LandingPage":"6620f131-4831-48e2-b4d2-67e164d0fef2","conMain_LandingPage":"5287e353-42ae-4f9e-968e-b84814ca50ca","conTitle_LandingPage":"60296076-9ed0-4828-89fd-e8bfaaf89e54","txtTitle_LandingPage":"ae390dc2-7f6a-43c8-a5e0-dafd1f3c4f9c","btnCreateRegistration_LandingPage":"ce470d9d-24d5-49f4-a67c-60199077ed29","conSearch_LandingPage":"cf9382ed-9cd5-4e9a-9994-2b3b9da371fa","txiSearch_LandingPage":"e460324a-060c-42ea-9297-a78e07cf3da7","btnSearch_LandingPage":"75cbfbe5-4654-4c65-9098-50d5ccebe740","conGallery_LandingPage":"2b7c454b-aa49-4041-b89a-913aae9daa34","conGalleryTitle_LandingPage":"32d4ad7f-b1a0-40b8-b4e0-2dec0356a704","txtRegistrationID_GalleryTitle_LandingPage":"7b52c4d5-f1db-40a8-96ff-cd0405ad88f9","txtIcon_GalleryTitle_LandingPage":"456356cd-0bb8-491d-a482-b75009374635","txtVisitorName_GalleryTitle_LandingPage":"e7c68a1e-246f-4daf-9fd1-a3568faad369","txtLocation_GalleryTitle_LandingPage":"f37285cc-03b1-43eb-808e-642136623d02","txtVisitType_GalleryTitle_LandingPage":"b9c1da10-8ff3-4c29-8ebb-7182ec111982","txtHost_GalleryTitle_LandingPage":"d2c95753-cbc1-4d1b-948c-0c9f0dd82e11","txtVisitStarDate_GalleryTitle_LandingPage":"708949ff-a9bc-4a29-87fa-59e40ad6e268","txtVisitEndDate_GalleryTitle_LandingPage":"74c0e92c-20a1-439d-9bcf-b61ac113c5f5","txtStatus_GalleryTitle_LandingPage":"89a2e86f-eea7-4c4e-b92f-49ff1dc66b9f","shpGalleryTitle_landingPage":"47353404-2367-4996-add8-0dd0a0082c57","conGalleryValue_LandingPage":"0ac4038f-6e17-4c36-804a-0dd9298deca7","galVisitorRegistrations_LandingPage":"ddffb378-a767-48f0-9226-6f2788db7dc4","galleryTemplate1":"2f8a2547-8772-45a6-8795-e3bf58e16594","conVisitorRegistrationValue_LandingPage":"5e2e587e-53d1-4d4c-a10c-9f61babfde1b","txtRegistrationID_GalleryValue_LandingPage":"b6e6580d-09f9-4a27-a37f-f7a4f3abe9a2","ico_EditOrView_GalleryValue_LandingPage":"b0395fea-46ab-4214-bf2e-fb7c5620d722","txtVisitorName_GalleryValue_LandingPage":"e03b74ef-6227-4f3e-a0d8-437078b56d07","txtLocation_GalleryValue_LandingPage":"d250e578-cb1d-40c1-8b7c-9907b6f5e7db","txtVisitType_GalleryValue_LandingPage":"f2275071-3ac1-41df-a963-b4a7bdcd7d64","txtHost_GalleryValue_LandingPage":"7a5db384-131d-4b57-8d1f-7d1f35c1a879","txtVisitStarDate_GalleryValue_LandingPage":"0f8bc220-f184-4904-a7af-9a5c44eeedb9","txtVisitEndDate_GalleryValue_LandingPage":"9726162d-c9c3-447b-9c0c-691bb084f9c2","conStatus_LandingPage":"2ed9815c-51ac-42e6-8e60-af56d136fca9","bdgStatusReason_LandingPage":"3756e659-c304-4d96-a847-33366fe4dd46","shp_GalleryDivider_LandingPage":"37730e71-7339-430f-a5d6-5da785e20ac1","conNoRecordsFound_LandingPage":"0aedd3e6-9c51-4c2a-b68e-36a2fce227d0","txtNoRecordsFound_LandingPage":"b4b8f568-21b7-481b-881d-00e22f10911a","shp_Divider_LandingPage":"fd15a543-37d8-4a6c-b8f2-7c0250892447","conGalleryTotalCount_LandingPage":"9304ec9a-cdd3-468e-abaa-6b13d5a32c8d","txtRows_LandingPage":"ff8819d1-6553-4e0b-beb4-b4b85d406d1a","shpHeaderLine_Landing":"ccf77478-8bdf-4636-a343-7d356bea8c2c","Confirmation Page":"c5f55046-f1a6-46f9-9275-01cb0230a096","compHeaderCompound_ConfirmationPage":"a4a06132-bfda-4f91-bbaf-847c5da5b5ec","conMainContent_Confirmation":"f3a940dc-45b9-41f6-9adb-0c2b2821ad64","conBodyContent_ConfirmationPage":"3a9ae86c-a1bc-4701-b95c-fda37fd269d6","txtTitle_ConfirmationPage":"ee450e6a-218a-4862-a39f-f63a41d6f9c3","txtSubHeader_ConfirmationPage":"e3338c31-ad46-45ea-9b9a-f6e3d7a9086c","conButton_ConfirmationPage":"ece1330c-108b-4059-a5cd-4ee08e28298d","btnYes_ConfirmationPage":"0c53e85c-7329-47d7-8c15-48d74ebd1f26","btnNo_ConfirmationPage":"03857962-db16-4eb2-8f73-1d695fc0b438","Success Page":"427a27b0-0896-418d-840a-499ca30fff6d","compHeaderCompound_SuccessPage":"a09d3655-71d5-4241-8b0b-d66906b2bb17","conMainContent_SuccessPage":"438653e6-d985-4364-8ee0-42c522957090","conBodyContent_SuccessPage":"ebfd14d4-3ded-418c-a92c-a50c8b31b91f","txtTitle_SuccessPage":"d62b9b0a-9c54-45da-ad7d-e578e0ae85d4","txtSubHeader_SuccessPage":"b6f9fb8e-18bb-46e6-ae9f-6249ab0a56f3","conButton_SuccessPage":"8605e32e-4feb-4aa0-b410-673ac813fcf9","btnYes_SuccessPage":"a484e87c-eace-44ff-a828-898cd0e3f79d","Registration Page":"e32ae01a-9dca-4797-9538-0fc07cf10174","conBack_Registration":"a4bf4ce3-2eda-440f-91ee-073a0a9e46dd","con_Header_Registration":"90170e01-9754-4976-a68b-d929d7c7a294","compHeader_Registration":"468338b8-6cf4-4b05-9f4a-4af55f6ed6b9","ico_Back_Registration":"a8b48310-4cfa-40ab-b89c-8a33267c8f76","conMainBody_Registration":"a0feacf4-4865-4a9d-9535-ee43494589ad","conMainContent_Registration":"1d2ea604-2dfa-4e26-85ca-38ad518d943e","conTitle_Registration":"83c14c8e-6aea-452e-b4a4-aba26a20b8cb","con_RegistrationTitle_Registration":"600bf7ab-61da-4d1e-a7da-f8ddc2d5c5d0","txt_RegistrationTitle_Registration":"b0feefab-22da-4a65-a549-3ce397b5fd75","con_RegistrationStatus_Registration":"49d8314c-ef7b-489c-abf4-50f39334a1a9","bdgRegistrationStatus_Registration":"7600b1e9-53ff-4dfd-885f-3529753e6fac","conBodyContent_Registration":"17feb1a1-a03b-4ef9-a5db-fd7c127ede5b","conBodyContentInside_Registration":"abb30c87-7263-47c3-95fa-e79348cab701","txtBuildingitle_Registration":"3ecadd44-80e0-4c28-baa0-a6294e8b6f22","conInsideContent_Registration":"4dde3181-f3d2-4f04-a335-267ccb413b43","frmVisitorInformation_Registration":"4b98a251-fea5-4c81-93ba-9223cccb7cf7","dtcFirst Name_Registration":"00045a44-71a9-465b-b9ae-cb92d44a5292","txtFirstNameLabel_Registration":"e3760454-4fc6-48e5-9db6-c54fecadc3ef","txiFirstName_Registration":"5f81a7ba-0cfb-463a-94c4-3f092c70a79f","dtcMiddle Name_Registration":"0ea553ee-d1b1-42c6-b6cc-21a297f8dcbb","txtMiddleNameLabel_Registration":"aabce413-d3e5-46ca-9f01-f603fbbc76e0","txiMiddleName_Registration":"5c5d6f8b-bcff-4cb1-bba9-886db010ba0e","dtcLast Name_Registration":"1df13210-3fdd-41bd-8194-d9c6fdceb13c","txtLastNameLabel_Registration":"53eb85e2-acdf-4a63-8e7d-894421642767","txiLastName_Registration":"e032c43a-08ca-45f5-b631-54d55ce65c9b","dtcEmail_Registration":"2b0d69b6-e345-4659-b81b-3b17efecc140","txtemailLabel_Registration":"488e8b0b-3e94-4569-bc64-cae2b4052079","txiEmail_Registration":"1c494787-dd9e-4fc8-89b3-9edba99235b0","dtcPhone_DataCard_Registration":"cd656c42-b551-4556-9564-93d0d73db9f5","txtPhoneLabel_Registration":"8cb28a84-3a30-456c-8ebf-60cff8ef044f","txiPhone_Registration":"cca4bb29-02d8-4bad-a184-e8ba9ce7019a","conBodyContentInsideBottom_Registration":"abdc8b05-923a-47ac-9834-17ef3bf1fd88","txtVisitDetails_Registration":"0d7ee18f-2f48-4de0-a0f3-783112129efe","conInsideVisitDetails_Registration":"0465f832-17cc-4df9-aa41-4594a941e681","frmVisitType_Registration":"9ddfbe2a-317b-448f-b943-e78194920f44","dtcVisit Type_Registration":"3a483a0e-ff71-484f-8dc2-91581ef3db00","txtVisitType_Registration":"d9bc3c66-e52f-47f7-a995-b39a1b3e7c56","cmbVisitType_Registration":"53ac1c73-c3c7-4c86-a029-3fc89f14779a","dtcCompany_Registration":"b8a216f0-c16a-43b4-820a-6d961d06076b","txtCompanyNameLabel_Registration":"78d474a1-6a9c-4886-b147-7dbf58fb7501","txiCompanyName_Registration":"b5de9365-6fdc-4099-9c25-bd0a4d2e4660","txtCompanyNameLabel_Registration_Message":"1afdab3d-1483-485f-b034-25580af709a6","dtcLocation_Registration":"27627194-58ee-498a-a0a2-c44b7a53b8e9","txtLocationLabel_Registration":"b336181b-f88e-4e55-b3d6-36d5e00ea8ce","cmbLocation_Registration":"c854d1a9-afda-4f74-aeaa-474c888e63a5","txtStateLocation_Registration":"c78cefae-457b-49b3-a048-691c5c381228","txtPostalCodeLocation_Registration":"b2661d22-03f5-4718-87a3-d2275cb2ae77","txtCountryLocation_Registration":"003ba9a4-9ae4-4fee-a0da-d5b3830460a6","txtCompanyLocation_Registration":"50f1dd73-d5c9-4119-bf47-21b924f5f836","txtCityLocation_Registration":"67a11cf3-c5ee-46fe-8bc4-c55b323e8529","txtAddressLocation_Registration":"1bd038c4-328a-44d6-82ea-317077b8fc05","txtNameLocation_Registration":"934a5f7e-b2f6-4415-b988-dbd991d07956","dtcHost Id_Registration":"909d07be-b13a-449d-be38-4c5972f15f24","txtHost_Registration":"d80ea4e6-dbcb-4164-a01f-2cf167e4ef8f","cmbHost_Registration":"09776372-c9f8-47d4-887b-ef05589b57e0","Display Name":"66098cf0-b0e9-4269-9e0d-8f325948880f","dtcIs Multi Day Visit_Registration":"25fb5bcb-dc46-4f68-9d53-76a749c735db","txtMultidayVisitlabel_Registration":"7c721c92-349a-4f00-b7fa-6b4d157454d0","togMultiVisit_Registration":"bd3de486-d4ec-4a6f-a69e-db7830d7070a","dtcAppointment Start Date_Registration":"c4f7eef1-19db-46b6-9549-94f88dea8bd1","txtFromLabel_Registration":"e758389f-9479-4353-86a3-062fb25d8788","dteStartDate":"4edfd738-6584-4cf6-83e4-9acb2d1c9b5c","drpHour_Registration":"708d73e4-4906-440b-95e3-49d2cdbdd604","txtSeparator_Registration":"6cf77031-d17d-4249-9194-fece87aeec98","drpMinute_Registration":"4870788b-35bd-45d8-9bd4-bc2189860d5b","dtcAppointment End Date_Registration":"18fe1041-d433-40e1-8963-3abde1b22478","txtToLabel_Registration":"90de81bc-4f58-488c-a7a6-6fea121ae95c","dteEndDate_Registration":"88d3c07b-9bfc-48dc-b01a-b57851010d99","drpHourEnddate_Registration":"dc63e705-c65d-4d95-a06f-e1e10ea6f5d7","txtAppointmentEnddateSeperator_Registration":"5b53e220-0b1a-4b23-bf41-2b10a87dc95b","drpMinuteEnddate_Registration":"f775aa42-7a95-4890-9abb-340a467ee1aa","dtcComment_Registration":"440841c2-ea68-4ab9-be9f-aa46d62cf593","txtCommentsLabel_Registration":"2c7834e0-85c6-4672-bdbe-c73f372e89e6","txiComment_Registration":"18eecd66-ebb6-4d3c-b1d4-0b42c18f1f75","conButton_Registration":"4d3026ab-404c-4e10-9f8a-b83ef325067a","btnSubmit_Registration":"1e0a4163-7422-4dad-ac23-501e1433de39","btnDiscard_Registration":"744ff8d1-c1ee-418b-9810-812600375806","shpHeaderLine_Registration":"81ea08bf-f1d4-4efe-9466-947677d7992b","View Registration Page":"13afbf1b-de8e-4dad-a7c9-51d31ef44504","conBack_ViewRegistration":"38fdb3c3-1bb9-4429-972b-3bbceddad6a5","con_Header_CheckInDetails":"b3c10aae-ef82-476d-ac15-9de7b5c3e1c4","compHeaderCompound_CheckInDetails":"7d2636c4-60b0-4c7a-8c59-1ab0c53c90e5","ico_Back_CheckInDetails":"471a5fca-c7d3-4ea4-8dab-e6e356d9ab15","con_Main_ViewRegistration":"918fd3ba-38d6-4364-ab40-199211556e46","con_MainInside_ViewRegistration":"154aa5a2-7d21-4f19-b551-7c2893ba532b","con_Title_ViewRegistration":"3c853b0f-aa45-4f30-ad97-3c6305606848","con_RegistrationTitle_ViewRegistration":"fc4b4892-452a-44b7-8269-0dc46997e615","txt_RegistrationTitle_ViewRegistration":"a78c259b-90fc-403c-8a4c-9485e3576ef1","con_RegistrationStatus_ViewRegistration":"637f3c52-92a0-4367-aec3-7e7dac947cd4","bdgRegistrationStatus_ViewRegistration":"ce1e8269-27c2-4785-b3f7-bf9ab7641012","con_VisitorInfo_ViewRegistration":"13dbe80e-7eea-4e79-9034-4b0aa8936137","txt_VisitorInfo_ViewRegistration":"94abb6f0-feda-42fe-8263-ddda5eaaa515","frmVisitorInfo_ViewRegistration":"0d73264d-010f-4601-904e-951c594837c4","dtcFirstName_ViewRegistration":"7b89ec1e-6d3c-413f-80c0-fb8984ab5439","txtFirstNameLabel_ViewRegistration":"5ba93378-fa11-4cc4-9ea6-4b4b79e63e0c","txtFirstNameDetails_ViewRegistration":"cbb13cb3-c95d-450f-9558-01f73f123ee8","dtcMiddleName_ViewRegistration":"1ebc498e-8b75-4657-b38e-a87f1d85e563","txtMiddleNameLabel_ViewRegistration":"df58fd53-20ec-4946-8941-689e079f1ce1","txtMiddleNameDetails_ViewRegistration":"353c404f-076d-41e1-a7c3-42d27d9e9a97","dtcLastName_ViewRegistration":"4fde6220-24dc-4afe-a798-bc7c69df2406","txtLastNameLabel_ViewRegistration":"a03a33e3-b64e-4a82-93bd-ab81684904e1","txtLastNameDetails_ViewRegistration":"acf64367-a0ff-4b71-b96f-1bd04a1d7743","dtcEmail_ViewRegistration":"8b04e897-e9a4-486d-ad39-d365f63d13f8","txtEmailLabel_ViewRegistration":"c3759088-4e7a-4dcb-a4ac-2caf342f873d","txtEmailDetails_ViewRegistration":"99802200-dae5-45b8-8518-1fcda35951c7","dtcPhone_ViewRegistration":"fd21d8e5-c22b-46e0-a30e-8f7573d26983","txtPhoneLabel_ViewRegistration":"6750b0ed-0922-42de-805a-b5d6b71b6f13","txtPhoneDetails_ViewRegistration":"5af8320b-0022-4fb6-b6f2-fda102392a88","con_VisitDetails_ViewRegistration":"78d8c151-8367-4a70-9158-f194cb19b297","txt_VisitDetails_CheckInDetails":"ce399273-f4a1-4bff-a347-7d20d8d558a5","frmVisitDetails_ViewRegistration":"59a2010c-5224-49cd-b22b-2ccdd73ed71a","dtcVisitType_ViewRegistration":"f522c543-b312-4927-ae07-a3e02fdd24ca","txtVisitTypeLabel_ViewRegistration":"f017b360-6513-4772-90fe-e9105cea7162","txtVisitTypeDetails_ViewRegistration":"d28093f8-7643-4461-9426-64df8db448af","dtcCompany_ViewRegistration":"c763a1d0-fc49-4814-83a4-49fb008dc1d0","txtCompanyLabel_ViewRegistration":"5638c8be-b710-4be6-901f-3c56cf4fe348","txtCompanyDetails_ViewRegistration":"53c373fb-4508-476f-b0c2-b0bb7d2b0805","dtcLocation_ViewRegistration":"6800af10-c9a3-4e0e-9b9b-eec11d9f18d4","txtLocationLabel_ViewRegistration":"13e8a649-f1dd-4576-8616-3dddae52615b","txtLocationDetails_ViewRegistration":"0b8ca75e-7a34-459e-86c9-18f71ff6889f","dtcHost_ViewRegistration":"34943094-bfca-425b-ae86-3b174e4242d5","txtHostLabel_ViewRegistration":"33fb5a91-732a-4766-b72f-f34c9862221f","txtHostDetails_ViewRegistration":"aad00830-b760-458d-baba-2bfbb2ea02f9","dtcMultiDay_ViewRegistration":"0419471f-1a07-4a18-a866-04c2fb464368","txtMultiDayLabel_ViewRegistration":"3f1e7007-a0a6-4883-9af7-ceb0b95d2a1c","txtMultiDayDetails_ViewRegistration":"51112a11-096c-4d30-91c7-603c25ccd291","dtcAppointmentEndDate_ViewRegistration":"1862caa0-b206-468f-9284-db40e2cf3a8f","txtAppoinmentEndDateLabel_ViewRegistration":"08366bc4-0454-4f29-ab5c-c3f3c2fe15e0","txtAppoinmentEndDateDetails_ViewRegistration":"3f5d9c3e-dac7-469a-b830-f150852e562d","dtcAppointmentStartDate_ViewRegistration":"36f80516-282d-4b4c-8df3-ff671e8b7579","txtAppointmentStartDateLabel_ViewRegistration":"e4d7152a-da43-4042-9ae1-31e4753650e0","txtAppointmentStartDateDetails_ViewRegistration":"b1063fba-4547-4537-a283-d340ca813bc9","dtcComment_ViewRegistration":"9f226381-be0e-4ff1-b8a9-80651392f98b","txtCommentLabel_ViewRegistration":"b47548bf-b303-4a77-a12f-494b476b66c5","txtCommentDetails_ViewRegistration":"c5456ad2-70dd-4c24-8ae5-3fd68afd4626","shpHeaderLine_ViewRegistration":"63f85593-28c5-42ff-a54b-71f07f9a149e","con_CheckInButton_ViewRegistration":"79f0692e-d679-4487-af13-0eb78edbce0b","btnUpdate_CheckInDetails":"049b770c-5cf8-4113-81ca-db9742c23bcd","btnCancelRegistration_CheckinDetails":"15421ba0-711c-452a-aaad-747ec018f6b1"}