<powerpagecomponent powerpagecomponentid="4f206e41-6824-471d-9586-509609d4ad68">
  <content>{"contentdisposition":756150000,"enabletracking":false,"excludefromsearch":false,"hiddenfromsitemap":false,"parentpageid":"94db5e36-8ed1-4567-baae-1b38a4b71d4c","partialurl":"Geometric-2.png","publishingstateid":"9137c988-52cc-46f0-8cea-e558f5887e5f"}</content>
  <filecontent mimetype="application/octet-stream">Geometric-2.png</filecontent>
  <iscustomizable>1</iscustomizable>
  <name>Geometric-2.png</name>
  <powerpagecomponenttype>3</powerpagecomponenttype>
  <powerpagesiteid>
    <powerpagesiteid>99af4f03-6a66-4c36-963b-164265f26ce8</powerpagesiteid>
  </powerpagesiteid>
  <statecode>0</statecode>
  <statuscode>1</statuscode>
</powerpagecomponent>