<powerpagecomponent powerpagecomponentid="a3e20a9e-b8dd-45b3-954f-d05b97af7a0f">
  <content>{"display_name":"Logo alt text","type":756150000,"value":"Company name logo\r\n"}</content>
  <iscustomizable>1</iscustomizable>
  <name>Logo alt text</name>
  <powerpagecomponenttype>7</powerpagecomponenttype>
  <powerpagesiteid>
    <powerpagesiteid>99af4f03-6a66-4c36-963b-164265f26ce8</powerpagesiteid>
  </powerpagesiteid>
  <powerpagesitelanguageid>
    <powerpagesitelanguageid>732bd198-dcfc-406a-8b9e-0375589318f3</powerpagesitelanguageid>
  </powerpagesitelanguageid>
  <statecode>0</statecode>
  <statuscode>1</statuscode>
</powerpagecomponent>