{
  "properties": {
    "connectionReferences": {
      "shared_saperp_1": {
        "runtimeSource": "embedded",
        "connection": {
          "connectionReferenceLogicalName": "mpa_PowerPagesERPServiceConnection"
        },
        "api": {
          "name": "shared_saperp"
        }
      },
      "shared_commondataserviceforapps": {
        "runtimeSource": "embedded",
        "connection": {
          "connectionReferenceLogicalName": "new_sharedcommondataserviceforapps_3ac8e"
        },
        "api": {
          "name": "shared_commondataserviceforapps"
        }
      }
    },
    "definition": {
      "$schema": "https://schema.management.azure.com/providers/Microsoft.Logic/schemas/2016-06-01/workflowdefinition.json#",
      "contentVersion": "1.0.0.0",
      "parameters": {
        "$connections": {
          "defaultValue": {},
          "type": "Object"
        },
        "$authentication": {
          "defaultValue": {},
          "type": "SecureObject"
        },
        "SAP Application Server (mpa_SAPApplicationServer)": {
          "defaultValue": "{\"AppServerHost\":\"10.0.0.10\",\"Client\":\"800\",\"SystemNumber\":\"00\",\"LogonType\":\"ApplicationServer\"}",
          "type": "String",
          "metadata": {
            "schemaName": "mpa_SAPApplicationServer",
            "description": "JSON string that contains system parameters, host, system number, client, etc."
          }
        },
        "SAP Count of Rows To Read (mpa_SAPCountofRowsToRead)": {
          "defaultValue": 1000,
          "type": "Int",
          "metadata": {
            "schemaName": "mpa_SAPCountofRowsToRead",
            "description": "Sets the maximum number of records to be returned on any search query and helps to alleviate performance concerns"
          }
        },
        "SAP System ID (mpa_SAPSystemID)": {
          "defaultValue": "ABA",
          "type": "String",
          "metadata": {
            "schemaName": "mpa_SAPSystemID",
            "description": "The SAP system's three-letter system ID (Mandatory if connection type Message Server and message server service isn't present). Used separately in IDoc transactions."
          }
        },
        "SAP Client ID (mpa_SAPClientID)": {
          "defaultValue": "800",
          "type": "String",
          "metadata": {
            "schemaName": "mpa_SAPClientID",
            "description": "The SAP client ID to connect to the SAP system. The SAP backends' client (or 'Mandant') into which to log in. It's a number ranging from 000 to 999. Used separately in IDoc transactions."
          }
        }
      },
      "triggers": {
        "manual": {
          "metadata": {
            "operationMetadataId": "427516d5-bfbd-4fb4-8b65-9d73e8dc3f32"
          },
          "type": "Request",
          "kind": "PowerPages",
          "inputs": {
            "schema": {
              "type": "object",
              "properties": {},
              "required": []
            }
          }
        }
      },
      "actions": {
        "Initialize_SAPErrorMessage": {
          "runAfter": {
            "Initialize_SAP_Vendor_Id": [
              "Succeeded"
            ]
          },
          "metadata": {
            "operationMetadataId": "4c23d049-ae1b-4c2c-b8e3-9a25883775c8"
          },
          "type": "InitializeVariable",
          "inputs": {
            "variables": [
              {
                "name": "SAPErrorMessage",
                "type": "boolean"
              }
            ]
          }
        },
        "Try": {
          "actions": {
            "Parse_Header": {
              "runAfter": {
                "Set_SAP_Error_Message": [
                  "Skipped",
                  "Succeeded"
                ]
              },
              "metadata": {
                "operationMetadataId": "359df74e-68d8-486a-ac92-f23ef35f980b"
              },
              "type": "Select",
              "inputs": {
                "from": "@outputs('LFA1')?['body/Rows']",
                "select": {
                  "Country": "@item()?['LAND1']",
                  "VendorName": "@item()?['NAME1']",
                  "City": "@item()?['ORT01']",
                  "PostalCode": "@item()?['PSTLZ']",
                  "Street": "@item()?['STRAS']",
                  "AccountGroup": "@item()?['KTOKK']",
                  "Region": "@item()?['REGIO']",
                  "Vendor": "@if(isInt(item()?['LIFNR']), string(int(item()?['LIFNR'])), item()?['LIFNR'])",
                  "FullName": "@concat(if(isInt(item()?['LIFNR']), string(int(item()?['LIFNR'])), item()?['LIFNR']),' - ',item()?['NAME1'])"
                }
              }
            },
            "Condition": {
              "actions": {
                "Compose": {
                  "runAfter": {},
                  "metadata": {
                    "operationMetadataId": "294a89ae-1082-4d39-a51c-f110e7922d82"
                  },
                  "type": "Compose",
                  "inputs": {
                    "Header": "@body('Parse_Header')",
                    "Companies": "@body('Parse_LFB1')",
                    "PurchasingOrganizations": "@body('Parse_LFM1')",
                    "Phones": "@body('Parse_Phones')",
                    "Emails": "@body('Parse_Emails')",
                    "Status": "Success"
                  }
                },
                "Return_value(s)_to_Power_Pages": {
                  "runAfter": {
                    "Compose": [
                      "Succeeded"
                    ]
                  },
                  "metadata": {
                    "operationMetadataId": "8581c661-f27a-4eba-9749-4a3268c2c538"
                  },
                  "type": "Response",
                  "kind": "PowerPages",
                  "inputs": {
                    "statusCode": 200,
                    "body": {
                      "vendordetails": "@{outputs('Compose')}"
                    },
                    "schema": {
                      "type": "object",
                      "properties": {
                        "vendordetails": {
                          "title": "vendorDetails",
                          "x-ms-dynamically-added": true,
                          "type": "string"
                        }
                      }
                    }
                  }
                }
              },
              "runAfter": {
                "Parse_Phones": [
                  "Succeeded"
                ]
              },
              "else": {
                "actions": {
                  "Compose_2": {
                    "runAfter": {},
                    "metadata": {
                      "operationMetadataId": "d666d803-2bc7-415d-bfd9-4cc90a15b133"
                    },
                    "type": "Compose",
                    "inputs": {
                      "Status": "Failed",
                      "Error": "@variables('SAPErrorMessage')"
                    }
                  }
                }
              },
              "expression": {
                "greater": [
                  "@length(body('Parse_Header'))",
                  0
                ]
              },
              "metadata": {
                "operationMetadataId": "9686a90f-f0ba-452d-a9f3-6371fe263d2d"
              },
              "type": "If"
            },
            "LFA1": {
              "runAfter": {
                "Apply_to_each": [
                  "Succeeded"
                ]
              },
              "metadata": {
                "operationMetadataId": "b7b156df-fc7d-4494-a66a-867664010722"
              },
              "type": "OpenApiConnection",
              "inputs": {
                "host": {
                  "connectionName": "shared_saperp_1",
                  "operationId": "ReadTableVersion3",
                  "apiId": "/providers/Microsoft.PowerApps/apis/shared_saperp"
                },
                "parameters": {
                  "x-ms-sap-system": "@parameters('SAP Application Server (mpa_SAPApplicationServer)')",
                  "inputParameters/tableName": "LFA1",
                  "inputParameters/FieldNames": [
                    "LIFNR:Account Number of Vendor or Creditor",
                    "LAND1:Country Key",
                    "NAME1:Name 1",
                    "ORT01:City",
                    "PSTLZ:Postal Code",
                    "STRAS:Street and House Number",
                    "REGIO:Region (State, Province, County)",
                    "KTOKK:Supplier Account Group"
                  ],
                  "inputParameters/RowCount": 1,
                  "inputParameters/WhereFilters": [
                    "LIFNR = '@{if(isInt(variables('Vendor')), formatNumber(int(variables('Vendor')), 'D10'), variables('Vendor'))}'"
                  ]
                },
                "authentication": "@parameters('$authentication')"
              }
            },
            "Set_SAP_Error_Message": {
              "runAfter": {
                "LFA1": [
                  "Failed",
                  "TimedOut"
                ]
              },
              "metadata": {
                "operationMetadataId": "915b7404-7bb5-4de8-99be-befc23e109ce"
              },
              "type": "SetVariable",
              "inputs": {
                "name": "SAPErrorMessage",
                "value": "@body('LFA1')['error']['innerError']['error']['message']"
              }
            },
            "ADDRESS": {
              "runAfter": {
                "Parse_LFM1": [
                  "Succeeded"
                ]
              },
              "metadata": {
                "operationMetadataId": "583fc12f-9536-462a-a362-6d6ed06e7645"
              },
              "type": "OpenApiConnection",
              "inputs": {
                "host": {
                  "connectionName": "shared_saperp_1",
                  "operationId": "CallRfcJson",
                  "apiId": "/providers/Microsoft.PowerApps/apis/shared_saperp"
                },
                "parameters": {
                  "x-ms-sap-system": "@parameters('SAP Application Server (mpa_SAPApplicationServer)')",
                  "rfcName": "BAPI_ADDRESSORG_GETDETAIL",
                  "rfcGroupFilter": "*",
                  "autoCommit": false,
                  "rfcInputs/OBJ_ID": "@if(isInt(variables('Vendor')), formatNumber(int(variables('Vendor')), 'D10'), variables('Vendor'))",
                  "rfcInputs/OBJ_TYPE": "LFA1",
                  "rfcInputs/CONTEXT": "0001",
                  "rfcInputs/IV_CURRENT_COMM_DATA": "X"
                },
                "authentication": "@parameters('$authentication')"
              }
            },
            "Set_SAP_Error_Message_for_Address": {
              "runAfter": {
                "ADDRESS": [
                  "TimedOut",
                  "Failed"
                ]
              },
              "metadata": {
                "operationMetadataId": "4f9107b0-7bb8-4cba-bbee-34bc9cdf59f6"
              },
              "type": "SetVariable",
              "inputs": {
                "name": "SAPErrorMessage",
                "value": "@body('ADDRESS')['error']['message']"
              }
            },
            "Parse_Emails": {
              "runAfter": {
                "Set_SAP_Error_Message_for_Address": [
                  "Skipped"
                ]
              },
              "metadata": {
                "operationMetadataId": "6d1cb4f5-755e-4d35-8530-6a0becb63651"
              },
              "type": "Select",
              "inputs": {
                "from": "@outputs('ADDRESS')?['body/BAPIADSMTP']",
                "select": {
                  "Email": "@item()?['E_MAIL']",
                  "Default": "@if(equals(item()?['STD_NO'],'X'),true,false)",
                  "ID": "@item()?['CONSNUMBER']",
                  "CrudType": "R"
                }
              }
            },
            "Parse_Phones": {
              "runAfter": {
                "Parse_Emails": [
                  "Succeeded"
                ]
              },
              "metadata": {
                "operationMetadataId": "a14ea12c-d25d-4466-bafb-6b6efe335523"
              },
              "type": "Select",
              "inputs": {
                "from": "@outputs('ADDRESS')?['body/BAPIADTEL']",
                "select": {
                  "Country": "@item()?['COUNTRY']",
                  "Phone": "@item()?['TELEPHONE']",
                  "Extension": "@item()?['EXTENSION']",
                  "Default": "@if(equals(item()?['STD_NO'],'X'),true,false)",
                  "ID": "@item()?['CONSNUMBER']",
                  "CrudType": "R"
                }
              }
            },
            "LFB1": {
              "runAfter": {
                "Parse_Header": [
                  "Succeeded"
                ]
              },
              "metadata": {
                "operationMetadataId": "5f0a5786-6120-414c-8179-49f0e3eab46d"
              },
              "type": "OpenApiConnection",
              "inputs": {
                "host": {
                  "connectionName": "shared_saperp_1",
                  "operationId": "ReadTableVersion3",
                  "apiId": "/providers/Microsoft.PowerApps/apis/shared_saperp"
                },
                "parameters": {
                  "x-ms-sap-system": "@parameters('SAP Application Server (mpa_SAPApplicationServer)')",
                  "inputParameters/tableName": "LFB1",
                  "inputParameters/FieldNames": [
                    "AKONT:Reconciliation Account in General Ledger",
                    "BUKRS:Company Code",
                    "ZTERM:Terms of Payment Key",
                    "ZWELS:List of Respected Payment Methods",
                    "LIFNR:Account Number of Vendor or Creditor"
                  ],
                  "inputParameters/RowCount": "@parameters('SAP Count of Rows To Read (mpa_SAPCountofRowsToRead)')",
                  "inputParameters/WhereFilters": [
                    "LIFNR = '@{if(isInt(variables('Vendor')), formatNumber(int(variables('Vendor')), 'D10'), variables('Vendor'))}'",
                    "AND LOEVM = ''"
                  ]
                },
                "authentication": "@parameters('$authentication')"
              }
            },
            "Set_Error_Message_for_LFB1": {
              "runAfter": {
                "LFB1": [
                  "Failed",
                  "TimedOut"
                ]
              },
              "metadata": {
                "operationMetadataId": "6bad4bfb-1ed8-464d-8d83-67c9b793af04"
              },
              "type": "SetVariable",
              "inputs": {
                "name": "SAPErrorMessage",
                "value": "@body('LFB1')['error']['innerError']['error']['message']"
              }
            },
            "Parse_LFB1": {
              "runAfter": {
                "Set_Error_Message_for_LFB1": [
                  "Skipped"
                ]
              },
              "metadata": {
                "operationMetadataId": "43563833-bfbe-4c13-8113-77868e8c9696"
              },
              "type": "Select",
              "inputs": {
                "from": "@outputs('LFB1')?['body/Rows']",
                "select": {
                  "GLAccountRaw": "@item()?['AKONT']",
                  "CompanyCode": "@item()?['BUKRS']",
                  "PaymentTerms": "@item()?['ZTERM']",
                  "PaymentMethods": "@item()?['ZWELS']",
                  "GLAccount": "@if(isInt(item()?['AKONT']), string(int(item()?['AKONT'])), item()?['AKONT'])",
                  "ID": "@concat(item()?['LIFNR'],item()?['BUKRS'])"
                }
              }
            },
            "LFM1": {
              "runAfter": {
                "Parse_LFB1": [
                  "Succeeded"
                ]
              },
              "metadata": {
                "operationMetadataId": "68f5b3d4-43f4-4d4c-a2b1-aad735f3b23f"
              },
              "type": "OpenApiConnection",
              "inputs": {
                "host": {
                  "connectionName": "shared_saperp_1",
                  "operationId": "ReadTableVersion3",
                  "apiId": "/providers/Microsoft.PowerApps/apis/shared_saperp"
                },
                "parameters": {
                  "x-ms-sap-system": "@parameters('SAP Application Server (mpa_SAPApplicationServer)')",
                  "inputParameters/tableName": "LFM1",
                  "inputParameters/FieldNames": [
                    "EKGRP:Purchasing Group",
                    "EKORG:Purchasing Organization",
                    "WAERS:Purchase order currency",
                    "ZTERM:Terms of Payment Key",
                    "LIFNR:Vendor's account number"
                  ],
                  "inputParameters/RowCount": "@parameters('SAP Count of Rows To Read (mpa_SAPCountofRowsToRead)')",
                  "inputParameters/WhereFilters": [
                    "LIFNR = '@{if(isInt(variables('Vendor')), formatNumber(int(variables('Vendor')), 'D10'), variables('Vendor'))}'",
                    "AND LOEVM = ''"
                  ]
                },
                "authentication": "@parameters('$authentication')"
              }
            },
            "Set_Error_Message": {
              "runAfter": {
                "LFM1": [
                  "Failed",
                  "TimedOut"
                ]
              },
              "metadata": {
                "operationMetadataId": "96ce194c-73e7-4d51-ba0c-89c0715db66f"
              },
              "type": "SetVariable",
              "inputs": {
                "name": "SAPErrorMessage",
                "value": "@body('LFB1')['error']['innerError']['error']['message']"
              }
            },
            "Parse_LFM1": {
              "runAfter": {
                "Set_Error_Message": [
                  "Skipped"
                ]
              },
              "metadata": {
                "operationMetadataId": "0103a990-da78-4351-8629-4d7d3a1a0886"
              },
              "type": "Select",
              "inputs": {
                "from": "@outputs('LFM1')?['body/Rows']",
                "select": {
                  "PurchasingOrganization": "@item()?['EKORG']",
                  "PurchasingGroup": "@item()?['EKGRP']",
                  "Currency": "@item()?['WAERS']",
                  "PaymentTerms": "@item()?['ZTERM']",
                  "ID": "@concat(item()?['LIFNR'],item()?['EKORG'])"
                }
              }
            },
            "Get_Account_for_Primary_Contact": {
              "runAfter": {},
              "metadata": {
                "operationMetadataId": "53b32d3b-a11f-462f-8740-d9c31ac78390"
              },
              "type": "OpenApiConnection",
              "inputs": {
                "host": {
                  "connectionName": "shared_commondataserviceforapps",
                  "operationId": "ListRecords",
                  "apiId": "/providers/Microsoft.PowerApps/apis/shared_commondataserviceforapps"
                },
                "parameters": {
                  "entityName": "accounts",
                  "$select": "mpa_suppliernumbersap",
                  "$filter": "_primarycontactid_value eq @{triggerBody()['userId']}"
                },
                "authentication": "@parameters('$authentication')"
              }
            },
            "Apply_to_each": {
              "foreach": "@outputs('Get_Account_for_Primary_Contact')?['body/value']",
              "actions": {
                "Set_Variable_Supplier_Id_": {
                  "runAfter": {},
                  "metadata": {
                    "operationMetadataId": "4e3beddf-bae1-4f9c-ba39-8a08ced182b4"
                  },
                  "type": "SetVariable",
                  "inputs": {
                    "name": "Vendor",
                    "value": "@items('Apply_to_each')?['mpa_suppliernumbersap']"
                  }
                }
              },
              "runAfter": {
                "Get_Account_for_Primary_Contact": [
                  "Succeeded"
                ]
              },
              "metadata": {
                "operationMetadataId": "8ffc1356-32a2-4ef9-a953-56bbd4ab17e7"
              },
              "type": "Foreach"
            }
          },
          "runAfter": {
            "Initialize_variable_4": [
              "Succeeded"
            ]
          },
          "metadata": {
            "operationMetadataId": "f1a7d3e7-5910-4138-b6c9-1dd5ffa995b0"
          },
          "type": "Scope"
        },
        "Initialize_variable": {
          "runAfter": {
            "Initialize_SAPErrorMessage": [
              "Succeeded"
            ]
          },
          "metadata": {
            "operationMetadataId": "6d5bb2a6-2167-4081-95e7-c79ee01f5371"
          },
          "type": "InitializeVariable",
          "inputs": {
            "variables": [
              {
                "name": "HeaderBodyLength",
                "type": "integer",
                "value": 0
              }
            ]
          }
        },
        "Initialize_SAP_Vendor_Id": {
          "runAfter": {},
          "metadata": {
            "operationMetadataId": "d7bbf13c-7409-4773-a673-17a2e81f9114"
          },
          "type": "InitializeVariable",
          "inputs": {
            "variables": [
              {
                "name": "Vendor",
                "type": "string"
              }
            ]
          }
        },
        "Initialize_variable_2": {
          "runAfter": {
            "Initialize_variable": [
              "Succeeded"
            ]
          },
          "metadata": {
            "operationMetadataId": "243372a7-676f-4cd5-99b9-f34ce3162220"
          },
          "type": "InitializeVariable",
          "inputs": {
            "variables": [
              {
                "name": "App  server",
                "type": "string",
                "value": "@parameters('SAP Application Server (mpa_SAPApplicationServer)')"
              }
            ]
          }
        },
        "Initialize_variable_3": {
          "runAfter": {
            "Initialize_variable_2": [
              "Succeeded"
            ]
          },
          "metadata": {
            "operationMetadataId": "7174247f-4320-4664-8254-a98d5691fe80"
          },
          "type": "InitializeVariable",
          "inputs": {
            "variables": [
              {
                "name": "Sap system Id",
                "type": "string",
                "value": "@parameters('SAP System ID (mpa_SAPSystemID)')"
              }
            ]
          }
        },
        "Initialize_variable_4": {
          "runAfter": {
            "Initialize_variable_3": [
              "Succeeded"
            ]
          },
          "metadata": {
            "operationMetadataId": "b2402f12-ffd6-4cd5-bbe9-56a764b7bed8"
          },
          "type": "InitializeVariable",
          "inputs": {
            "variables": [
              {
                "name": "SAP Client Id",
                "type": "string",
                "value": "@parameters('SAP Client ID (mpa_SAPClientID)')"
              }
            ]
          }
        }
      },
      "outputs": {}
    },
    "templateName": ""
  },
  "schemaVersion": "1.0.0.0"
}