{
  "properties": {
    "connectionReferences": {
      "shared_commondataserviceforapps": {
        "runtimeSource": "embedded",
        "connection": {
          "connectionReferenceLogicalName": "new_sharedcommondataserviceforapps_3ac8e"
        },
        "api": {
          "name": "shared_commondataserviceforapps"
        }
      },
      "shared_saperp_1": {
        "runtimeSource": "embedded",
        "connection": {
          "connectionReferenceLogicalName": "mpa_PowerPagesERPServiceConnection"
        },
        "api": {
          "name": "shared_saperp"
        }
      }
    },
    "definition": {
      "$schema": "https://schema.management.azure.com/providers/Microsoft.Logic/schemas/2016-06-01/workflowdefinition.json#",
      "contentVersion": "1.0.0.0",
      "parameters": {
        "$connections": {
          "defaultValue": {},
          "type": "Object"
        },
        "$authentication": {
          "defaultValue": {},
          "type": "SecureObject"
        },
        "SAP Application Server (mpa_SAPApplicationServer)": {
          "defaultValue": "{\"AppServerHost\":\"10.0.0.10\",\"Client\":\"800\",\"SystemNumber\":\"00\",\"LogonType\":\"ApplicationServer\"}",
          "type": "String",
          "metadata": {
            "schemaName": "mpa_SAPApplicationServer",
            "description": "JSON string that contains system parameters, host, system number, client, etc."
          }
        }
      },
      "triggers": {
        "manual": {
          "metadata": {
            "operationMetadataId": "232895b9-82c5-4cd3-b2bc-5564ab46dc28"
          },
          "type": "Request",
          "kind": "VirtualAgent",
          "inputs": {
            "schema": {
              "type": "object",
              "properties": {
                "text": {
                  "title": "Input",
                  "type": "string",
                  "x-ms-dynamically-added": true,
                  "description": "Please enter your input",
                  "x-ms-content-hint": "TEXT"
                },
                "text_1": {
                  "title": "userid",
                  "type": "string",
                  "x-ms-dynamically-added": true,
                  "description": "Please enter your input",
                  "x-ms-content-hint": "TEXT"
                }
              },
              "required": [
                "text",
                "text_1"
              ]
            }
          }
        }
      },
      "actions": {
        "Try": {
          "actions": {
            "Set_variable": {
              "runAfter": {
                "Header": [
                  "Failed",
                  "TimedOut"
                ]
              },
              "metadata": {
                "operationMetadataId": "fd0a2781-5b86-4729-9f16-9e3f5a86a65d"
              },
              "type": "SetVariable",
              "inputs": {
                "name": "SAPErrorMessage",
                "value": "@{body('Header')['error']['message']}"
              }
            },
            "Condition": {
              "actions": {
                "Set_variable_2": {
                  "runAfter": {},
                  "metadata": {
                    "operationMetadataId": "eca5bdf7-c0d7-4336-b01f-db3d8516e430"
                  },
                  "type": "SetVariable",
                  "inputs": {
                    "name": "Invoice Status",
                    "value": "@{first(outputs('Header')?['body/rows'])?['RBSTAT']}"
                  }
                },
                "Return_value(s)_to_Power_Virtual_Agents_2": {
                  "runAfter": {
                    "Set_variable_2": [
                      "Succeeded"
                    ]
                  },
                  "metadata": {
                    "operationMetadataId": "4ca2d61a-1460-421d-a780-e897e0d059d3"
                  },
                  "type": "Response",
                  "kind": "VirtualAgent",
                  "inputs": {
                    "statusCode": 200,
                    "body": {
                      "response": "@variables('Invoice Status')"
                    },
                    "schema": {
                      "type": "object",
                      "properties": {
                        "response": {
                          "title": "response",
                          "x-ms-dynamically-added": true,
                          "type": "string"
                        }
                      }
                    }
                  }
                }
              },
              "runAfter": {
                "Set_variable": [
                  "Skipped"
                ]
              },
              "else": {
                "actions": {
                  "Return_value(s)_to_Power_Virtual_Agents": {
                    "runAfter": {},
                    "metadata": {
                      "operationMetadataId": "41605ea1-27f5-44aa-9baf-2bcf7fb08a83"
                    },
                    "type": "Response",
                    "kind": "VirtualAgent",
                    "inputs": {
                      "statusCode": 200,
                      "body": {
                        "response": "notfound"
                      },
                      "schema": {
                        "type": "object",
                        "properties": {
                          "response": {
                            "title": "response",
                            "x-ms-dynamically-added": true,
                            "type": "string"
                          }
                        }
                      }
                    }
                  }
                }
              },
              "expression": {
                "greater": [
                  "@length(outputs('Header')?['body/Rows'])",
                  0
                ]
              },
              "metadata": {
                "operationMetadataId": "8f0eb099-2d49-4b50-859f-ef935aa3f91b"
              },
              "type": "If"
            },
            "List_rows": {
              "runAfter": {},
              "metadata": {
                "operationMetadataId": "a6e32b3f-221a-4e01-936d-b43cc5e39a1e"
              },
              "type": "OpenApiConnection",
              "inputs": {
                "host": {
                  "connectionName": "shared_commondataserviceforapps",
                  "operationId": "ListRecords",
                  "apiId": "/providers/Microsoft.PowerApps/apis/shared_commondataserviceforapps"
                },
                "parameters": {
                  "entityName": "accounts",
                  "$select": "mpa_suppliernumbersap",
                  "$filter": "_primarycontactid_value eq  @{variables('UserId')}"
                },
                "authentication": "@parameters('$authentication')"
              }
            },
            "Header": {
              "runAfter": {
                "Apply_to_each": [
                  "Succeeded"
                ]
              },
              "metadata": {
                "operationMetadataId": "9af2e248-68ac-476e-975c-7b7096505994"
              },
              "type": "OpenApiConnection",
              "inputs": {
                "host": {
                  "connectionName": "shared_saperp_1",
                  "operationId": "ReadTableVersion3",
                  "apiId": "/providers/Microsoft.PowerApps/apis/shared_saperp"
                },
                "parameters": {
                  "x-ms-sap-system": "@parameters('SAP Application Server (mpa_SAPApplicationServer)')",
                  "inputParameters/tableName": "RBKP",
                  "inputParameters/FieldNames": [
                    "RBSTAT:Invoice document status",
                    "LIFNR:Different Invoicing Party"
                  ],
                  "inputParameters/WhereFilters": [
                    "BELNR = '@{triggerBody()['text']}'",
                    "AND LIFNR = '@{if(isInt(variables('Vendor')), formatNumber(int(variables('Vendor')), 'D10'), variables('Vendor'))}'"
                  ]
                },
                "authentication": "@parameters('$authentication')"
              }
            },
            "Apply_to_each": {
              "foreach": "@outputs('List_rows')?['body/value']",
              "actions": {
                "Set_variable_3": {
                  "runAfter": {},
                  "metadata": {
                    "operationMetadataId": "c2ec565a-4baf-4b38-af01-b978fa773587"
                  },
                  "type": "SetVariable",
                  "inputs": {
                    "name": "Vendor",
                    "value": "@items('Apply_to_each')?['mpa_suppliernumbersap']"
                  }
                }
              },
              "runAfter": {
                "List_rows": [
                  "Succeeded"
                ]
              },
              "metadata": {
                "operationMetadataId": "652ddae4-d4f1-4779-9efe-beb325bef98a"
              },
              "type": "Foreach"
            }
          },
          "runAfter": {
            "Initialize_variable": [
              "Succeeded"
            ]
          },
          "metadata": {
            "operationMetadataId": "8877bd53-0fe8-44f2-b5e7-449024f59848"
          },
          "type": "Scope"
        },
        "Catch": {
          "actions": {},
          "runAfter": {
            "Try": [
              "Failed",
              "TimedOut"
            ]
          },
          "metadata": {
            "operationMetadataId": "515186b8-82d7-4edf-974c-12f2f5061dcd"
          },
          "type": "Scope"
        },
        "Initialize_Error_Message": {
          "runAfter": {
            "Initialize_variable_3": [
              "Succeeded"
            ]
          },
          "metadata": {
            "operationMetadataId": "faee3d00-61f4-4ea4-950a-1948e109d589"
          },
          "type": "InitializeVariable",
          "inputs": {
            "variables": [
              {
                "name": "SAPErrorMessage",
                "type": "string"
              }
            ]
          }
        },
        "Initialize_Invoice": {
          "runAfter": {
            "Initialize_Error_Message": [
              "Succeeded"
            ]
          },
          "metadata": {
            "operationMetadataId": "3267d0fc-c0d4-4c17-8e2a-7dc520639629"
          },
          "type": "InitializeVariable",
          "inputs": {
            "variables": [
              {
                "name": "Invoice Status",
                "type": "string"
              }
            ]
          }
        },
        "Initialize_variable": {
          "runAfter": {
            "Initialize_Invoice": [
              "Succeeded"
            ]
          },
          "metadata": {
            "operationMetadataId": "ebd1cbcf-b935-48ed-9239-52401d2fcb90"
          },
          "type": "InitializeVariable",
          "inputs": {
            "variables": [
              {
                "name": "Vendor",
                "type": "string"
              }
            ]
          }
        },
        "Initialize_variable_2": {
          "runAfter": {},
          "metadata": {
            "operationMetadataId": "8486b761-71e7-4af7-b1d5-729cbcdf12c5"
          },
          "type": "InitializeVariable",
          "inputs": {
            "variables": [
              {
                "name": "UserId",
                "type": "string",
                "value": "@triggerBody()['text_1']"
              }
            ]
          }
        },
        "Initialize_variable_3": {
          "runAfter": {
            "Initialize_variable_2": [
              "Succeeded"
            ]
          },
          "metadata": {
            "operationMetadataId": "673af7e1-58cb-42ae-97ce-9b81e9952cba"
          },
          "type": "InitializeVariable",
          "inputs": {
            "variables": [
              {
                "name": "SupplierId",
                "type": "string"
              }
            ]
          }
        }
      },
      "outputs": {}
    },
    "templateName": ""
  },
  "schemaVersion": "1.0.0.0"
}