<powerpagecomponent powerpagecomponentid="ad14726f-c8e5-4988-8e6e-35dab23020e8">
  <content>{"display_name":"Header/Search/Label","type":756150000,"value":"Search"}</content>
  <iscustomizable>1</iscustomizable>
  <name>Header/Search/Label</name>
  <powerpagecomponenttype>7</powerpagecomponenttype>
  <powerpagesiteid>
    <powerpagesiteid>99af4f03-6a66-4c36-963b-164265f26ce8</powerpagesiteid>
  </powerpagesiteid>
  <powerpagesitelanguageid>
    <powerpagesitelanguageid>732bd198-dcfc-406a-8b9e-0375589318f3</powerpagesitelanguageid>
  </powerpagesitelanguageid>
  <statecode>0</statecode>
  <statuscode>1</statuscode>
</powerpagecomponent>