<environmentvariabledefinition schemaname="mpa_SAPSPRAS">
  <description default="Language Key from T002-SPRAS">
    <label description="Language Key from T002-SPRAS" languagecode="1033" />
  </description>
  <displayname default="SAP Language Key">
    <label description="SAP Language Key" languagecode="1033" />
  </displayname>
  <introducedversion>1.0.0.0</introducedversion>
  <iscustomizable>1</iscustomizable>
  <isrequired>0</isrequired>
  <secretstore>0</secretstore>
  <type>100000000</type>
</environmentvariabledefinition>