<powerpagecomponent powerpagecomponentid="06f70a5d-ef43-49e6-b18f-408f3fd07d68">
  <content>{"disablepagevalidation":false,"displayimageonly":false,"displayorder":4,"displaypagechildlinks":false,"openinnewwindow":false,"pageid":"d89eafa0-f5be-4230-ae8c-db4098b9042d","publishingstateid":"9137c988-52cc-46f0-8cea-e558f5887e5f","robotsfollowlink":true,"weblinksetid":"cf8e6bd4-52c2-4475-8f06-b0d8c3afce48"}</content>
  <iscustomizable>1</iscustomizable>
  <name>Contact us</name>
  <powerpagecomponenttype>5</powerpagecomponenttype>
  <powerpagesiteid>
    <powerpagesiteid>99af4f03-6a66-4c36-963b-164265f26ce8</powerpagesiteid>
  </powerpagesiteid>
  <statecode>0</statecode>
  <statuscode>1</statuscode>
</powerpagecomponent>