<powerpagecomponent powerpagecomponentid="af80b0c3-9b1f-411e-a676-3fb4567cb14f">
  <content>{
  "filecontent": null,
  "copy": "&lt;div class='row sectionBlockLayout' data-component-theme='portalThemeColor6' style='display: flex; flex-wrap: wrap; height: 15px; min-height: 15px;'&gt;&lt;/div&gt;\r\n&lt;div class='row sectionBlockLayout' style='display: flex; flex-wrap: wrap; text-align: left; min-height: auto;'&gt;\r\n  &lt;div class='container' style='padding: 0px; display: flex; flex-wrap: wrap;'&gt;\r\n    &lt;div class='col-lg-12 columnBlockLayout' style='flex-grow: 1; display: flex; flex-direction: column; min-width: 300px;'&gt;\r\n      &lt;h2&gt;Subpage one&lt;/h2&gt;\r\n      &lt;p&gt;This page can be customized by adding new sections and components.&lt;/p&gt;\r\n    &lt;/div&gt;\r\n  &lt;/div&gt;\r\n&lt;/div&gt;\r\n&lt;div class='row sectionBlockLayout' style='display: flex; flex-wrap: wrap; text-align: left; min-height: auto;'&gt;\r\n  &lt;div class='container' style='padding: 0px; display: flex; flex-wrap: wrap;'&gt;\r\n    &lt;div class='col-lg-6 columnBlockLayout' style='flex-grow: 1; display: flex; flex-direction: column; min-width: 300px;'&gt;&lt;img src='/Geometric-2.png' name='Geometric-2.png' alt='' style='max-width: 100%; width: 132%; height: 336px; margin-left: auto; margin-right: auto;'&gt;&lt;/div&gt;\r\n    &lt;div class='col-lg-6 columnBlockLayout' style='flex-grow: 1; display: flex; flex-direction: column; min-width: 300px;'&gt;\r\n      &lt;h2&gt;Product or service one&lt;/h2&gt;\r\n      &lt;p&gt;This section could provide testimonials, links to training or documentation, or introduce other actions your audience may want to take.&lt;/p&gt;\r\n    &lt;/div&gt;\r\n  &lt;/div&gt;\r\n&lt;/div&gt;\r\n&lt;div class='row sectionBlockLayout' data-component-theme='portalThemeColor2' style='display: flex; flex-wrap: wrap; min-height: 28px;'&gt;&lt;/div&gt;\r\n&lt;div class='row sectionBlockLayout' data-component-theme='portalThemeColor6' style='display: flex; flex-wrap: wrap; min-height: 52px;'&gt;&lt;/div&gt;\r\n",
  "displayorder": 1,
  "enablerating": false,
  "enabletracking": false,
  "excludefromsearch": false,
  "feedbackpolicy": 756150000,
  "hiddenfromsitemap": false,
  "isroot": false,
  "pagetemplateid": "5303c14c-7ff4-494a-a44b-a19a62c9889a",
  "parentpageid": "796c7d01-6a26-4c52-9185-95bf0a21f7a4",
  "partialurl": "subpage-1-deleted",
  "publishingstateid": "9137c988-52cc-46f0-8cea-e558f5887e5f",
  "rootwebpageid": "17715d2d-46ae-43a9-94b2-0c91390ea202",
  "sharedpageconfiguration": false,
  "summary": "&lt;p&gt;You can include a description of your child page here.&lt;/p&gt;",
  "title": "Subpage 1"
}</content>
  <iscustomizable>1</iscustomizable>
  <name>Subpage 1-deleted</name>
  <powerpagecomponenttype>2</powerpagecomponenttype>
  <powerpagesiteid>
    <powerpagesiteid>99af4f03-6a66-4c36-963b-164265f26ce8</powerpagesiteid>
  </powerpagesiteid>
  <powerpagesitelanguageid>
    <powerpagesitelanguageid>732bd198-dcfc-406a-8b9e-0375589318f3</powerpagesitelanguageid>
  </powerpagesitelanguageid>
  <searchcontent>Subpage 1&lt;div class='row sectionBlockLayout' data-component-theme='portalThemeColor6' style='display: flex; flex-wrap: wrap; height: 15px; min-height: 15px;'&gt;&lt;/div&gt;
&lt;div class='row sectionBlockLayout' style='display: flex; flex-wrap: wrap; text-align: left; min-height: auto;'&gt;
  &lt;div class='container' style='padding: 0px; display: flex; flex-wrap: wrap;'&gt;
    &lt;div class='col-lg-12 columnBlockLayout' style='flex-grow: 1; display: flex; flex-direction: column; min-width: 300px;'&gt;
      &lt;h2&gt;Subpage one&lt;/h2&gt;
      &lt;p&gt;This page can be customized by adding new sections and components.&lt;/p&gt;
    &lt;/div&gt;
  &lt;/div&gt;
&lt;/div&gt;
&lt;div class='row sectionBlockLayout' style='display: flex; flex-wrap: wrap; text-align: left; min-height: auto;'&gt;
  &lt;div class='container' style='padding: 0px; display: flex; flex-wrap: wrap;'&gt;
    &lt;div class='col-lg-6 columnBlockLayout' style='flex-grow: 1; display: flex; flex-direction: column; min-width: 300px;'&gt;&lt;img src='/Geometric-2.png' name='Geometric-2.png' alt='' style='max-width: 100%; width: 132%; height: 336px; margin-left: auto; margin-right: auto;'&gt;&lt;/div&gt;
    &lt;div class='col-lg-6 columnBlockLayout' style='flex-grow: 1; display: flex; flex-direction: column; min-width: 300px;'&gt;
      &lt;h2&gt;Product or service one&lt;/h2&gt;
      &lt;p&gt;This section could provide testimonials, links to training or documentation, or introduce other actions your audience may want to take.&lt;/p&gt;
    &lt;/div&gt;
  &lt;/div&gt;
&lt;/div&gt;
&lt;div class='row sectionBlockLayout' data-component-theme='portalThemeColor2' style='display: flex; flex-wrap: wrap; min-height: 28px;'&gt;&lt;/div&gt;
&lt;div class='row sectionBlockLayout' data-component-theme='portalThemeColor6' style='display: flex; flex-wrap: wrap; min-height: 52px;'&gt;&lt;/div&gt;
Subpage 1-deleted</searchcontent>
  <statecode>1</statecode>
  <statuscode>2</statuscode>
</powerpagecomponent>