<powerpagecomponent powerpagecomponentid="1f1acd81-786a-4330-af7c-8f8c2a8ff199">
  <content>{"display_name":"Account/Register/External Authentication Failed","type":756150000,"value":"Sign in failed."}</content>
  <iscustomizable>1</iscustomizable>
  <name>Account/Register/ExternalAuthenticationFailed</name>
  <powerpagecomponenttype>7</powerpagecomponenttype>
  <powerpagesiteid>
    <powerpagesiteid>99af4f03-6a66-4c36-963b-164265f26ce8</powerpagesiteid>
  </powerpagesiteid>
  <powerpagesitelanguageid>
    <powerpagesitelanguageid>732bd198-dcfc-406a-8b9e-0375589318f3</powerpagesitelanguageid>
  </powerpagesitelanguageid>
  <statecode>0</statecode>
  <statuscode>1</statuscode>
</powerpagecomponent>