{
  "properties": {
    "connectionReferences": {
      "shared_microsoftcopilotstudio": {
        "runtimeSource": "embedded",
        "connection": {
          "connectionReferenceLogicalName": "crce0_sharedmicrosoftcopilotstudio_aa291"
        },
        "api": {
          "name": "shared_microsoftcopilotstudio"
        }
      }
    },
    "definition": {
      "$schema": "https://schema.management.azure.com/providers/Microsoft.Logic/schemas/2016-06-01/workflowdefinition.json#",
      "contentVersion": "1.0.0.0",
      "parameters": {
        "$connections": {
          "defaultValue": {},
          "type": "Object"
        },
        "$authentication": {
          "defaultValue": {},
          "type": "SecureObject"
        }
      },
      "triggers": {
        "manual": {
          "metadata": {
            "operationMetadataId": "b8f61c18-7224-4f8a-9c5f-72fbce5df764"
          },
          "type": "Request",
          "kind": "Skills",
          "inputs": {
            "schema": {
              "type": "object",
              "properties": {
                "text": {
                  "description": "Please enter your input",
                  "title": "Report Content",
                  "type": "string",
                  "x-ms-content-hint": "TEXT",
                  "x-ms-dynamically-added": true
                }
              },
              "required": [
                "text"
              ]
            }
          }
        }
      },
      "actions": {
        "Execute_Copilot": {
          "runAfter": {},
          "metadata": {
            "operationMetadataId": "479ae358-c515-4cd0-96e1-cf1688bad347"
          },
          "type": "OpenApiConnection",
          "inputs": {
            "host": {
              "connectionName": "shared_microsoftcopilotstudio",
              "operationId": "ExecuteCopilot",
              "apiId": "/providers/Microsoft.PowerApps/apis/shared_microsoftcopilotstudio"
            },
            "parameters": {
              "Copilot": "crce0_supplyChainMultiAgent1",
              "body/message": "This is the report content: @{triggerBody()?['text']} \n\nIMPORTANT: Be sure to Send Email and Add to Excel."
            },
            "authentication": "@parameters('$authentication')"
          }
        },
        "Respond_to_Copilot": {
          "runAfter": {
            "Execute_Copilot": [
              "Succeeded"
            ]
          },
          "metadata": {
            "operationMetadataId": "8be40f18-cc5b-450d-8ece-1530e0bd035d"
          },
          "type": "Response",
          "kind": "Skills",
          "inputs": {
            "statusCode": 200,
            "body": {
              "output": "@{body('Execute_Copilot')}"
            },
            "schema": {
              "type": "object",
              "properties": {
                "output": {
                  "title": "output",
                  "x-ms-dynamically-added": true,
                  "type": "string"
                }
              }
            }
          }
        }
      },
      "outputs": {}
    },
    "templateName": ""
  },
  "schemaVersion": "1.0.0.0"
}