{
  "properties": {
    "connectionReferences": {
      "shared_excelonlinebusiness": {
        "runtimeSource": "embedded",
        "connection": {
          "connectionReferenceLogicalName": "crce0_sharedexcelonlinebusiness_c6975"
        },
        "api": {
          "name": "shared_excelonlinebusiness"
        }
      }
    },
    "definition": {
      "$schema": "https://schema.management.azure.com/providers/Microsoft.Logic/schemas/2016-06-01/workflowdefinition.json#",
      "contentVersion": "1.0.0.0",
      "parameters": {
        "$connections": {
          "defaultValue": {},
          "type": "Object"
        },
        "$authentication": {
          "defaultValue": {},
          "type": "SecureObject"
        }
      },
      "triggers": {
        "manual": {
          "metadata": {
            "operationMetadataId": "b8f61c18-7224-4f8a-9c5f-72fbce5df764"
          },
          "type": "Request",
          "kind": "Skills",
          "inputs": {
            "schema": {
              "type": "object",
              "properties": {},
              "required": []
            }
          }
        }
      },
      "actions": {
        "Respond_to_Copilot": {
          "runAfter": {
            "List_rows_present_in_a_table": [
              "Succeeded"
            ]
          },
          "metadata": {
            "operationMetadataId": "81c94f73-dd52-465c-ad3b-a4686da63cc3"
          },
          "type": "Response",
          "kind": "Skills",
          "inputs": {
            "statusCode": 200,
            "body": {
              "output": "@outputs('List_rows_present_in_a_table')?['body/value']"
            },
            "schema": {
              "type": "object",
              "properties": {
                "output": {
                  "title": "output",
                  "x-ms-dynamically-added": true,
                  "type": "string"
                }
              }
            }
          }
        },
        "List_rows_present_in_a_table": {
          "runAfter": {},
          "metadata": {
            "01FQOP5YCCPWZODJ4ZTRBZOFQISDPSRFJ3": "/SupplyChainAgentDocuments/MarketFreightPriceFolder/MarketFreightPrice.xlsx",
            "tableId": "{C2489019-5D46-4CDD-A1D4-AA1611A19C60}",
            "operationMetadataId": "eddceec7-651d-474d-a995-e5dcaa72171b"
          },
          "type": "OpenApiConnection",
          "inputs": {
            "parameters": {
              "source": "me",
              "drive": "b!A7r6KiS7pk-HuwythSBB3TatM1i2owxEgZLS7huQVsBUl2tB_ep6S7vU83fFT7oM",
              "file": "01FQOP5YCCPWZODJ4ZTRBZOFQISDPSRFJ3",
              "table": "{C2489019-5D46-4CDD-A1D4-AA1611A19C60}"
            },
            "host": {
              "connectionName": "shared_excelonlinebusiness",
              "operationId": "GetItems",
              "apiId": "/providers/Microsoft.PowerApps/apis/shared_excelonlinebusiness"
            },
            "authentication": {
              "value": "@json(decodeBase64(triggerOutputs().headers['X-MS-APIM-Tokens']))['$ConnectionKey']",
              "type": "Raw"
            }
          }
        }
      },
      "outputs": {}
    },
    "templateName": "8966f0978a80430098d992ce322095e3"
  },
  "schemaVersion": "1.0.0.0"
}