{
  "properties": {
    "connectionReferences": {
      "shared_microsoftcopilotstudio": {
        "runtimeSource": "embedded",
        "connection": {
          "connectionReferenceLogicalName": "crce0_sharedmicrosoftcopilotstudio_aa291"
        },
        "api": {
          "name": "shared_microsoftcopilotstudio"
        }
      },
      "shared_onedriveforbusiness": {
        "runtimeSource": "embedded",
        "connection": {
          "connectionReferenceLogicalName": "crce0_sharedonedriveforbusiness_0eb3e"
        },
        "api": {
          "name": "shared_onedriveforbusiness"
        }
      }
    },
    "definition": {
      "$schema": "https://schema.management.azure.com/providers/Microsoft.Logic/schemas/2016-06-01/workflowdefinition.json#",
      "contentVersion": "1.0.0.0",
      "parameters": {
        "$connections": {
          "defaultValue": {},
          "type": "Object"
        },
        "$authentication": {
          "defaultValue": {},
          "type": "SecureObject"
        }
      },
      "triggers": {
        "When_a_file_is_modified": {
          "recurrence": {
            "interval": 1,
            "frequency": "Minute"
          },
          "metadata": {
            "b!A7r6KiS7pk-HuwythSBB3TatM1i2owxEgZLS7huQVsBUl2tB_ep6S7vU83fFT7oM.01FQOP5YGGOPDPN4NATBFYDLSPLTRBT5NL": "/Marketing Brief Agent",
            "b!A7r6KiS7pk-HuwythSBB3TatM1i2owxEgZLS7huQVsBUl2tB_ep6S7vU83fFT7oM.01FQOP5YGWPHLZNE5FXJHIW2NIIRIVNVZL": "/SupplyChainAgentDocuments/MarketFreightPriceFolder",
            "operationMetadataId": "ec68c318-c3d6-48a6-aaed-9e8806b71bf5"
          },
          "type": "OpenApiConnection",
          "inputs": {
            "host": {
              "connectionName": "shared_onedriveforbusiness",
              "operationId": "OnUpdatedFileV2",
              "apiId": "/providers/Microsoft.PowerApps/apis/shared_onedriveforbusiness"
            },
            "parameters": {
              "folderId": "b!A7r6KiS7pk-HuwythSBB3TatM1i2owxEgZLS7huQVsBUl2tB_ep6S7vU83fFT7oM.01FQOP5YGWPHLZNE5FXJHIW2NIIRIVNVZL"
            },
            "authentication": "@parameters('$authentication')"
          }
        }
      },
      "actions": {
        "Sends_a_prompt_to_the_specified_copilot_for_processing": {
          "runAfter": {},
          "metadata": {
            "operationMetadataId": "9ead15b6-e018-4971-9646-472ed8e1bcfc"
          },
          "type": "OpenApiConnection",
          "inputs": {
            "host": {
              "connectionName": "shared_microsoftcopilotstudio",
              "operationId": "ExecuteCopilot",
              "apiId": "/providers/Microsoft.PowerApps/apis/shared_microsoftcopilotstudio"
            },
            "parameters": {
              "Copilot": "crce0_supplyChianMultiAgent2",
              "body/message": "12344"
            },
            "authentication": "@parameters('$authentication')"
          }
        }
      }
    },
    "templateName": ""
  },
  "schemaVersion": "1.0.0.0"
}