﻿<?xml version="1.0" encoding="utf-8"?>
<ImportExportXml version="9.2.23103.264" SolutionPackageVersion="9.2" languagecode="1033" generatedBy="CrmLive" xmlns:xsi="http://www.w3.org/2001/XMLSchema-instance">
  <SolutionManifest>
    <UniqueName>mpa_AppointmentBooking</UniqueName>
    <LocalizedNames>
      <LocalizedName description="Appointment Booking" languagecode="1033" />
    </LocalizedNames>
    <Descriptions />
    <Version>1.0.0.5</Version>
    <Managed>0</Managed>
    <Publisher>
      <UniqueName>Power_Apps_Innovation_Center</UniqueName>
      <LocalizedNames>
        <LocalizedName description="Power Apps Innovation Center" languagecode="1033" />
      </LocalizedNames>
      <Descriptions>
        <Description description="Publisher for the Power Apps Innovation Center team" languagecode="1033" />
      </Descriptions>
      <EMailAddress xsi:nil="true"></EMailAddress>
      <SupportingWebsiteUrl xsi:nil="true"></SupportingWebsiteUrl>
      <CustomizationPrefix>mpa</CustomizationPrefix>
      <CustomizationOptionValuePrefix>86542</CustomizationOptionValuePrefix>
      <Addresses>
        <Address>
          <AddressNumber>1</AddressNumber>
          <AddressTypeCode>1</AddressTypeCode>
          <City xsi:nil="true"></City>
          <County xsi:nil="true"></County>
          <Country xsi:nil="true"></Country>
          <Fax xsi:nil="true"></Fax>
          <FreightTermsCode xsi:nil="true"></FreightTermsCode>
          <ImportSequenceNumber xsi:nil="true"></ImportSequenceNumber>
          <Latitude xsi:nil="true"></Latitude>
          <Line1 xsi:nil="true"></Line1>
          <Line2 xsi:nil="true"></Line2>
          <Line3 xsi:nil="true"></Line3>
          <Longitude xsi:nil="true"></Longitude>
          <Name xsi:nil="true"></Name>
          <PostalCode xsi:nil="true"></PostalCode>
          <PostOfficeBox xsi:nil="true"></PostOfficeBox>
          <PrimaryContactName xsi:nil="true"></PrimaryContactName>
          <ShippingMethodCode>1</ShippingMethodCode>
          <StateOrProvince xsi:nil="true"></StateOrProvince>
          <Telephone1 xsi:nil="true"></Telephone1>
          <Telephone2 xsi:nil="true"></Telephone2>
          <Telephone3 xsi:nil="true"></Telephone3>
          <TimeZoneRuleVersionNumber xsi:nil="true"></TimeZoneRuleVersionNumber>
          <UPSZone xsi:nil="true"></UPSZone>
          <UTCOffset xsi:nil="true"></UTCOffset>
          <UTCConversionTimeZoneCode xsi:nil="true"></UTCConversionTimeZoneCode>
        </Address>
        <Address>
          <AddressNumber>2</AddressNumber>
          <AddressTypeCode>1</AddressTypeCode>
          <City xsi:nil="true"></City>
          <County xsi:nil="true"></County>
          <Country xsi:nil="true"></Country>
          <Fax xsi:nil="true"></Fax>
          <FreightTermsCode xsi:nil="true"></FreightTermsCode>
          <ImportSequenceNumber xsi:nil="true"></ImportSequenceNumber>
          <Latitude xsi:nil="true"></Latitude>
          <Line1 xsi:nil="true"></Line1>
          <Line2 xsi:nil="true"></Line2>
          <Line3 xsi:nil="true"></Line3>
          <Longitude xsi:nil="true"></Longitude>
          <Name xsi:nil="true"></Name>
          <PostalCode xsi:nil="true"></PostalCode>
          <PostOfficeBox xsi:nil="true"></PostOfficeBox>
          <PrimaryContactName xsi:nil="true"></PrimaryContactName>
          <ShippingMethodCode>1</ShippingMethodCode>
          <StateOrProvince xsi:nil="true"></StateOrProvince>
          <Telephone1 xsi:nil="true"></Telephone1>
          <Telephone2 xsi:nil="true"></Telephone2>
          <Telephone3 xsi:nil="true"></Telephone3>
          <TimeZoneRuleVersionNumber xsi:nil="true"></TimeZoneRuleVersionNumber>
          <UPSZone xsi:nil="true"></UPSZone>
          <UTCOffset xsi:nil="true"></UTCOffset>
          <UTCConversionTimeZoneCode xsi:nil="true"></UTCConversionTimeZoneCode>
        </Address>
      </Addresses>
    </Publisher>
    <RootComponents>
      <RootComponent type="1" schemaName="contact" behavior="2" />
      <RootComponent type="1" schemaName="mpa_aptbk_appointmentbooking" behavior="0" />
      <RootComponent type="1" schemaName="mpa_aptbk_appointmentroomnumber" behavior="0" />
      <RootComponent type="1" schemaName="mpa_aptbk_appointmentslot" behavior="0" />
      <RootComponent type="1" schemaName="mpa_aptbk_appointmenttype" behavior="0" />
      <RootComponent type="1" schemaName="mpa_aptbk_location" behavior="0" />
      <RootComponent type="1" schemaName="systemuser" behavior="2" />
      <RootComponent type="20" id="{0dd0aeff-2c79-ee11-8179-00224805c837}" behavior="0" />
      <RootComponent type="20" id="{a34fed73-2d79-ee11-8179-00224805c837}" behavior="0" />
      <RootComponent type="29" id="{161742c6-b35d-ee11-be6f-00224808dec6}" behavior="0" />
      <RootComponent type="29" id="{2568f652-8b5e-ee11-be6f-00224808dec6}" behavior="0" />
      <RootComponent type="29" id="{28ba8402-c673-ee11-9ae7-00224805c2cc}" behavior="0" />
      <RootComponent type="29" id="{4941f643-fa72-ee11-9ae7-0022480461f7}" behavior="0" />
      <RootComponent type="29" id="{975942df-d860-ee11-be6e-00224808dec6}" behavior="0" />
      <RootComponent type="29" id="{9ddc1348-925e-ee11-be6f-00224808d126}" behavior="0" />
      <RootComponent type="29" id="{ac21e5db-fe72-ee11-9ae7-00224805c33a}" behavior="0" />
      <RootComponent type="29" id="{b24780b2-b05d-ee11-be6f-00224808dec6}" behavior="0" />
      <RootComponent type="29" id="{b72548f2-fb72-ee11-9ae7-0022480461f7}" behavior="0" />
      <RootComponent type="29" id="{bfbd94cb-0b73-ee11-9ae7-0022480461f7}" behavior="0" />
      <RootComponent type="29" id="{d70b5bc1-197e-ee11-8179-0022480461f7}" behavior="0" />
      <RootComponent type="29" id="{f6938363-b65e-ee11-be6f-00224808dec6}" behavior="0" />
      <RootComponent type="300" schemaName="mpa_appointmentbooking_0f2a6" behavior="0" />
      <RootComponent type="61" schemaName="mpa_AppointmentBookingAppLogo" behavior="0" />
      <RootComponent type="61" schemaName="mpa_aptbk_appointmentbooking16" behavior="0" />
      <RootComponent type="61" schemaName="mpa_aptbk_appointmentbooking32" behavior="0" />
      <RootComponent type="61" schemaName="mpa_aptbk_appointmentslot16" behavior="0" />
      <RootComponent type="61" schemaName="mpa_aptbk_appointmentslot32" behavior="0" />
      <RootComponent type="61" schemaName="mpa_aptbk_appointmenttype16" behavior="0" />
      <RootComponent type="61" schemaName="mpa_aptbk_appointmenttype32" behavior="0" />
      <RootComponent type="61" schemaName="mpa_aptbk_location16" behavior="0" />
      <RootComponent type="61" schemaName="mpa_aptbk_location32" behavior="0" />
      <RootComponent type="61" schemaName="mpa_aptbk_roomnumber16" behavior="0" />
      <RootComponent type="61" schemaName="mpa_aptbk_roomnumber32" behavior="0" />
      <RootComponent type="62" schemaName="mpa_appointmentbooking" behavior="0" />
      <RootComponent type="80" schemaName="mpa_appointmentbooking" behavior="0" />
      <RootComponent type="9" schemaName="mpa_appointmentlocation" behavior="0" />
      <RootComponent type="9" schemaName="mpa_attendance" behavior="0" />
    </RootComponents>
    <MissingDependencies>
      <MissingDependency>
        <Required type="1" schemaName="mpa_iterror" displayName="IT Error" solution="mpa_ITBase (1.0.0.3)" />
        <Dependent type="29" displayName="Delete Event" id="{2568f652-8b5e-ee11-be6f-00224808dec6}" />
      </MissingDependency>
      <MissingDependency>
        <Required type="1" schemaName="mpa_iterror" displayName="IT Error" solution="mpa_ITBase (1.0.0.3)" />
        <Dependent type="29" displayName="Add new contact" id="{28ba8402-c673-ee11-9ae7-00224805c2cc}" />
      </MissingDependency>
      <MissingDependency>
        <Required type="1" schemaName="mpa_iterror" displayName="IT Error" solution="mpa_ITBase (1.0.0.3)" />
        <Dependent type="29" displayName="Contact Outlook Invites" id="{4941f643-fa72-ee11-9ae7-0022480461f7}" />
      </MissingDependency>
      <MissingDependency>
        <Required type="1" schemaName="mpa_iterror" displayName="IT Error" solution="mpa_ITBase (1.0.0.3)" />
        <Dependent type="29" displayName="Cancelled Outlook Invites" id="{9ddc1348-925e-ee11-be6f-00224808d126}" />
      </MissingDependency>
      <MissingDependency>
        <Required type="1" schemaName="mpa_iterror" displayName="IT Error" solution="mpa_ITBase (1.0.0.3)" />
        <Dependent type="29" displayName="Email Reminder" id="{ac21e5db-fe72-ee11-9ae7-00224805c33a}" />
      </MissingDependency>
      <MissingDependency>
        <Required type="1" schemaName="mpa_iterror" displayName="IT Error" solution="mpa_ITBase (1.0.0.3)" />
        <Dependent type="29" displayName="Get TimeZone" id="{b24780b2-b05d-ee11-be6f-00224808dec6}" />
      </MissingDependency>
      <MissingDependency>
        <Required type="1" schemaName="mpa_iterror" displayName="IT Error" solution="mpa_ITBase (1.0.0.3)" />
        <Dependent type="29" displayName="Contact Changed Email Notification" id="{b72548f2-fb72-ee11-9ae7-0022480461f7}" />
      </MissingDependency>
      <MissingDependency>
        <Required type="1" schemaName="mpa_iterror" displayName="IT Error" solution="mpa_ITBase (1.0.0.3)" />
        <Dependent type="29" displayName="Rescheduled Outlook Invite" id="{bfbd94cb-0b73-ee11-9ae7-0022480461f7}" />
      </MissingDependency>
      <MissingDependency>
        <Required type="1" schemaName="mpa_iterror" displayName="IT Error" solution="mpa_ITBase (1.0.0.3)" />
        <Dependent type="29" displayName="Appointment Booking Email Notification" id="{d70b5bc1-197e-ee11-8179-0022480461f7}" />
      </MissingDependency>
      <MissingDependency>
        <Required type="1" schemaName="mpa_iterror" displayName="IT Error" solution="mpa_ITBase (1.0.0.3)" />
        <Dependent type="29" displayName="Update Initial Contact" id="{f6938363-b65e-ee11-be6f-00224808dec6}" />
      </MissingDependency>
      <MissingDependency>
        <Required type="1" schemaName="mpa_iterror" displayName="IT Error" solution="mpa_ITBase (1.0.0.3)" />
        <Dependent type="300" schemaName="mpa_appointmentbooking_0f2a6" displayName="Appointment Booking" />
      </MissingDependency>
      <MissingDependency>
        <Required type="1" schemaName="mpa_iterror" displayName="IT Error" solution="mpa_ITBase (1.0.0.3)" />
        <Dependent type="62" schemaName="mpa_appointmentbooking" />
      </MissingDependency>
      <MissingDependency>
        <Required type="1" schemaName="mpa_iterror" displayName="IT Error" solution="mpa_ITBase (1.0.0.3)" />
        <Dependent type="80" schemaName="mpa_appointmentbooking" displayName="Appointment Booking Administrator" />
      </MissingDependency>
      <MissingDependency>
        <Required type="1" schemaName="mpa_itlocalization" displayName="IT Localization" solution="mpa_ITBase (1.0.0.3)" />
        <Dependent type="300" schemaName="mpa_appointmentbooking_0f2a6" displayName="Appointment Booking" />
      </MissingDependency>
      <MissingDependency>
        <Required type="1" schemaName="mpa_itlocalization" displayName="IT Localization" solution="mpa_ITBase (1.0.0.3)" />
        <Dependent type="62" schemaName="mpa_appointmentbooking" />
      </MissingDependency>
      <MissingDependency>
        <Required type="1" schemaName="mpa_itlocalization" displayName="IT Localization" solution="mpa_ITBase (1.0.0.3)" />
        <Dependent type="80" schemaName="mpa_appointmentbooking" displayName="Appointment Booking Administrator" />
      </MissingDependency>
      <MissingDependency>
        <Required type="20" displayName="IT Template User" solution="mpa_ITBase (1.0.0.3)" id="{c93fb7a1-7c69-ee11-9ae7-0022480814aa}" />
        <Dependent type="80" schemaName="mpa_appointmentbooking" displayName="Appointment Booking Administrator" />
      </MissingDependency>
    </MissingDependencies>
  </SolutionManifest>
</ImportExportXml>