<powerpagecomponent powerpagecomponentid="d3f36a1b-18da-ee11-904d-000d3a33d34f">
  <content>{"display_name":"EditPhoneNumber","value":"&lt;!-- Modal For Edit Phone Number--&gt;\r\n&lt;div class=\"modal fade\" id=\"editPhoneModal\" tabindex=\"-1\" aria-labelledby=\"exampleModalLabel\" aria-hidden=\"true\"&gt;\r\n    &lt;div class=\"modal-dialog modal-lg\"&gt;\r\n        &lt;div class=\"modal-content\"&gt;\r\n            &lt;div class=\"modal-header\"&gt;\r\n                &lt;h4 class=\"modal-title\" id=\"exampleModalLabel\"&gt;Edit Phone Details&lt;/h4&gt;\r\n                &lt;button type=\"button\" class=\"btn-close\" data-bs-dismiss=\"modal\" aria-label=\"Close\"&gt;&lt;/button&gt;\r\n            &lt;/div&gt;\r\n            &lt;div class=\"modal-body\"&gt;\r\n                &lt;form role=\"form\"&gt;\r\n                    &lt;div class=\"form-group\"&gt;\r\n                        &lt;label for=\"editPhoneNo\"&gt;Phone Number&lt;/label&gt;\r\n                        &lt;input type=\"tel\" class=\"form-control\" id=\"editPhoneNo\" placeholder=\"Enter Phone number\" /&gt;\r\n                    &lt;/div&gt;\r\n                    &lt;div class=\"form-group\"&gt;\r\n                        &lt;label for=\"editPhoneCountry\"&gt;Country&lt;/label&gt;\r\n                        &lt;select class=\"form-control\" id=\"editPhoneCountry\"&gt;&lt;/select&gt;\r\n                    &lt;/div&gt;\r\n                    &lt;div class=\"form-group\"&gt;\r\n                        &lt;label for=\"editPhoneExtension\"&gt;Extension&lt;/label&gt;\r\n                        &lt;input type=\"text\" class=\"form-control\" id=\"editPhoneExtension\" /&gt;\r\n                    &lt;/div&gt;\r\n                    &lt;div class=\"form-group\"&gt;\r\n                        &lt;label for=\"editPhoneDefault\"&gt;Default&lt;/label&gt;\r\n                        &lt;select class=\"form-control\" id=\"editPhoneDefault\"&gt;\r\n                            &lt;option value=\"true\"&gt;True&lt;/option&gt;\r\n                            &lt;option value=\"false\"&gt;False&lt;/option&gt;\r\n                        &lt;/select&gt;\r\n                    &lt;/div&gt;\r\n                    &lt;div class=\"form-group\"&gt;\r\n                        &lt;input type=\"hidden\" class=\"form-control\" id=\"editphoneRowIndex\" /&gt;\r\n                    &lt;/div&gt;\r\n                    &lt;div class=\"form-group\"&gt;\r\n                        &lt;input type=\"hidden\" class=\"form-control\" id=\"editPhoneID\" /&gt;\r\n                    &lt;/div&gt;\r\n                &lt;/form&gt;\r\n            &lt;/div&gt;\r\n            &lt;div class=\"modal-footer\"&gt;\r\n                &lt;button type=\"button\" class=\"btn btn-secondary\" data-bs-dismiss=\"modal\"&gt;Close&lt;/button&gt;\r\n                &lt;button type=\"button\" class=\"btn btn-primary\" id=\"savePhoneChanges\"&gt;Save changes&lt;/button&gt;\r\n            &lt;/div&gt;\r\n        &lt;/div&gt;\r\n    &lt;/div&gt;\r\n&lt;/div&gt;","type":756150001}</content>
  <iscustomizable>1</iscustomizable>
  <name>EditPhoneNumber</name>
  <powerpagecomponenttype>7</powerpagecomponenttype>
  <powerpagesiteid>
    <powerpagesiteid>99af4f03-6a66-4c36-963b-164265f26ce8</powerpagesiteid>
  </powerpagesiteid>
  <powerpagesitelanguageid>
    <powerpagesitelanguageid>732bd198-dcfc-406a-8b9e-0375589318f3</powerpagesitelanguageid>
  </powerpagesitelanguageid>
  <statecode>0</statecode>
  <statuscode>1</statuscode>
</powerpagecomponent>