<powerpagecomponent powerpagecomponentid="cb5d7f77-7d2a-4d2a-9611-ee60153ec4e6">
  <content>{"display_name":"Header","type":756150000,"value":"&lt;h3&gt;&lt;a href=\"~/\"&gt;Supplier Portal&lt;/a&gt;&lt;/h3&gt;"}</content>
  <iscustomizable>1</iscustomizable>
  <name>Header</name>
  <powerpagecomponenttype>7</powerpagecomponenttype>
  <powerpagesiteid>
    <powerpagesiteid>99af4f03-6a66-4c36-963b-164265f26ce8</powerpagesiteid>
  </powerpagesiteid>
  <powerpagesitelanguageid>
    <powerpagesitelanguageid>732bd198-dcfc-406a-8b9e-0375589318f3</powerpagesitelanguageid>
  </powerpagesitelanguageid>
  <statecode>0</statecode>
  <statuscode>1</statuscode>
</powerpagecomponent>