﻿<?xml version="1.0" encoding="utf-8"?>
<ImportExportXml version="9.2.24091.198" SolutionPackageVersion="9.2" languagecode="1033" generatedBy="CrmLive" xmlns:xsi="http://www.w3.org/2001/XMLSchema-instance" OrganizationVersion="9.2.24091.198" OrganizationSchemaType="Standard" CRMServerServiceabilityVersion="9.2.24092.00202">
  <SolutionManifest>
    <UniqueName>mpa_MeetingRoomServices</UniqueName>
    <LocalizedNames>
      <LocalizedName description="Meeting Room Services" languagecode="1033" />
    </LocalizedNames>
    <Descriptions>
      <Description description="Solution package for Meeting Room Services template objects and components." languagecode="1033" />
    </Descriptions>
    <Version>1.0.0.28</Version>
    <Managed>1</Managed>
    <Publisher>
      <UniqueName>PowerAccelerator</UniqueName>
      <LocalizedNames>
        <LocalizedName description="Microsoft Power Accelerator" languagecode="1033" />
      </LocalizedNames>
      <Descriptions>
        <Description description="Publisher for the Microsoft Power Accelerator team." languagecode="1033" />
      </Descriptions>
      <EMailAddress xsi:nil="true"></EMailAddress>
      <SupportingWebsiteUrl xsi:nil="true"></SupportingWebsiteUrl>
      <CustomizationPrefix>mpa</CustomizationPrefix>
      <CustomizationOptionValuePrefix>86542</CustomizationOptionValuePrefix>
      <Addresses>
        <Address>
          <AddressNumber>1</AddressNumber>
          <AddressTypeCode>1</AddressTypeCode>
          <City xsi:nil="true"></City>
          <County xsi:nil="true"></County>
          <Country xsi:nil="true"></Country>
          <Fax xsi:nil="true"></Fax>
          <FreightTermsCode xsi:nil="true"></FreightTermsCode>
          <ImportSequenceNumber xsi:nil="true"></ImportSequenceNumber>
          <Latitude xsi:nil="true"></Latitude>
          <Line1 xsi:nil="true"></Line1>
          <Line2 xsi:nil="true"></Line2>
          <Line3 xsi:nil="true"></Line3>
          <Longitude xsi:nil="true"></Longitude>
          <Name xsi:nil="true"></Name>
          <PostalCode xsi:nil="true"></PostalCode>
          <PostOfficeBox xsi:nil="true"></PostOfficeBox>
          <PrimaryContactName xsi:nil="true"></PrimaryContactName>
          <ShippingMethodCode>1</ShippingMethodCode>
          <StateOrProvince xsi:nil="true"></StateOrProvince>
          <Telephone1 xsi:nil="true"></Telephone1>
          <Telephone2 xsi:nil="true"></Telephone2>
          <Telephone3 xsi:nil="true"></Telephone3>
          <TimeZoneRuleVersionNumber xsi:nil="true"></TimeZoneRuleVersionNumber>
          <UPSZone xsi:nil="true"></UPSZone>
          <UTCOffset xsi:nil="true"></UTCOffset>
          <UTCConversionTimeZoneCode xsi:nil="true"></UTCConversionTimeZoneCode>
        </Address>
        <Address>
          <AddressNumber>2</AddressNumber>
          <AddressTypeCode>1</AddressTypeCode>
          <City xsi:nil="true"></City>
          <County xsi:nil="true"></County>
          <Country xsi:nil="true"></Country>
          <Fax xsi:nil="true"></Fax>
          <FreightTermsCode xsi:nil="true"></FreightTermsCode>
          <ImportSequenceNumber xsi:nil="true"></ImportSequenceNumber>
          <Latitude xsi:nil="true"></Latitude>
          <Line1 xsi:nil="true"></Line1>
          <Line2 xsi:nil="true"></Line2>
          <Line3 xsi:nil="true"></Line3>
          <Longitude xsi:nil="true"></Longitude>
          <Name xsi:nil="true"></Name>
          <PostalCode xsi:nil="true"></PostalCode>
          <PostOfficeBox xsi:nil="true"></PostOfficeBox>
          <PrimaryContactName xsi:nil="true"></PrimaryContactName>
          <ShippingMethodCode>1</ShippingMethodCode>
          <StateOrProvince xsi:nil="true"></StateOrProvince>
          <Telephone1 xsi:nil="true"></Telephone1>
          <Telephone2 xsi:nil="true"></Telephone2>
          <Telephone3 xsi:nil="true"></Telephone3>
          <TimeZoneRuleVersionNumber xsi:nil="true"></TimeZoneRuleVersionNumber>
          <UPSZone xsi:nil="true"></UPSZone>
          <UTCOffset xsi:nil="true"></UTCOffset>
          <UTCConversionTimeZoneCode xsi:nil="true"></UTCConversionTimeZoneCode>
        </Address>
      </Addresses>
    </Publisher>
    <RootComponents>
      <RootComponent type="1" schemaName="mpa_appsettings" behavior="0" />
      <RootComponent type="1" schemaName="mpa_meeting" behavior="0" />
      <RootComponent type="1" schemaName="mpa_meetingroom" behavior="0" />
      <RootComponent type="1" schemaName="mpa_reportedissue" behavior="0" />
      <RootComponent type="1" schemaName="mpa_service" behavior="0" />
      <RootComponent type="1" schemaName="mpa_servicerequest" behavior="0" />
      <RootComponent type="1" schemaName="mpa_subservice" behavior="0" />
      <RootComponent type="1" schemaName="mpa_survey" behavior="0" />
      <RootComponent type="1" schemaName="mpa_surveyrating" behavior="0" />
      <RootComponent type="1" schemaName="mpa_surveytopic" behavior="0" />
      <RootComponent type="1" schemaName="systemuser" behavior="2" />
      <RootComponent type="1" schemaName="team" behavior="2" />
      <RootComponent type="20" id="{2d6002aa-d327-ef11-840a-000d3a9ea3cc}" behavior="0" />
      <RootComponent type="20" id="{3e5ff3b9-5428-ef11-840a-000d3a9ea3cc}" behavior="0" />
      <RootComponent type="20" id="{76d41d1c-fc27-ef11-840a-000d3a9ea3cc}" behavior="0" />
      <RootComponent type="29" id="{bcfd9d5a-c6fb-ee11-a1ff-00224805c837}" behavior="0" />
      <RootComponent type="29" id="{cf3a2ebf-bffb-ee11-a1ff-0022480461f7}" behavior="0" />
      <RootComponent type="29" id="{f87bd5fd-80fc-ee11-a1ff-0022480461f7}" behavior="0" />
      <RootComponent type="29" id="{ffd0f436-50fc-ee11-a1ff-0022480461f7}" behavior="0" />
      <RootComponent type="300" schemaName="mpa_meetingroomservices_bb466" behavior="0" />
      <RootComponent type="60" id="{3af3a459-cf60-ef11-bfe2-000d3a11233c}" behavior="0" />
      <RootComponent type="60" id="{5b1a98f3-cf60-ef11-bfe2-000d3a11233c}" behavior="0" />
      <RootComponent type="60" id="{b60da0f4-fbfa-ee11-a1ff-0022480461f7}" behavior="0" />
      <RootComponent type="61" schemaName="mpa_appsettingsicon" behavior="0" />
      <RootComponent type="61" schemaName="mpa_meetingicon" behavior="0" />
      <RootComponent type="61" schemaName="mpa_meetingroom" behavior="0" />
      <RootComponent type="61" schemaName="mpa_mtgrmteam" behavior="0" />
      <RootComponent type="61" schemaName="mpa_mtgrmuser" behavior="0" />
      <RootComponent type="61" schemaName="mpa_reportedissue" behavior="0" />
      <RootComponent type="61" schemaName="mpa_service" behavior="0" />
      <RootComponent type="61" schemaName="mpa_servicerequesticon" behavior="0" />
      <RootComponent type="61" schemaName="mpa_subserviceicon" behavior="0" />
      <RootComponent type="61" schemaName="mpa_survey" behavior="0" />
      <RootComponent type="61" schemaName="mpa_surveyratingicon" behavior="0" />
      <RootComponent type="61" schemaName="mpa_surveytopicicon" behavior="0" />
      <RootComponent type="62" schemaName="mpa_meetingroomservices" behavior="0" />
      <RootComponent type="80" schemaName="mpa_meetingroomservices" behavior="0" />
    </RootComponents>
    <MissingDependencies>
      <MissingDependency>
        <Required type="2" schemaName="membershiptype" displayName="Membership Type" parentSchemaName="team" parentDisplayName="Team" solution="AuthorizationCore (1.116.0.44)" />
        <Dependent type="60" displayName="Meeting Room Services Team" parentDisplayName="Team" id="{c3d5c194-4f01-ef11-a1fe-00224805c837}" />
      </MissingDependency>
      <MissingDependency>
        <Required type="61" schemaName="msdyn_/Images/AppModule_Default_Icon.png" displayName="msdyn_/Images/AppModule_Default_Icon.png" solution="AppModuleWebResources (2.5)" />
        <Dependent type="80" schemaName="mpa_meetingroomservices" displayName="Meeting Room Services Administrator" />
      </MissingDependency>
      <MissingDependency>
        <Required type="66" schemaName="MscrmControls.Rating.StarRatingControl" displayName="MscrmControls.Rating.StarRatingControl" solution="CustomControlsCore (9.2.24091.00198)" />
        <Dependent type="60" displayName="Survey Rating" parentDisplayName="Survey Rating" id="{95d2b4ac-ba7b-4123-b880-b9d17d7de8aa}" />
      </MissingDependency>
      <MissingDependency>
        <Required type="SettingDefinition" displayName="AppChannel" solution="msdyn_AppFrameworkInfraExtensions (1.0.0.12)" id.uniquename="AppChannel" />
        <Dependent type="AppSetting" displayName="parentappmoduleid.uniquename=mpa_meetingroomservices,settingdefinitionid.uniquename=AppChannel" id.parentappmoduleid.uniquename="mpa_meetingroomservices" id.settingdefinitionid.uniquename="AppChannel" />
      </MissingDependency>
    </MissingDependencies>
  </SolutionManifest>
</ImportExportXml>