<powerpagecomponent powerpagecomponentid="e62107e8-cbf0-470c-83a8-3d915d1dc8a6">
  <content>{"enablerating":false,"enabletracking":false,"excludefromsearch":false,"feedbackpolicy":756150000,"hiddenfromsitemap":true,"isroot":true,"pagetemplateid":"89832c24-38e1-4dc2-9df9-1f125f96ca57","parentpageid":"94db5e36-8ed1-4567-baae-1b38a4b71d4c","partialurl":"profile","publishingstateid":"9137c988-52cc-46f0-8cea-e558f5887e5f","sharedpageconfiguration":false,"title":"Profile"}</content>
  <iscustomizable>1</iscustomizable>
  <name>Profile</name>
  <powerpagecomponenttype>2</powerpagecomponenttype>
  <powerpagesiteid>
    <powerpagesiteid>99af4f03-6a66-4c36-963b-164265f26ce8</powerpagesiteid>
  </powerpagesiteid>
  <searchcontent>ProfileProfile</searchcontent>
  <statecode>0</statecode>
  <statuscode>1</statuscode>
</powerpagecomponent>