<powerpagecomponent powerpagecomponentid="aa3a61f0-50f3-4ac2-99e1-b4d308737e64">
  <content>{"display_name":"Profile/MarketMail","type":756150000,"value":"Mail"}</content>
  <iscustomizable>1</iscustomizable>
  <name>Profile/MarketMail</name>
  <powerpagecomponenttype>7</powerpagecomponenttype>
  <powerpagesiteid>
    <powerpagesiteid>99af4f03-6a66-4c36-963b-164265f26ce8</powerpagesiteid>
  </powerpagesiteid>
  <powerpagesitelanguageid>
    <powerpagesitelanguageid>732bd198-dcfc-406a-8b9e-0375589318f3</powerpagesitelanguageid>
  </powerpagesitelanguageid>
  <statecode>0</statecode>
  <statuscode>1</statuscode>
</powerpagecomponent>