<powerpagecomponent powerpagecomponentid="160353bf-9d02-46f2-b4a6-219ac48c6797">
  <content>{"display_name":"Navbar Left","type":756150001,"value":"&lt;p&gt;&lt;a class=\"homelink\" href=\"~/\" title=\"Supplier Portal\"&gt;Supplier Portal&lt;/a&gt;&lt;/p&gt;"}</content>
  <iscustomizable>1</iscustomizable>
  <name>Navbar Left</name>
  <powerpagecomponenttype>7</powerpagecomponenttype>
  <powerpagesiteid>
    <powerpagesiteid>99af4f03-6a66-4c36-963b-164265f26ce8</powerpagesiteid>
  </powerpagesiteid>
  <powerpagesitelanguageid>
    <powerpagesitelanguageid>732bd198-dcfc-406a-8b9e-0375589318f3</powerpagesitelanguageid>
  </powerpagesitelanguageid>
  <statecode>0</statecode>
  <statuscode>1</statuscode>
</powerpagecomponent>