<powerpagecomponent powerpagecomponentid="6938fdd7-dc7b-4d1e-a239-ee8a72e8f94b">
  <content>{
  "filecontent": null,
  "copy": "&lt;div class='row sectionBlockLayout' data-component-theme='portalThemeColor6' style='display: flex; flex-wrap: wrap; height: 15px; min-height: 15px;'&gt;&lt;/div&gt;\r\n&lt;div class='row sectionBlockLayout' style='display: flex; flex-wrap: wrap;text-align: left; min-height: auto; '&gt;\r\n  &lt;div class='container' style='padding: 0px; display: flex; flex-wrap: wrap;'&gt;\r\n    &lt;div class='col-lg-12 columnBlockLayout' style='flex-grow: 1; display: flex; flex-direction: column; min-width: 300px;'&gt;\r\n      &lt;h2&gt;Subpage 2&lt;/h2&gt;\r\n      &lt;p&gt;This page can be customized by adding new sections and components.&lt;/p&gt;\r\n    &lt;/div&gt;\r\n  &lt;/div&gt;\r\n&lt;/div&gt;\r\n&lt;div class='row sectionBlockLayout' style='display: flex; flex-wrap: wrap;text-align: left; min-height: auto; '&gt;\r\n  &lt;div class='container' style='padding: 0px; display: flex; flex-wrap: wrap;'&gt;\r\n    &lt;div class='col-lg-12 columnBlockLayout' style='flex-grow: 1; display: flex; flex-direction: column; min-width: 300px;'&gt;&lt;/div&gt;\r\n  &lt;/div&gt;\r\n&lt;/div&gt;\r\n&lt;div class='row sectionBlockLayout' data-component-theme='portalThemeColor2' style='display: flex; flex-wrap: wrap; min-height: 28px;'&gt;&lt;/div&gt;\r\n&lt;div class='row sectionBlockLayout' data-component-theme='portalThemeColor6' style='display: flex; flex-wrap: wrap;  min-height: 52px;'&gt;&lt;/div&gt;\r\n",
  "displayorder": 2,
  "enablerating": false,
  "enabletracking": false,
  "excludefromsearch": false,
  "feedbackpolicy": 756150000,
  "hiddenfromsitemap": false,
  "isroot": false,
  "pagetemplateid": "5303c14c-7ff4-494a-a44b-a19a62c9889a",
  "parentpageid": "796c7d01-6a26-4c52-9185-95bf0a21f7a4",
  "partialurl": "subpage-2-deleted",
  "publishingstateid": "9137c988-52cc-46f0-8cea-e558f5887e5f",
  "rootwebpageid": "5632e412-415f-454d-8f6b-149383ffe6d4",
  "sharedpageconfiguration": false,
  "summary": "&lt;p&gt;You can include a description of your child page here.&lt;/p&gt;",
  "title": "Subpage 2"
}</content>
  <iscustomizable>1</iscustomizable>
  <name>Subpage 2-deleted</name>
  <powerpagecomponenttype>2</powerpagecomponenttype>
  <powerpagesiteid>
    <powerpagesiteid>99af4f03-6a66-4c36-963b-164265f26ce8</powerpagesiteid>
  </powerpagesiteid>
  <powerpagesitelanguageid>
    <powerpagesitelanguageid>732bd198-dcfc-406a-8b9e-0375589318f3</powerpagesitelanguageid>
  </powerpagesitelanguageid>
  <searchcontent>Subpage 2&lt;div class='row sectionBlockLayout' data-component-theme='portalThemeColor6' style='display: flex; flex-wrap: wrap; height: 15px; min-height: 15px;'&gt;&lt;/div&gt;
&lt;div class='row sectionBlockLayout' style='display: flex; flex-wrap: wrap;text-align: left; min-height: auto; '&gt;
  &lt;div class='container' style='padding: 0px; display: flex; flex-wrap: wrap;'&gt;
    &lt;div class='col-lg-12 columnBlockLayout' style='flex-grow: 1; display: flex; flex-direction: column; min-width: 300px;'&gt;
      &lt;h2&gt;Subpage 2&lt;/h2&gt;
      &lt;p&gt;This page can be customized by adding new sections and components.&lt;/p&gt;
    &lt;/div&gt;
  &lt;/div&gt;
&lt;/div&gt;
&lt;div class='row sectionBlockLayout' style='display: flex; flex-wrap: wrap;text-align: left; min-height: auto; '&gt;
  &lt;div class='container' style='padding: 0px; display: flex; flex-wrap: wrap;'&gt;
    &lt;div class='col-lg-12 columnBlockLayout' style='flex-grow: 1; display: flex; flex-direction: column; min-width: 300px;'&gt;&lt;/div&gt;
  &lt;/div&gt;
&lt;/div&gt;
&lt;div class='row sectionBlockLayout' data-component-theme='portalThemeColor2' style='display: flex; flex-wrap: wrap; min-height: 28px;'&gt;&lt;/div&gt;
&lt;div class='row sectionBlockLayout' data-component-theme='portalThemeColor6' style='display: flex; flex-wrap: wrap;  min-height: 52px;'&gt;&lt;/div&gt;
Subpage 2-deleted</searchcontent>
  <statecode>1</statecode>
  <statuscode>2</statuscode>
</powerpagecomponent>