<powerpagecomponent powerpagecomponentid="872170c7-c724-4ff7-bb1d-233774eba4ce">
  <content>{"copy":"&lt;div class='row sectionBlockLayout' style='display: flex; flex-wrap: wrap; text-align: left; min-height: 150px; padding: 8px; margin: 0px;'&gt;\r\n  &lt;div class='container' style='display: flex; flex-wrap: wrap;'&gt;\r\n    &lt;div class='col-lg-12 columnBlockLayout' style='flex-grow: 1; min-width: 300px; display: flex; flex-direction: column; margin: 50px 0px;'&gt;\r\n      &lt;h1 style=\"font-size: 28px; margin: 0px auto 7px; font-family: 'Segoe UI'; line-height: 37px; color: rgb(0, 0, 0); outline: rgb(255, 255, 255) solid 1.5px; text-align: center;\"&gt;You’re not connected to the internet&lt;/h1&gt;\r\n      &lt;p style='text-align: center;'&gt;&lt;span style=\"font-family: 'Segoe UI'; font-size: 14px; text-align: center; position: relative;\"&gt; Check your connection settings to browse this site &lt;/span&gt;&lt;/p&gt;\r\n    &lt;/div&gt;\r\n  &lt;/div&gt;\r\n&lt;/div&gt;\r\n&lt;div class='row sectionBlockLayout text-start' style='display: flex; flex-wrap: wrap; margin: 0px; min-height: auto; padding: 8px;'&gt;\r\n  &lt;div class='container' style='padding: 0px; display: flex; flex-wrap: wrap; column-gap: 0px;'&gt;\r\n    &lt;div class='col-lg-4 columnBlockLayout' style='flex-grow: 1; display: flex; flex-direction: column; min-width: 300px; margin: 0px; width: calc(33.3333% - 0px);'&gt;&lt;/div&gt;\r\n    &lt;div class='col-lg-4 columnBlockLayout' style='flex-grow: 1; display: flex; flex-direction: column; min-width: 300px; margin: 0px; width: calc(33.3333% - 0px);'&gt;&lt;img src='/OfflinePage.png' alt='' name='OfflinePage.png' style='width: 100%; height: auto; max-width: 100%;'&gt;&lt;/div&gt;\r\n    &lt;div class='col-lg-4 columnBlockLayout' style='flex-grow: 1; display: flex; flex-direction: column; min-width: 300px; margin: 0px; width: calc(33.3333% - 0px);'&gt;&lt;/div&gt;\r\n  &lt;/div&gt;\r\n&lt;/div&gt;\r\n","enablerating":false,"enabletracking":false,"excludefromsearch":false,"feedbackpolicy":756150000,"hiddenfromsitemap":false,"isroot":false,"pagetemplateid":"5303c14c-7ff4-494a-a44b-a19a62c9889a","parentpageid":"94db5e36-8ed1-4567-baae-1b38a4b71d4c","partialurl":"default-offline-page","publishingstateid":"9137c988-52cc-46f0-8cea-e558f5887e5f","rootwebpageid":"5e04a116-cecf-4bb6-8ff1-149398a71871","sharedpageconfiguration":true,"summary":"&lt;p&gt;Offline error page&lt;/p&gt;","title":"Default Offline Page"}</content>
  <iscustomizable>1</iscustomizable>
  <name>Default Offline Page</name>
  <powerpagecomponenttype>2</powerpagecomponenttype>
  <powerpagesiteid>
    <powerpagesiteid>99af4f03-6a66-4c36-963b-164265f26ce8</powerpagesiteid>
  </powerpagesiteid>
  <powerpagesitelanguageid>
    <powerpagesitelanguageid>732bd198-dcfc-406a-8b9e-0375589318f3</powerpagesitelanguageid>
  </powerpagesitelanguageid>
  <searchcontent>Default Offline Page&lt;div class='row sectionBlockLayout' style='display: flex; flex-wrap: wrap; text-align: left; min-height: 150px; padding: 8px; margin: 0px;'&gt;
  &lt;div class='container' style='display: flex; flex-wrap: wrap;'&gt;
    &lt;div class='col-lg-12 columnBlockLayout' style='flex-grow: 1; min-width: 300px; display: flex; flex-direction: column; margin: 50px 0px;'&gt;
      &lt;h1 style="font-size: 28px; margin: 0px auto 7px; font-family: 'Segoe UI'; line-height: 37px; color: rgb(0, 0, 0); outline: rgb(255, 255, 255) solid 1.5px; text-align: center;"&gt;You’re not connected to the internet&lt;/h1&gt;
      &lt;p style='text-align: center;'&gt;&lt;span style="font-family: 'Segoe UI'; font-size: 14px; text-align: center; position: relative;"&gt; Check your connection settings to browse this site &lt;/span&gt;&lt;/p&gt;
    &lt;/div&gt;
  &lt;/div&gt;
&lt;/div&gt;
&lt;div class='row sectionBlockLayout text-start' style='display: flex; flex-wrap: wrap; margin: 0px; min-height: auto; padding: 8px;'&gt;
  &lt;div class='container' style='padding: 0px; display: flex; flex-wrap: wrap; column-gap: 0px;'&gt;
    &lt;div class='col-lg-4 columnBlockLayout' style='flex-grow: 1; display: flex; flex-direction: column; min-width: 300px; margin: 0px; width: calc(33.3333% - 0px);'&gt;&lt;/div&gt;
    &lt;div class='col-lg-4 columnBlockLayout' style='flex-grow: 1; display: flex; flex-direction: column; min-width: 300px; margin: 0px; width: calc(33.3333% - 0px);'&gt;&lt;img src='/OfflinePage.png' alt='' name='OfflinePage.png' style='width: 100%; height: auto; max-width: 100%;'&gt;&lt;/div&gt;
    &lt;div class='col-lg-4 columnBlockLayout' style='flex-grow: 1; display: flex; flex-direction: column; min-width: 300px; margin: 0px; width: calc(33.3333% - 0px);'&gt;&lt;/div&gt;
  &lt;/div&gt;
&lt;/div&gt;
Default Offline Page</searchcontent>
  <statecode>0</statecode>
  <statuscode>1</statuscode>
</powerpagecomponent>