<powerpagecomponent powerpagecomponentid="c81dfe69-123b-4b49-a9f4-1832bb880dff">
  <content>{
  "filecontent": null,
  "adx_entitypermission_webrole": [
    "8c716070-52e2-46e6-9989-1d75ea960e0e",
    "26f7b628-a3e9-4d55-824b-71b5b2e8708a",
    "898380ee-66fb-45a2-8320-27e6e2ff6103"
  ],
  "append": false,
  "appendto": false,
  "create": true,
  "delete": false,
  "entitylogicalname": "feedback",
  "entityname": "Feedback",
  "read": false,
  "scope": 756150000,
  "write": false
}</content>
  <iscustomizable>1</iscustomizable>
  <name>Feedback</name>
  <powerpagecomponenttype>18</powerpagecomponenttype>
  <powerpagesiteid>
    <powerpagesiteid>99af4f03-6a66-4c36-963b-164265f26ce8</powerpagesiteid>
  </powerpagesiteid>
  <statecode>1</statecode>
  <statuscode>2</statuscode>
</powerpagecomponent>