<card cardid="e2e1398e-2967-ee11-9ae7-002248081a55">
  <appdefinition>{"screens":{"main":{"template":{"type":"AdaptiveCard","body":[{"type":"TextBlock","size":"Medium","weight":"Bolder","text":"=LookUp('Hardware Requests','Hardware Request' = GUID(varHardwareRequestID)).Name","id":"txtHeader"},{"type":"TextBlock","text":"Your hardware request is now complete!","wrap":true,"id":"txtSubTitle","size":"ExtraLarge","color":"Accent"},{"type":"TextBlock","id":"txtSubTitle2","wrap":true,"text":"As a next step, you will be notified when any of the eligible assets are due for a refresh."},{"type":"TextBlock","id":"txtSubTitle3","wrap":true,"text":"Thank you!"}],"$schema":"http://adaptivecards.io/schemas/adaptive-card.json","version":"1.5","actions":[{"type":"Action.OpenUrl","id":"btnViewRequest","title":"View request","associatedInputs":"auto","verb":"onSelect_Button1","url":"=Concatenate(varHardwareRequestAppURL,\"&amp;hardwarerequest=\",varHardwareRequestID)"}]},"verbs":{"onSelect_Button1":"","submit":"echo"}}},"sampleData":{"main":{}},"connections":{"eeaa0e43-89e2-e04a-b9b3-eba854640e09_mpa_hardwarerequest":{"apiName":"shared_commondataserviceforapps","name":"728671f38eb042928b4c16675a2802d8","apiId":"/providers/Microsoft.PowerApps/apis/shared_commondataserviceforapps","apiDisplayName":"Microsoft Dataverse","tablePluralName":"Hardware Requests","logicalName":"mpa_hardwarerequest","environment":"eeaa0e43-89e2-e04a-b9b3-eba854640e09","hasParameters":true}},"variables":{"varHardwareRequestID":{"type":"string","title":"","description":"","default":"","x-ms-cardapp":{"scope":"shared","input":"required"}},"varHardwareRequestAppURL":{"type":"string","title":"","description":"","default":"","x-ms-cardapp":{"scope":"shared","input":"required"}}},"flows":{},"locale":"en-US"}</appdefinition>
  <description>Request completed card</description>
  <iscustomizable>1</iscustomizable>
  <name>Request Completed</name>
  <statecode>0</statecode>
  <statuscode>1</statuscode>
</card>