<environmentvariabledefinition schemaname="mpa_SAPSystemID">
  <description default="The SAP system's three-letter system ID (Mandatory if connection type Message Server and message server service isn't present). Used separately in IDoc transactions.">
    <label description="The SAP system's three-letter system ID (Mandatory if connection type Message Server and message server service isn't present). Used separately in IDoc transactions." languagecode="1033" />
  </description>
  <displayname default="SAP System ID">
    <label description="SAP System ID" languagecode="1033" />
  </displayname>
  <introducedversion>0.90.0.12</introducedversion>
  <iscustomizable>1</iscustomizable>
  <isrequired>0</isrequired>
  <secretstore>0</secretstore>
  <type>100000000</type>
</environmentvariabledefinition>