<powerpagecomponent powerpagecomponentid="adbd79ed-a2db-ee11-904d-000d3a33d34f">
  <content>{
  "powerpagesitelanguageid": "732bd198-dcfc-406a-8b9e-0375589318f3",
  "filecontent": null,
  "type": 756150000,
  "value": "&lt;div id=\"i9f3b\" class=\"row sectionBlockLayout text-left\" style=\"display: flex; flex-wrap: wrap; margin: 0px; min-height: auto; padding: 8px;\"&gt;\n  &lt;div id=\"izfgs\" class=\"container\" style=\"display: flex; flex-wrap: wrap;\"&gt;&lt;/div&gt;\n  &lt;div id=\"editVendorProfile\" class=\"row sectionBlockLayout text-left\" style=\"display: flex; flex-wrap: wrap; margin: 0px; min-height: auto; padding: 8px;\"&gt;\n    &lt;div id=\"ioai99\" class=\"container\" style=\"display: flex; flex-wrap: wrap;\"&gt;\n      &lt;div id=\"ib7m1q\" class=\"col-md-12 columnBlockLayout\" style=\"flex-grow: 1; display: flex; flex-direction: column; min-width: 250px; word-break: break-word; margin: 0px; padding: 0px;\"&gt;\n        &lt;h3 id=\"ieo46z\" style=\"text-align: left; padding: 5px; margin: 10px 0px; min-height: auto; font-weight: 600;\"&gt;Vendor Profile&amp;nbsp;&lt;/h3&gt;\n        &lt;p id=\"irspk1\" class=\"smallText\" style=\"text-align: left; padding: 5px; margin: 10px 0px; min-height: auto;\"&gt;Take control of your vendor profile today and unlock a world of opportunities. Update your information now and ensure that your registered name, billing address, and compliance status are up to date. Join Vendor Hub and experience the power of efficient vendor management.&lt;/p&gt;\n      &lt;/div&gt;\n    &lt;/div&gt;\n  &lt;/div&gt;\n&lt;/div&gt;\n&lt;div id=\"i0koxy\" class=\"row sectionBlockLayout text-start\" style=\"display: flex; flex-wrap: wrap; margin: 0px; min-height: auto; padding: 0px;\"&gt;\n  &lt;div id=\"ie4fkc\" class=\"container\" style=\"display: flex; flex-wrap: wrap;\"&gt;\n    &lt;div id=\"spinner\" style=\"position: fixed; top: 0px; left: 0px; width: 100%; height: 100%; background-color: rgba(255, 255, 255, 0.8); z-index: 9999; display: none; justify-content: center; align-items: center;\"&gt;&lt;div id=\"i3t5q2\" class=\"spinner\" style=\"border-right-width: 3px; border-bottom-width: 3px; border-left-width: 3px; border-right-style: solid; border-bottom-style: solid; border-left-style: solid; border-right-color: rgb(0, 123, 255); border-bottom-color: rgb(0, 123, 255); border-left-color: rgb(0, 123, 255); border-image-source: initial; border-image-slice: initial; border-image-width: initial; border-image-outset: initial; border-image-repeat: initial; border-top-width: 2px; border-top-style: solid; border-top-color: transparent; border-top-left-radius: 50%; border-top-right-radius: 50%; border-bottom-right-radius: 50%; border-bottom-left-radius: 50%; width: 60px; height: 60px; animation-duration: 1s; animation-timing-function: linear; animation-delay: 0s; animation-iteration-count: infinite; animation-direction: normal; animation-fill-mode: none; animation-play-state: running; animation-name: spin; animation-timeline: auto; animation-range-start: normal; animation-range-end: normal;\"&gt;&lt;/div&gt;&lt;/div&gt;\n    &lt;div id=\"irr0xg\" class=\"col-lg-12 columnBlockLayout submitButton\" style=\"flex-grow: 1; display: flex; flex-direction: column; min-width: 250px; word-break: break-word; padding: 5px; margin: 10px 0px 10px auto;\"&gt;&lt;/div&gt;\n    &lt;div id=\"inauym-3\" class=\"row sectionBlockLayout text-start\" style=\"display: flex; flex-wrap: wrap; margin: 0px; min-height: auto; padding: 8px;\"&gt;\n      &lt;div id=\"ixw605-3\" class=\"container\" style=\"padding: 0px; display: flex; flex-wrap: wrap;\"&gt;\n        &lt;div id=\"is9pui-3\" class=\"col-lg-12 columnBlockLayout\" style=\"flex-grow: 1; display: flex; flex-direction: column; min-width: 250px; word-break: break-word; margin: 0px; padding: 0px;\"&gt;&lt;h3 id=\"if7wi9-3\" style=\"text-align: left;\"&gt;Vendor Information&lt;/h3&gt;&lt;/div&gt;\n      &lt;/div&gt;\n    &lt;/div&gt;\n  &lt;/div&gt;\n&lt;/div&gt;\n"
}</content>
  <iscustomizable>1</iscustomizable>
  <name>DummyFormio</name>
  <powerpagecomponenttype>7</powerpagecomponenttype>
  <powerpagesiteid>
    <powerpagesiteid>99af4f03-6a66-4c36-963b-164265f26ce8</powerpagesiteid>
  </powerpagesiteid>
  <powerpagesitelanguageid>
    <powerpagesitelanguageid>732bd198-dcfc-406a-8b9e-0375589318f3</powerpagesitelanguageid>
  </powerpagesitelanguageid>
  <statecode>0</statecode>
  <statuscode>1</statuscode>
</powerpagecomponent>