<powerpagecomponent powerpagecomponentid="04f97373-49a1-d062-d629-7bbae2f1712f">
  <content>{
  "displayorder": 10,
  "weblinksetid": "6b5715eb-aeb3-497e-a71a-281e4b61eca0",
  "pageid": "91f707b3-5e0a-e5b4-16bc-6825c24313f9",
  "publishingstateid": "9137c988-52cc-46f0-8cea-e558f5887e5f",
  "displaypagevalidation": false,
  "displayimageonly": false,
  "displaypagechildlinks": false,
  "openinnewwindow": false,
  "robotsfollowlink": true
}</content>
  <iscustomizable>1</iscustomizable>
  <name>Invoice Detail</name>
  <powerpagecomponenttype>5</powerpagecomponenttype>
  <powerpagesiteid>
    <powerpagesiteid>99af4f03-6a66-4c36-963b-164265f26ce8</powerpagesiteid>
  </powerpagesiteid>
  <statecode>1</statecode>
  <statuscode>2</statuscode>
</powerpagecomponent>