<powerpagecomponent powerpagecomponentid="c926ebc1-e86f-4974-bb8e-9ff9db3f1c7b">
  <content>{"contentdisposition":756150000,"displayorder":9,"enabletracking":false,"excludefromsearch":true,"hiddenfromsitemap":false,"parentpageid":"94db5e36-8ed1-4567-baae-1b38a4b71d4c","partialurl":"theme.css","publishingstateid":"9137c988-52cc-46f0-8cea-e558f5887e5f"}</content>
  <filecontent mimetype="application/octet-stream">theme.css</filecontent>
  <iscustomizable>1</iscustomizable>
  <name>theme.css</name>
  <powerpagecomponenttype>3</powerpagecomponenttype>
  <powerpagesiteid>
    <powerpagesiteid>99af4f03-6a66-4c36-963b-164265f26ce8</powerpagesiteid>
  </powerpagesiteid>
  <statecode>0</statecode>
  <statuscode>1</statuscode>
</powerpagecomponent>