<powerpagecomponent powerpagecomponentid="aeadb5f9-72df-ee11-904d-000d3a33d34f">
  <content>{
  "powerpagesitelanguageid": "732bd198-dcfc-406a-8b9e-0375589318f3",
  "filecontent": null,
  "value": "&lt;div id=\"i4g0g3\" class=\"row sectionBlockLayout text-start\" style=\"display: flex; flex-wrap: wrap; margin: 0px; min-height: auto; padding: 8px;\"&gt;\n  &lt;div id=\"ixw605-3\" class=\"container\" style=\"display: flex; flex-wrap: wrap;\"&gt;\n    &lt;div id=\"is9pui-3\" class=\"col-lg-12 columnBlockLayout\" style=\"flex-grow: 1; display: flex; flex-direction: column; min-width: 250px; word-break: break-word; margin: 0px; padding: 0px;\"&gt;&lt;h3 id=\"if7wi9-3\" style=\"text-align: left;\"&gt;Supplier Information&lt;/h3&gt;&lt;/div&gt;\n  &lt;/div&gt;\n&lt;/div&gt;\n",
  "type": 756150001,
  "copy": "undefined"
}</content>
  <iscustomizable>1</iscustomizable>
  <name>VendorInformation</name>
  <powerpagecomponenttype>7</powerpagecomponenttype>
  <powerpagesiteid>
    <powerpagesiteid>99af4f03-6a66-4c36-963b-164265f26ce8</powerpagesiteid>
  </powerpagesiteid>
  <powerpagesitelanguageid>
    <powerpagesitelanguageid>732bd198-dcfc-406a-8b9e-0375589318f3</powerpagesitelanguageid>
  </powerpagesitelanguageid>
  <statecode>0</statecode>
  <statuscode>1</statuscode>
</powerpagecomponent>