<powerbireport uniquename="mpa_b128018706d94f699e3fef0f2d24f6ca">
  <datasetid>
    <uniquename>new_dataset_444e634b-eac8-4a10-a941-366109131aa0</uniquename>
  </datasetid>
  <iscustomizable>1</iscustomizable>
  <name>Expense Reimbursement Report</name>
  <package mimetype="application/zip">package.pbipkg</package>
  <reportobjectid>71de1a04-51c8-4a11-ae32-7a12a9e44f43</reportobjectid>
  <reportoriginalobjectid>71de1a04-51c8-4a11-ae32-7a12a9e44f43</reportoriginalobjectid>
  <statecode>0</statecode>
  <statuscode>1</statuscode>
</powerbireport>