<powerpagecomponent powerpagecomponentid="85ea28f4-dc3a-bc64-0211-8c6b9787157b">
  <content>{
  "filecontent": null,
  "displayorder": 2,
  "parentweblinkid": "d609b494-5629-cc20-fda2-593baf2dc59c",
  "weblinksetid": "6b5715eb-aeb3-497e-a71a-281e4b61eca0",
  "pageid": "ec1886f9-69b7-e751-99a6-b48ed77811e1",
  "publishingstateid": "9137c988-52cc-46f0-8cea-e558f5887e5f",
  "displaypagevalidation": false,
  "displayimageonly": false,
  "displaypagechildlinks": false,
  "openinnewwindow": false,
  "robotsfollowlink": true
}</content>
  <iscustomizable>1</iscustomizable>
  <name>Purchase Order</name>
  <powerpagecomponenttype>5</powerpagecomponenttype>
  <powerpagesiteid>
    <powerpagesiteid>99af4f03-6a66-4c36-963b-164265f26ce8</powerpagesiteid>
  </powerpagesiteid>
  <statecode>1</statecode>
  <statuscode>2</statuscode>
</powerpagecomponent>