<ImportExportXml version="9.2.24074.218" SolutionPackageVersion="9.2" languagecode="1033" generatedBy="CrmLive" xmlns:xsi="http://www.w3.org/2001/XMLSchema-instance">
  <SolutionManifest>
    <UniqueName>mpa_TrainingAndRegistration</UniqueName>
    <LocalizedNames>
      <LocalizedName description="Training And Registration" languagecode="1033" />
    </LocalizedNames>
    <Descriptions>
      <Description description="Enable an employee to discover and register for training." languagecode="1033" />
    </Descriptions>
    <Version>1.0.0.0</Version>
    <Managed>0</Managed>
    <Publisher>
      <UniqueName>PowerAccelerator</UniqueName>
      <LocalizedNames>
        <LocalizedName description="Microsoft Power Accelerator" languagecode="1033" />
      </LocalizedNames>
      <Descriptions>
        <Description description="Publisher for the Microsoft Power Accelerator team." languagecode="1033" />
      </Descriptions>
      <EMailAddress xsi:nil="true"></EMailAddress>
      <SupportingWebsiteUrl xsi:nil="true"></SupportingWebsiteUrl>
      <CustomizationPrefix>mpa</CustomizationPrefix>
      <CustomizationOptionValuePrefix>86542</CustomizationOptionValuePrefix>
      <Addresses>
        <Address>
          <AddressNumber>1</AddressNumber>
          <AddressTypeCode>1</AddressTypeCode>
          <City xsi:nil="true"></City>
          <County xsi:nil="true"></County>
          <Country xsi:nil="true"></Country>
          <Fax xsi:nil="true"></Fax>
          <FreightTermsCode xsi:nil="true"></FreightTermsCode>
          <ImportSequenceNumber xsi:nil="true"></ImportSequenceNumber>
          <Latitude xsi:nil="true"></Latitude>
          <Line1 xsi:nil="true"></Line1>
          <Line2 xsi:nil="true"></Line2>
          <Line3 xsi:nil="true"></Line3>
          <Longitude xsi:nil="true"></Longitude>
          <Name xsi:nil="true"></Name>
          <PostalCode xsi:nil="true"></PostalCode>
          <PostOfficeBox xsi:nil="true"></PostOfficeBox>
          <PrimaryContactName xsi:nil="true"></PrimaryContactName>
          <ShippingMethodCode>1</ShippingMethodCode>
          <StateOrProvince xsi:nil="true"></StateOrProvince>
          <Telephone1 xsi:nil="true"></Telephone1>
          <Telephone2 xsi:nil="true"></Telephone2>
          <Telephone3 xsi:nil="true"></Telephone3>
          <TimeZoneRuleVersionNumber xsi:nil="true"></TimeZoneRuleVersionNumber>
          <UPSZone xsi:nil="true"></UPSZone>
          <UTCOffset xsi:nil="true"></UTCOffset>
          <UTCConversionTimeZoneCode xsi:nil="true"></UTCConversionTimeZoneCode>
        </Address>
        <Address>
          <AddressNumber>2</AddressNumber>
          <AddressTypeCode>1</AddressTypeCode>
          <City xsi:nil="true"></City>
          <County xsi:nil="true"></County>
          <Country xsi:nil="true"></Country>
          <Fax xsi:nil="true"></Fax>
          <FreightTermsCode xsi:nil="true"></FreightTermsCode>
          <ImportSequenceNumber xsi:nil="true"></ImportSequenceNumber>
          <Latitude xsi:nil="true"></Latitude>
          <Line1 xsi:nil="true"></Line1>
          <Line2 xsi:nil="true"></Line2>
          <Line3 xsi:nil="true"></Line3>
          <Longitude xsi:nil="true"></Longitude>
          <Name xsi:nil="true"></Name>
          <PostalCode xsi:nil="true"></PostalCode>
          <PostOfficeBox xsi:nil="true"></PostOfficeBox>
          <PrimaryContactName xsi:nil="true"></PrimaryContactName>
          <ShippingMethodCode>1</ShippingMethodCode>
          <StateOrProvince xsi:nil="true"></StateOrProvince>
          <Telephone1 xsi:nil="true"></Telephone1>
          <Telephone2 xsi:nil="true"></Telephone2>
          <Telephone3 xsi:nil="true"></Telephone3>
          <TimeZoneRuleVersionNumber xsi:nil="true"></TimeZoneRuleVersionNumber>
          <UPSZone xsi:nil="true"></UPSZone>
          <UTCOffset xsi:nil="true"></UTCOffset>
          <UTCConversionTimeZoneCode xsi:nil="true"></UTCConversionTimeZoneCode>
        </Address>
      </Addresses>
    </Publisher>
    <RootComponents>
      <RootComponent type="1" schemaName="mpa_booking" behavior="0" />
      <RootComponent type="1" schemaName="mpa_category" behavior="0" />
      <RootComponent type="1" schemaName="mpa_skilllevel" behavior="0" />
      <RootComponent type="1" schemaName="mpa_training" behavior="0" />
      <RootComponent type="1" schemaName="mpa_trainingsession" behavior="0" />
      <RootComponent type="1" schemaName="mpa_training_appsetting" behavior="0" />
      <RootComponent type="1" schemaName="systemuser" behavior="2" />
      <RootComponent type="9" schemaName="mpa_attendance" behavior="0" />
      <RootComponent type="9" schemaName="mpa_platform" behavior="0" />
      <RootComponent type="20" id="{54fc842d-3f0c-ef11-9f89-0022482c6025}" behavior="0" />
      <RootComponent type="20" id="{7d7fc1ef-3f0c-ef11-9f89-0022482c6025}" behavior="0" />
      <RootComponent type="20" id="{93fc23ce-3f0c-ef11-9f89-0022482c6025}" behavior="0" />
      <RootComponent type="29" id="{033501d2-520c-ef11-9f89-0022482c6025}" behavior="0" />
      <RootComponent type="29" id="{178bbe67-3d0c-ef11-9f89-0022482c6025}" behavior="0" />
      <RootComponent type="29" id="{24f4b20c-4c0c-ef11-9f89-0022482c6025}" behavior="0" />
      <RootComponent type="29" id="{42d9a3d7-020d-ef11-9f89-0022482c6025}" behavior="0" />
      <RootComponent type="29" id="{4a190d2e-0a0c-ef11-9f89-0022482c6025}" behavior="0" />
      <RootComponent type="29" id="{514ac7f5-7c0b-ef11-9f89-0022482c6025}" behavior="0" />
      <RootComponent type="29" id="{6ea9f8a1-f00c-ef11-9f89-0022482c6025}" behavior="0" />
      <RootComponent type="29" id="{7b7645ad-df0d-ef11-9f89-0022482c6025}" behavior="0" />
      <RootComponent type="29" id="{b551a926-520c-ef11-9f89-0022482c6025}" behavior="0" />
      <RootComponent type="29" id="{d7af44e2-040d-ef11-9f89-0022482c6025}" behavior="0" />
      <RootComponent type="29" id="{e749f87e-790b-ef11-9f89-0022482c6025}" behavior="0" />
      <RootComponent type="29" id="{ed1ca4f7-7d0b-ef11-9f89-0022482c6025}" behavior="0" />
      <RootComponent type="29" id="{fe1a7bcc-0e0d-ef11-9f89-0022482c6025}" behavior="0" />
      <RootComponent type="60" id="{ced0cc22-ef0d-ef11-9f89-0022482c6025}" behavior="0" />
      <RootComponent type="61" schemaName="mpa_appsettingicon" behavior="0" />
      <RootComponent type="61" schemaName="mpa_bookingicon" behavior="0" />
      <RootComponent type="61" schemaName="mpa_categoryicon" behavior="0" />
      <RootComponent type="61" schemaName="mpa_skilllevelicon" behavior="0" />
      <RootComponent type="61" schemaName="mpa_trainingicon" behavior="0" />
      <RootComponent type="61" schemaName="mpa_trainingsessionicon" behavior="0" />
      <RootComponent type="62" schemaName="mpa_trainingandregistration" behavior="0" />
      <RootComponent type="80" schemaName="mpa_trainingandregistration" behavior="0" />
      <RootComponent type="300" schemaName="mpa_trainingandregistration_2488e" behavior="0" />
    </RootComponents>
    <MissingDependencies>
      <MissingDependency>
        <Required type="61" schemaName="msdyn_/Images/AppModule_Default_Icon.png" displayName="msdyn_/Images/AppModule_Default_Icon.png" solution="AppModuleWebResources (2.5)" />
        <Dependent type="80" schemaName="mpa_trainingandregistration" displayName="Training and Registration Administrator" />
      </MissingDependency>
      <MissingDependency>
        <Required type="SettingDefinition" displayName="AppChannel" solution="msdyn_AppFrameworkInfraExtensions (1.0.0.11)" id.uniquename="AppChannel" />
        <Dependent type="AppSetting" displayName="parentappmoduleid.uniquename=mpa_trainingandregistration,settingdefinitionid.uniquename=AppChannel" id.parentappmoduleid.uniquename="mpa_trainingandregistration" id.settingdefinitionid.uniquename="AppChannel" />
      </MissingDependency>
    </MissingDependencies>
  </SolutionManifest>
</ImportExportXml>