<powerpagecomponent powerpagecomponentid="a79d7fcd-4be0-ee11-904d-000d3a33da23">
  <content>{
  "partialurl": "slick.grid.js",
  "excludefromsearch": false,
  "hiddenfromsitemap": false,
  "contentdisposition": 756150000,
  "publishingstateid": "9137c988-52cc-46f0-8cea-e558f5887e5f",
  "parentpageid": "94db5e36-8ed1-4567-baae-1b38a4b71d4c"
}</content>
  <filecontent mimetype="application/javascript">slick.grid.js</filecontent>
  <iscustomizable>1</iscustomizable>
  <name>slick.grid.js</name>
  <powerpagecomponenttype>3</powerpagecomponenttype>
  <powerpagesiteid>
    <powerpagesiteid>99af4f03-6a66-4c36-963b-164265f26ce8</powerpagesiteid>
  </powerpagesiteid>
  <statecode>0</statecode>
  <statuscode>1</statuscode>
</powerpagecomponent>