<powerpagecomponent powerpagecomponentid="8770903b-8ad3-4c19-b444-de4d4d45dc28">
  <content>{
  "source": "{% assign title = title | default: page.title %}\n{% assign textTag = config.breadcrumb.tag | default: 'span' %}\n{% assign separator = config.breadcrumb.separator | default: '&gt;' %}\n{% assign homeAs = config.breadcrumb.home_as | default: 'text' %}\n\n\n&lt;nav style=\"--bs-breadcrumb-divider: '{{separator}}';\" aria-label=\"breadcrumb\"&gt;\n    &lt;ol class=\"breadcrumb\"&gt;\n        {% for crumb in page.breadcrumbs -%}\n        {% if forloop.index == 1 %}\n        {% if homeAs == \"hidden\" %}\n            {% continue %}\n        {% endif %}\n        &lt;li class=\"breadcrumb-item\" style=\"display: flex; align-items: center;\"&gt;\n                {% if homeAs == \"icon+text\" %}\n                    &lt;{{textTag}} style=\"display: inline-block; margin: 0px;\"&gt;\n                        &lt;a href=\"{{ crumb.url | h }}\" title=\"{{ crumb.title | h }}\" class=\"anchor-inherit-styles\"&gt;&lt;span class=\"fa fa-home\" aria-hidden=\"true\"&gt;&lt;/span&gt;{{ crumb.title | truncate: 24 | h }}&lt;/a&gt;\n                    &lt;/{{textTag}}&gt;\n                {% elsif homeAs == \"icon\" %}\n                    &lt;{{textTag}}&gt;\n                        &lt;a href=\"{{ crumb.url | h }}\" title=\"{{ crumb.title | h }}\" class=\"anchor-inherit-styles\"&gt;&lt;span class=\"fa fa-home\" aria-hidden=\"true\"&gt;&lt;/span&gt;&lt;/a&gt;\n                    &lt;/{{textTag}}&gt;\n                {% else %}\n                    &lt;{{textTag}} style=\"display: inline-block; margin: 0px;\"&gt;\n                        &lt;a href=\"{{ crumb.url | h }}\" title=\"{{ crumb.title | h }}\" class=\"anchor-inherit-styles\"&gt;{{ crumb.title | truncate: 24 | h }}&lt;/a&gt;\n                    &lt;/{{textTag}}&gt;\n                {% endif %}\n        &lt;/li&gt;\n        {% else %}\n        &lt;li class=\"breadcrumb-item\" style=\"display: flex; align-items: center;\"&gt;\n                &lt;{{textTag}} style=\"display: inline-block; margin: 0px;\"&gt;\n                    &lt;a href=\"{{ crumb.url | h }}\" title=\"{{ crumb.title | h }}\" class=\"anchor-inherit-styles\"&gt;{{ crumb.title | truncate: 24 | h }} &lt;/a&gt;\n                &lt;/{{textTag}}&gt;\n        &lt;/li&gt;\n        {% endif %}\n        {% endfor -%}\n        &lt;li class=\"breadcrumb-item active\" style=\"display: flex; align-items: center;\" aria-current=\"{{title | h}}\"&gt;\n            &lt;{{textTag}} style=\"display: inline-block; margin: 0px;\"&gt;\n                {% block activebreadcrumb %}{{ title | h }}{% endblock %}\n            &lt;/{{textTag}}&gt;\n        &lt;/li&gt;\n    &lt;/ol&gt;\n&lt;/nav&gt;"
}</content>
  <iscustomizable>1</iscustomizable>
  <name>Pages Breadcrumb</name>
  <powerpagecomponenttype>8</powerpagecomponenttype>
  <powerpagesiteid>
    <powerpagesiteid>99af4f03-6a66-4c36-963b-164265f26ce8</powerpagesiteid>
  </powerpagesiteid>
  <statecode>0</statecode>
  <statuscode>1</statuscode>
</powerpagecomponent>