<powerpagecomponent powerpagecomponentid="585f2b71-f62a-48f1-8d01-6139ccc29d42">
  <content>{"source":"{% assign snippet_name = snippet_name %}\r\n{% if snippet_name %}\r\n {% editable snippets snippet_name type: 'html' %}\r\n{% endif %}"}</content>
  <iscustomizable>1</iscustomizable>
  <name>Snippet</name>
  <powerpagecomponenttype>8</powerpagecomponenttype>
  <powerpagesiteid>
    <powerpagesiteid>99af4f03-6a66-4c36-963b-164265f26ce8</powerpagesiteid>
  </powerpagesiteid>
  <statecode>0</statecode>
  <statuscode>1</statuscode>
</powerpagecomponent>