<powerpagecomponent powerpagecomponentid="e3886b66-fb0d-4e52-9162-76f95d947ae4">
  <content>{"source":"{% extends 'Layout 1 Column' %}\r\n\r\n{% block title %}\r\n  {% include 'Tab Header' page_type: 'topic' %}\r\n{% endblock %}"}</content>
  <iscustomizable>1</iscustomizable>
  <name>Category Topic</name>
  <powerpagecomponenttype>8</powerpagecomponenttype>
  <powerpagesiteid>
    <powerpagesiteid>99af4f03-6a66-4c36-963b-164265f26ce8</powerpagesiteid>
  </powerpagesiteid>
  <statecode>0</statecode>
  <statuscode>1</statuscode>
</powerpagecomponent>