<powerpagecomponent powerpagecomponentid="b87ff617-d413-47e3-df7b-b337ccb1bae4">
  <content>{
  "filecontent": null,
  "displayorder": 5,
  "weblinksetid": "6b5715eb-aeb3-497e-a71a-281e4b61eca0",
  "pageid": "da22293d-a9dd-964b-3ecd-8ed684069c6b",
  "publishingstateid": "9137c988-52cc-46f0-8cea-e558f5887e5f",
  "displaypagevalidation": false,
  "displayimageonly": false,
  "displaypagechildlinks": false,
  "openinnewwindow": false,
  "robotsfollowlink": true
}</content>
  <iscustomizable>1</iscustomizable>
  <name>Sample</name>
  <powerpagecomponenttype>5</powerpagecomponenttype>
  <powerpagesiteid>
    <powerpagesiteid>99af4f03-6a66-4c36-963b-164265f26ce8</powerpagesiteid>
  </powerpagesiteid>
  <statecode>1</statecode>
  <statuscode>2</statuscode>
</powerpagecomponent>