<powerpagecomponent powerpagecomponentid="c2d071a0-ea3f-4728-98de-c3689fce6d13">
  <content>{"display_name":"Account/Signin/Minor Not Allowed Heading","type":756150000,"value":"Age Requirements"}</content>
  <iscustomizable>1</iscustomizable>
  <name>Account/Signin/MinorNotAllowedHeading</name>
  <powerpagecomponenttype>7</powerpagecomponenttype>
  <powerpagesiteid>
    <powerpagesiteid>99af4f03-6a66-4c36-963b-164265f26ce8</powerpagesiteid>
  </powerpagesiteid>
  <powerpagesitelanguageid>
    <powerpagesitelanguageid>732bd198-dcfc-406a-8b9e-0375589318f3</powerpagesitelanguageid>
  </powerpagesitelanguageid>
  <statecode>0</statecode>
  <statuscode>1</statuscode>
</powerpagecomponent>