<powerpagecomponent powerpagecomponentid="eddc56f2-adf8-466b-8f71-6456ed304f36">
  <content>{"display_name":"Account/Confirm Email/Confirm Email Error Text","type":756150000,"value":"We were unable to confirm your email address. Make sure the spelling is correct and that your profile allows for email communication, or try another email address."}</content>
  <iscustomizable>1</iscustomizable>
  <name>Account/ConfirmEmail/ConfirmEmailErrorText</name>
  <powerpagecomponenttype>7</powerpagecomponenttype>
  <powerpagesiteid>
    <powerpagesiteid>99af4f03-6a66-4c36-963b-164265f26ce8</powerpagesiteid>
  </powerpagesiteid>
  <powerpagesitelanguageid>
    <powerpagesitelanguageid>732bd198-dcfc-406a-8b9e-0375589318f3</powerpagesitelanguageid>
  </powerpagesitelanguageid>
  <statecode>0</statecode>
  <statuscode>1</statuscode>
</powerpagecomponent>