<duplicaterule uniquename="drbab04bc9f28ce75fbd0b623c5326e8188a2ba6af0be22d26db06d8abef60b40d">
  <baseentityname>mpa_onboarders</baseentityname>
  <description>Duplicate detection rule to match if there is an existing Active Onboarder with the same onboarder lookup value</description>
  <excludeinactiverecords>1</excludeinactiverecords>
  <iscasesensitive>0</iscasesensitive>
  <iscustomizable>1</iscustomizable>
  <matchingentityname>mpa_onboarders</matchingentityname>
  <name>Onboarder with the same Onboarder lookup</name>
  <duplicateruleconditions>
    <duplicaterulecondition baseattributename="mpa_onboarderid" matchingattributename="mpa_onboarderid" operatorcode="0" uniquerulename="drbab04bc9f28ce75fbd0b623c5326e8188a2ba6af0be22d26db06d8abef60b40d">
      <ignoreblankvalues>0</ignoreblankvalues>
      <iscustomizable>1</iscustomizable>
    </duplicaterulecondition>
  </duplicateruleconditions>
</duplicaterule>