<powerpagecomponent powerpagecomponentid="72d09d9b-0d89-4cbf-87ca-534f26bceb64">
  <content>{"display_name":"Page Related Heading","type":756150000,"value":"Related Topics"}</content>
  <iscustomizable>1</iscustomizable>
  <name>Page Related Heading</name>
  <powerpagecomponenttype>7</powerpagecomponenttype>
  <powerpagesiteid>
    <powerpagesiteid>99af4f03-6a66-4c36-963b-164265f26ce8</powerpagesiteid>
  </powerpagesiteid>
  <powerpagesitelanguageid>
    <powerpagesitelanguageid>732bd198-dcfc-406a-8b9e-0375589318f3</powerpagesitelanguageid>
  </powerpagesitelanguageid>
  <statecode>0</statecode>
  <statuscode>1</statuscode>
</powerpagecomponent>