﻿<?xml version="1.0" encoding="utf-8"?>
<ImportExportXml version="9.2.23093.252" SolutionPackageVersion="9.2" languagecode="1033" generatedBy="CrmLive" xmlns:xsi="http://www.w3.org/2001/XMLSchema-instance">
  <SolutionManifest>
    <UniqueName>mpa_OnboardingBuddy</UniqueName>
    <LocalizedNames>
      <LocalizedName description="Onboarding Buddy" languagecode="1033" />
    </LocalizedNames>
    <Descriptions>
      <Description description="Onboarding Buddy Solution Template" languagecode="1033" />
    </Descriptions>
    <Version>1.0.0.13</Version>
    <Managed>0</Managed>
    <Publisher>
      <UniqueName>PowerAccelerator</UniqueName>
      <LocalizedNames>
        <LocalizedName description="Microsoft Power Accelerator" languagecode="1033" />
      </LocalizedNames>
      <Descriptions>
        <Description description="Publisher for the Microsoft Power Accelerator team." languagecode="1033" />
      </Descriptions>
      <EMailAddress xsi:nil="true"></EMailAddress>
      <SupportingWebsiteUrl xsi:nil="true"></SupportingWebsiteUrl>
      <CustomizationPrefix>mpa</CustomizationPrefix>
      <CustomizationOptionValuePrefix>86542</CustomizationOptionValuePrefix>
      <Addresses>
        <Address>
          <AddressNumber>1</AddressNumber>
          <AddressTypeCode>1</AddressTypeCode>
          <City xsi:nil="true"></City>
          <County xsi:nil="true"></County>
          <Country xsi:nil="true"></Country>
          <Fax xsi:nil="true"></Fax>
          <FreightTermsCode xsi:nil="true"></FreightTermsCode>
          <ImportSequenceNumber xsi:nil="true"></ImportSequenceNumber>
          <Latitude xsi:nil="true"></Latitude>
          <Line1 xsi:nil="true"></Line1>
          <Line2 xsi:nil="true"></Line2>
          <Line3 xsi:nil="true"></Line3>
          <Longitude xsi:nil="true"></Longitude>
          <Name xsi:nil="true"></Name>
          <PostalCode xsi:nil="true"></PostalCode>
          <PostOfficeBox xsi:nil="true"></PostOfficeBox>
          <PrimaryContactName xsi:nil="true"></PrimaryContactName>
          <ShippingMethodCode>1</ShippingMethodCode>
          <StateOrProvince xsi:nil="true"></StateOrProvince>
          <Telephone1 xsi:nil="true"></Telephone1>
          <Telephone2 xsi:nil="true"></Telephone2>
          <Telephone3 xsi:nil="true"></Telephone3>
          <TimeZoneRuleVersionNumber xsi:nil="true"></TimeZoneRuleVersionNumber>
          <UPSZone xsi:nil="true"></UPSZone>
          <UTCOffset xsi:nil="true"></UTCOffset>
          <UTCConversionTimeZoneCode xsi:nil="true"></UTCConversionTimeZoneCode>
        </Address>
        <Address>
          <AddressNumber>2</AddressNumber>
          <AddressTypeCode>1</AddressTypeCode>
          <City xsi:nil="true"></City>
          <County xsi:nil="true"></County>
          <Country xsi:nil="true"></Country>
          <Fax xsi:nil="true"></Fax>
          <FreightTermsCode xsi:nil="true"></FreightTermsCode>
          <ImportSequenceNumber xsi:nil="true"></ImportSequenceNumber>
          <Latitude xsi:nil="true"></Latitude>
          <Line1 xsi:nil="true"></Line1>
          <Line2 xsi:nil="true"></Line2>
          <Line3 xsi:nil="true"></Line3>
          <Longitude xsi:nil="true"></Longitude>
          <Name xsi:nil="true"></Name>
          <PostalCode xsi:nil="true"></PostalCode>
          <PostOfficeBox xsi:nil="true"></PostOfficeBox>
          <PrimaryContactName xsi:nil="true"></PrimaryContactName>
          <ShippingMethodCode>1</ShippingMethodCode>
          <StateOrProvince xsi:nil="true"></StateOrProvince>
          <Telephone1 xsi:nil="true"></Telephone1>
          <Telephone2 xsi:nil="true"></Telephone2>
          <Telephone3 xsi:nil="true"></Telephone3>
          <TimeZoneRuleVersionNumber xsi:nil="true"></TimeZoneRuleVersionNumber>
          <UPSZone xsi:nil="true"></UPSZone>
          <UTCOffset xsi:nil="true"></UTCOffset>
          <UTCConversionTimeZoneCode xsi:nil="true"></UTCConversionTimeZoneCode>
        </Address>
      </Addresses>
    </Publisher>
    <RootComponents>
      <RootComponent type="1" schemaName="aaduser" behavior="2" />
      <RootComponent type="1" schemaName="mpa_buddylist" behavior="0" />
      <RootComponent type="1" schemaName="mpa_configuration" behavior="0" />
      <RootComponent type="1" schemaName="mpa_onboarders" behavior="0" />
      <RootComponent type="1" schemaName="systemuser" behavior="2" />
      <RootComponent type="20" id="{955524d2-583c-ee11-bdf4-000d3a3050ad}" behavior="0" />
      <RootComponent type="20" id="{a39084e5-573c-ee11-bdf4-000d3a3050ad}" behavior="0" />
      <RootComponent type="29" id="{09685f54-8315-ee11-8f6e-00224805c837}" behavior="0" />
      <RootComponent type="29" id="{1795f55b-7b17-ee11-8f6e-00224803a83a}" behavior="0" />
      <RootComponent type="29" id="{8224fbbb-e515-ee11-8f6e-00224805c057}" behavior="0" />
      <RootComponent type="29" id="{f4cd9ffc-ea13-ee11-8f6e-00224805c837}" behavior="0" />
      <RootComponent type="300" schemaName="mpa_onboardingbuddy_520e5" behavior="0" />
      <RootComponent type="61" schemaName="mpa_buddylist_svg" behavior="0" />
      <RootComponent type="61" schemaName="mpa_configuration_svg" behavior="0" />
      <RootComponent type="61" schemaName="mpa_OB_Logo" behavior="0" />
      <RootComponent type="61" schemaName="mpa_obfinallogo" behavior="0" />
      <RootComponent type="61" schemaName="mpa_onboarders_svg" behavior="0" />
      <RootComponent type="62" schemaName="mpa_OnboardingBuddyAdmin" behavior="0" />
      <RootComponent type="80" schemaName="mpa_OnboardingBuddyAdmin" behavior="0" />
      <RootComponent type="9" schemaName="mpa_buddyavailability" behavior="0" />
      <RootComponent type="9" schemaName="mpa_lengthofbuddymatch" behavior="0" />
      <RootComponent type="9" schemaName="mpa_organization" behavior="0" />
      <RootComponent type="9" schemaName="mpa_regions" behavior="0" />
    </RootComponents>
    <MissingDependencies>
      <MissingDependency>
        <Required type="1" schemaName="aaduser" displayName="AAD User" solution="MetadataExtension (1.0.2.72)" />
        <Dependent type="1" schemaName="aaduser" displayName="AAD User" />
      </MissingDependency>
      <MissingDependency>
        <Required type="1" schemaName="aaduser" displayName="AAD User" solution="MetadataExtension (1.0.2.72)" />
        <Dependent type="10" schemaName="mpa_mpa_onboarders_managerid_aaduser" displayName="mpa_mpa_onboarders_managerid_aaduser" parentSchemaName="aaduser" parentDisplayName="AAD User" />
      </MissingDependency>
      <MissingDependency>
        <Required type="1" schemaName="aaduser" displayName="AAD User" solution="MetadataExtension (1.0.2.72)" />
        <Dependent type="300" schemaName="mpa_onboardingbuddy_520e5" displayName="Onboarding Buddy" />
      </MissingDependency>
      <MissingDependency>
        <Required type="1" schemaName="mpa_eelocalization" displayName="Employee Experience Localization" solution="mpa_EmployeeExperienceBase (1.0.0.15)" />
        <Dependent type="300" schemaName="mpa_onboardingbuddy_520e5" displayName="Onboarding Buddy" />
      </MissingDependency>
      <MissingDependency>
        <Required type="1" schemaName="mpa_eelocalization" displayName="Employee Experience Localization" solution="mpa_EmployeeExperienceBase (1.0.0.15)" />
        <Dependent type="62" schemaName="mpa_OnboardingBuddyAdmin" />
      </MissingDependency>
      <MissingDependency>
        <Required type="1" schemaName="mpa_eelocalization" displayName="Employee Experience Localization" solution="mpa_EmployeeExperienceBase (1.0.0.15)" />
        <Dependent type="80" schemaName="mpa_OnboardingBuddyAdmin" displayName="Onboarding Buddy Admin" />
      </MissingDependency>
      <MissingDependency>
        <Required type="2" schemaName="aaduserid" displayName="AAD user id" parentSchemaName="aaduser" parentDisplayName="AAD User" solution="MetadataExtension (1.0.2.72)" />
        <Dependent type="10" schemaName="mpa_mpa_onboarders_managerid_aaduser" displayName="mpa_mpa_onboarders_managerid_aaduser" parentSchemaName="aaduser" parentDisplayName="AAD User" />
      </MissingDependency>
      <MissingDependency>
        <Required type="2" schemaName="displayname" displayName="Display Name" parentSchemaName="aaduser" parentDisplayName="AAD User" solution="MetadataExtension (1.0.2.72)" />
        <Dependent type="10" schemaName="mpa_mpa_onboarders_managerid_aaduser" displayName="mpa_mpa_onboarders_managerid_aaduser" parentSchemaName="aaduser" parentDisplayName="AAD User" />
      </MissingDependency>
    </MissingDependencies>
  </SolutionManifest>
</ImportExportXml>