{
  "properties": {
    "connectionReferences": {
      "shared_flowmanagement": {
        "runtimeSource": "invoker",
        "connection": {
          "connectionReferenceLogicalName": "mpa_sharedflowmanagement_3d8fc"
        },
        "api": {
          "name": "shared_flowmanagement"
        }
      }
    },
    "definition": {
      "$schema": "https://schema.management.azure.com/providers/Microsoft.Logic/schemas/2016-06-01/workflowdefinition.json#",
      "contentVersion": "1.0.0.0",
      "parameters": {
        "$connections": {
          "defaultValue": {},
          "type": "Object"
        },
        "$authentication": {
          "defaultValue": {},
          "type": "SecureObject"
        }
      },
      "triggers": {
        "manual": {
          "metadata": {
            "operationMetadataId": "a98fbdff-7561-43db-a36d-050506dc33f3"
          },
          "type": "Request",
          "kind": "PowerAppV2",
          "inputs": {
            "schema": {
              "type": "object",
              "properties": {
                "text": {
                  "title": "FlowList",
                  "type": "string",
                  "x-ms-dynamically-added": true,
                  "description": "Please enter your input",
                  "x-ms-content-hint": "TEXT"
                },
                "text_1": {
                  "title": "BAPAPIVersion",
                  "type": "string",
                  "x-ms-dynamically-added": true,
                  "description": "Please enter your input",
                  "x-ms-content-hint": "TEXT"
                },
                "text_2": {
                  "title": "AddShareList",
                  "type": "string",
                  "x-ms-dynamically-added": true,
                  "description": "List of user and/or team object id's to assign",
                  "x-ms-content-hint": "TEXT"
                },
                "text_3": {
                  "title": "RemoveShareList",
                  "type": "string",
                  "x-ms-dynamically-added": true,
                  "description": "List of user and/or team object id's to remove",
                  "x-ms-content-hint": "TEXT"
                }
              },
              "required": [
                "text",
                "text_1",
                "text_2",
                "text_3"
              ]
            }
          }
        }
      },
      "actions": {
        "Try": {
          "actions": {
            "Parse_JSON_Add_Share_List": {
              "runAfter": {},
              "metadata": {
                "operationMetadataId": "2ae38ac2-e3d0-4566-b1c5-488f45e21108"
              },
              "type": "ParseJson",
              "inputs": {
                "content": "@triggerBody()['text_2']",
                "schema": {
                  "type": "array",
                  "items": {
                    "type": "object",
                    "properties": {
                      "Id": {
                        "type": "string"
                      },
                      "Role": {
                        "type": "string"
                      },
                      "Type": {
                        "type": "string",
                        "enum": [
                          "User",
                          "Group"
                        ]
                      }
                    },
                    "required": [
                      "Id",
                      "Type",
                      "Role"
                    ]
                  }
                }
              }
            },
            "Apply_to_each_add": {
              "foreach": "@body('Parse_JSON_Add_Share_List')",
              "actions": {
                "Apply_to_each_flow_add": {
                  "foreach": "@body('Parse_JSON_Flows_List')",
                  "actions": {
                    "Condition": {
                      "actions": {
                        "Modify_Run-Only_Users_Add": {
                          "runAfter": {},
                          "metadata": {
                            "operationMetadataId": "310b9168-5cd2-4d48-b85c-5ade09441d26"
                          },
                          "type": "OpenApiConnection",
                          "inputs": {
                            "host": {
                              "connectionName": "shared_flowmanagement",
                              "operationId": "ModifyRunOnlyUsers",
                              "apiId": "/providers/Microsoft.PowerApps/apis/shared_flowmanagement"
                            },
                            "parameters": {
                              "environmentName": "@workflow().tags.environmentName",
                              "flowName": "@items('Apply_to_each_flow_add')['name']",
                              "permissions/put": [
                                {
                                  "properties/principal/id": "@items('Apply_to_each_add')['Id']",
                                  "properties/principal/type": "@items('Apply_to_each_add')['Type']"
                                }
                              ]
                            },
                            "authentication": "@parameters('$authentication')"
                          }
                        }
                      },
                      "runAfter": {},
                      "else": {
                        "actions": {
                          "Modify_Flow_Owners_Add": {
                            "runAfter": {},
                            "metadata": {
                              "operationMetadataId": "05917f1b-44c3-4f1f-b54f-c321568c8591"
                            },
                            "type": "OpenApiConnection",
                            "inputs": {
                              "host": {
                                "connectionName": "shared_flowmanagement",
                                "operationId": "ModifyFlowOwners",
                                "apiId": "/providers/Microsoft.PowerApps/apis/shared_flowmanagement"
                              },
                              "parameters": {
                                "environmentName": "@workflow().tags.environmentName",
                                "flowName": "@items('Apply_to_each_flow_add')['name']",
                                "permissions/put": [
                                  {
                                    "properties/principal/id": "@items('Apply_to_each_add')['Id']",
                                    "properties/principal/type": "User"
                                  }
                                ]
                              },
                              "authentication": "@parameters('$authentication')"
                            }
                          }
                        }
                      },
                      "expression": {
                        "equals": [
                          "@items('Apply_to_each_add')['Role']",
                          "CanView"
                        ]
                      },
                      "metadata": {
                        "operationMetadataId": "5801dc4b-20b9-4835-be54-b4a772b6bb81"
                      },
                      "type": "If"
                    }
                  },
                  "runAfter": {},
                  "metadata": {
                    "operationMetadataId": "4e34d1a5-350a-4570-81a9-5a08194eb064"
                  },
                  "type": "Foreach",
                  "runtimeConfiguration": {
                    "concurrency": {
                      "repetitions": 20
                    }
                  }
                }
              },
              "runAfter": {
                "Parse_JSON_Flows_List": [
                  "Succeeded"
                ]
              },
              "metadata": {
                "operationMetadataId": "51e7c98e-22be-473b-863a-0fa571351c3c"
              },
              "type": "Foreach",
              "runtimeConfiguration": {
                "concurrency": {
                  "repetitions": 20
                }
              }
            },
            "Parse_JSON_Flows_List": {
              "runAfter": {
                "Parse_JSON_Remove_Share_List": [
                  "Succeeded"
                ]
              },
              "metadata": {
                "operationMetadataId": "48bfeffd-0e32-4937-bede-c2632825ae1f"
              },
              "type": "ParseJson",
              "inputs": {
                "content": "@triggerBody()['text']",
                "schema": {
                  "type": "array",
                  "items": {
                    "type": "object",
                    "properties": {
                      "name": {
                        "type": "string"
                      }
                    },
                    "required": [
                      "name"
                    ]
                  }
                }
              }
            },
            "Parse_JSON_Remove_Share_List": {
              "runAfter": {
                "Parse_JSON_Add_Share_List": [
                  "Succeeded"
                ]
              },
              "metadata": {
                "operationMetadataId": "9363d2f2-e410-490c-b1b4-2d946780331e"
              },
              "type": "ParseJson",
              "inputs": {
                "content": "@triggerBody()['text_3']",
                "schema": {
                  "type": "array",
                  "items": {
                    "type": "object",
                    "properties": {
                      "Id": {
                        "type": "string"
                      },
                      "Type": {
                        "type": "string",
                        "enum": [
                          "User",
                          "Team"
                        ]
                      }
                    },
                    "required": [
                      "Id",
                      "Type"
                    ]
                  }
                }
              }
            },
            "Apply_to_each_remove": {
              "foreach": "@body('Parse_JSON_Remove_Share_List')",
              "actions": {
                "Apply_to_each_flow_remove": {
                  "foreach": "@body('Parse_JSON_Flows_List')",
                  "actions": {
                    "Modify_Flow_Owners_Remove": {
                      "runAfter": {},
                      "metadata": {
                        "operationMetadataId": "2d92a6ab-4989-46d0-84e9-82ee62ef2714"
                      },
                      "type": "OpenApiConnection",
                      "inputs": {
                        "host": {
                          "connectionName": "shared_flowmanagement",
                          "operationId": "ModifyFlowOwners",
                          "apiId": "/providers/Microsoft.PowerApps/apis/shared_flowmanagement"
                        },
                        "parameters": {
                          "environmentName": "@workflow().tags.environmentName",
                          "flowName": "@items('Apply_to_each_flow_remove')['name']",
                          "permissions/delete": [
                            {
                              "properties/principal/id": "@items('Apply_to_each_remove')['Id']",
                              "properties/principal/type": "User"
                            }
                          ]
                        },
                        "authentication": "@parameters('$authentication')"
                      }
                    }
                  },
                  "runAfter": {},
                  "metadata": {
                    "operationMetadataId": "0f24e6a7-0e2f-41c9-915f-b3876df59f54"
                  },
                  "type": "Foreach",
                  "runtimeConfiguration": {
                    "concurrency": {
                      "repetitions": 20
                    }
                  }
                }
              },
              "runAfter": {
                "Parse_JSON_Flows_List": [
                  "Succeeded"
                ]
              },
              "metadata": {
                "operationMetadataId": "487651aa-944c-4ab4-b5b5-7a295cc53e1d"
              },
              "type": "Foreach",
              "runtimeConfiguration": {
                "concurrency": {
                  "repetitions": 20
                }
              }
            },
            "Set_variable_-_Message": {
              "runAfter": {
                "Set_variable": [
                  "Succeeded"
                ]
              },
              "metadata": {
                "operationMetadataId": "8ad76a59-8c6a-4d7e-87d0-6c8d19943b89"
              },
              "type": "SetVariable",
              "inputs": {
                "name": "Status Message",
                "value": "All flows were successfully shared."
              }
            },
            "Set_variable": {
              "runAfter": {
                "Apply_to_each_add": [
                  "Succeeded"
                ],
                "Apply_to_each_remove": [
                  "Succeeded"
                ]
              },
              "metadata": {
                "operationMetadataId": "3fcfaaa7-48d4-4130-99bf-8dd2a529ed4c"
              },
              "type": "SetVariable",
              "inputs": {
                "name": "Status",
                "value": "Success"
              }
            }
          },
          "runAfter": {
            "Initialize_variable_-_Message": [
              "Succeeded"
            ]
          },
          "metadata": {
            "operationMetadataId": "4611c649-2bcc-4f2d-b877-dc8fd2551754"
          },
          "type": "Scope"
        },
        "Catch": {
          "actions": {
            "Filter_array": {
              "runAfter": {},
              "metadata": {
                "operationMetadataId": "f91a43a4-0e64-4a69-822b-54e5e2377f90"
              },
              "type": "Query",
              "inputs": {
                "from": "@result('Try')",
                "where": "@or(equals(item()?['Status'], 'Failed'), equals(item()?['Status'], 'TimedOut'))"
              }
            },
            "Set_variable_status": {
              "runAfter": {
                "Parse_JSON": [
                  "Succeeded"
                ]
              },
              "metadata": {
                "operationMetadataId": "049fe80a-2c2b-4f2f-834e-8e5ca22a3437"
              },
              "type": "SetVariable",
              "inputs": {
                "name": "Status",
                "value": "Error"
              }
            },
            "Parse_JSON": {
              "runAfter": {
                "Filter_array": [
                  "Succeeded"
                ]
              },
              "metadata": {
                "operationMetadataId": "82a3da57-86cc-429f-b629-7916a9528fdc"
              },
              "type": "ParseJson",
              "inputs": {
                "content": "@body('Filter_array')",
                "schema": {
                  "type": "array",
                  "items": {
                    "type": "object",
                    "properties": {
                      "name": {
                        "type": "string"
                      },
                      "error": {
                        "type": "object",
                        "properties": {
                          "code": {
                            "type": "string"
                          },
                          "message": {
                            "type": "string"
                          }
                        }
                      },
                      "inputs": {
                        "type": "object",
                        "properties": {
                          "host": {
                            "type": "object",
                            "properties": {
                              "apiId": {
                                "type": "string"
                              },
                              "connectionReferenceName": {
                                "type": "string"
                              },
                              "operationId": {
                                "type": "string"
                              }
                            }
                          },
                          "parameters": {
                            "type": "object",
                            "properties": {
                              "environment": {
                                "type": "string"
                              },
                              "api-version": {
                                "type": "string"
                              }
                            }
                          }
                        }
                      },
                      "outputs": {
                        "type": "object",
                        "properties": {
                          "statusCode": {
                            "type": "integer"
                          },
                          "headers": {
                            "type": "object",
                            "properties": {
                              "Cache-Control": {
                                "type": "string"
                              },
                              "Strict-Transport-Security": {
                                "type": "string"
                              },
                              "x-ms-islandgateway": {
                                "type": "string"
                              },
                              "x-ms-request-id": {
                                "type": "string"
                              },
                              "x-ms-correlation-request-id": {
                                "type": "string"
                              },
                              "x-ms-correlation-id": {
                                "type": "string"
                              },
                              "Server-Timing": {
                                "type": "string"
                              },
                              "X-Content-Type-Options": {
                                "type": "string"
                              },
                              "x-ms-service-request-id": {
                                "type": "string"
                              },
                              "x-ms-activity-vector": {
                                "type": "string"
                              },
                              "Timing-Allow-Origin": {
                                "type": "string"
                              },
                              "x-ms-apihub-cached-response": {
                                "type": "string"
                              },
                              "x-ms-apihub-obo": {
                                "type": "string"
                              },
                              "Date": {
                                "type": "string"
                              },
                              "Content-Length": {
                                "type": "string"
                              },
                              "Content-Type": {
                                "type": "string"
                              }
                            }
                          },
                          "body": {
                            "type": "object",
                            "properties": {
                              "message": {
                                "type": "string"
                              },
                              "error": {
                                "type": "object",
                                "properties": {
                                  "code": {
                                    "type": "string"
                                  },
                                  "message": {
                                    "type": "string"
                                  }
                                }
                              }
                            }
                          }
                        }
                      },
                      "startTime": {
                        "type": "string"
                      },
                      "endTime": {
                        "type": "string"
                      },
                      "trackingId": {
                        "type": "string"
                      },
                      "clientTrackingId": {
                        "type": "string"
                      },
                      "clientKeywords": {
                        "type": "array",
                        "items": {
                          "type": "string"
                        }
                      },
                      "code": {
                        "type": "string"
                      },
                      "status": {
                        "type": "string"
                      }
                    }
                  }
                }
              }
            },
            "Apply_to_each_error": {
              "foreach": "@body('Parse_JSON')",
              "actions": {
                "Append_to_string_variable": {
                  "runAfter": {},
                  "metadata": {
                    "operationMetadataId": "b8d87b39-8c49-457e-a53a-26405a852992"
                  },
                  "type": "AppendToStringVariable",
                  "inputs": {
                    "name": "Status Message",
                    "value": "@items('Apply_to_each_error')?['error']?['message']"
                  }
                },
                "Append_to_string_variable_status_message": {
                  "runAfter": {
                    "Append_to_string_variable_2": [
                      "Succeeded"
                    ]
                  },
                  "metadata": {
                    "operationMetadataId": "521724ac-10d0-45ce-bbdd-d2254d82c1a6"
                  },
                  "type": "AppendToStringVariable",
                  "inputs": {
                    "name": "Status Message",
                    "value": "@{items('Apply_to_each_error')?['outputs']?['body']?['error']} "
                  }
                },
                "Append_to_string_variable_2": {
                  "runAfter": {
                    "Append_to_string_variable": [
                      "Succeeded"
                    ]
                  },
                  "metadata": {
                    "operationMetadataId": "92e8dedd-1e5e-4069-9dfd-7f629f5d8b46"
                  },
                  "type": "AppendToStringVariable",
                  "inputs": {
                    "name": "Status Message",
                    "value": "@items('Apply_to_each_error')?['outputs']?['body']?['message']"
                  }
                }
              },
              "runAfter": {
                "Set_variable_status": [
                  "Succeeded"
                ]
              },
              "metadata": {
                "operationMetadataId": "006332ae-c434-439a-8254-c90b33fad78e"
              },
              "type": "Foreach"
            }
          },
          "runAfter": {
            "Try": [
              "Failed",
              "TimedOut"
            ]
          },
          "metadata": {
            "operationMetadataId": "12091a34-a842-4723-a69a-9ec94a3e1dcd"
          },
          "type": "Scope"
        },
        "Initialize_variable_-_Status": {
          "runAfter": {},
          "metadata": {
            "operationMetadataId": "69d1e973-7b0e-46b0-bae4-7169aa1ea479"
          },
          "type": "InitializeVariable",
          "inputs": {
            "variables": [
              {
                "name": "Status",
                "type": "string"
              }
            ]
          }
        },
        "Initialize_variable_-_Message": {
          "runAfter": {
            "Initialize_variable_-_Status": [
              "Succeeded"
            ]
          },
          "metadata": {
            "operationMetadataId": "b85ecbe4-be59-4ef1-bf5b-1a5d3d1ee24c"
          },
          "type": "InitializeVariable",
          "inputs": {
            "variables": [
              {
                "name": "Status Message",
                "type": "string"
              }
            ]
          }
        },
        "Respond_to_a_PowerApp_or_flow": {
          "runAfter": {
            "Catch": [
              "Succeeded",
              "Skipped"
            ]
          },
          "metadata": {
            "operationMetadataId": "b03401e5-70f7-444f-907c-53fb437875e1"
          },
          "type": "Response",
          "kind": "PowerApp",
          "inputs": {
            "statusCode": 200,
            "body": {
              "status": "@variables('Status')",
              "statusmessage": "@variables('Status Message')"
            },
            "schema": {
              "type": "object",
              "properties": {
                "status": {
                  "title": "Status",
                  "x-ms-dynamically-added": true,
                  "type": "string"
                },
                "statusmessage": {
                  "title": "StatusMessage",
                  "x-ms-dynamically-added": true,
                  "type": "string"
                }
              }
            }
          }
        }
      }
    },
    "templateName": ""
  },
  "schemaVersion": "1.0.0.0"
}