<powerbireport uniquename="mpa_d81434818cd34dc094b71f74fa8cac20">
  <datasetid>
    <uniquename>new_dataset_93848121-906b-4fed-9636-6421075d402f</uniquename>
  </datasetid>
  <iscustomizable>1</iscustomizable>
  <name>Hardware Request &amp; Management</name>
  <package mimetype="application/zip">package.pbipkg</package>
  <reportobjectid>e9c61a13-d60d-4567-9748-54999d22199e</reportobjectid>
  <reportoriginalobjectid>e9c61a13-d60d-4567-9748-54999d22199e</reportoriginalobjectid>
  <statecode>0</statecode>
  <statuscode>1</statuscode>
</powerbireport>