<ImportExportXml version="9.2.24111.216" SolutionPackageVersion="9.2" languagecode="1033" generatedBy="CrmLive" xmlns:xsi="http://www.w3.org/2001/XMLSchema-instance" OrganizationVersion="9.2.24111.216" OrganizationSchemaType="Standard" CRMServerServiceabilityVersion="9.2.24112.00220">
  <SolutionManifest>
    <UniqueName>mpa_KudosBase</UniqueName>
    <LocalizedNames>
      <LocalizedName description="Kudos Base" languagecode="1033" />
    </LocalizedNames>
    <Descriptions />
    <Version>1.0.0.10</Version>
    <Managed>1</Managed>
    <Publisher>
      <UniqueName>PowerAccelerator</UniqueName>
      <LocalizedNames>
        <LocalizedName description="Microsoft Power Accelerator" languagecode="1033" />
      </LocalizedNames>
      <Descriptions>
        <Description description="Publisher for the Microsoft Power Accelerator team." languagecode="1033" />
      </Descriptions>
      <EMailAddress xsi:nil="true"></EMailAddress>
      <SupportingWebsiteUrl xsi:nil="true"></SupportingWebsiteUrl>
      <CustomizationPrefix>mpa</CustomizationPrefix>
      <CustomizationOptionValuePrefix>86542</CustomizationOptionValuePrefix>
      <Addresses>
        <Address>
          <AddressNumber>1</AddressNumber>
          <AddressTypeCode>1</AddressTypeCode>
          <City xsi:nil="true"></City>
          <County xsi:nil="true"></County>
          <Country xsi:nil="true"></Country>
          <Fax xsi:nil="true"></Fax>
          <FreightTermsCode xsi:nil="true"></FreightTermsCode>
          <ImportSequenceNumber xsi:nil="true"></ImportSequenceNumber>
          <Latitude xsi:nil="true"></Latitude>
          <Line1 xsi:nil="true"></Line1>
          <Line2 xsi:nil="true"></Line2>
          <Line3 xsi:nil="true"></Line3>
          <Longitude xsi:nil="true"></Longitude>
          <Name xsi:nil="true"></Name>
          <PostalCode xsi:nil="true"></PostalCode>
          <PostOfficeBox xsi:nil="true"></PostOfficeBox>
          <PrimaryContactName xsi:nil="true"></PrimaryContactName>
          <ShippingMethodCode>1</ShippingMethodCode>
          <StateOrProvince xsi:nil="true"></StateOrProvince>
          <Telephone1 xsi:nil="true"></Telephone1>
          <Telephone2 xsi:nil="true"></Telephone2>
          <Telephone3 xsi:nil="true"></Telephone3>
          <TimeZoneRuleVersionNumber xsi:nil="true"></TimeZoneRuleVersionNumber>
          <UPSZone xsi:nil="true"></UPSZone>
          <UTCOffset xsi:nil="true"></UTCOffset>
          <UTCConversionTimeZoneCode xsi:nil="true"></UTCConversionTimeZoneCode>
        </Address>
        <Address>
          <AddressNumber>2</AddressNumber>
          <AddressTypeCode>1</AddressTypeCode>
          <City xsi:nil="true"></City>
          <County xsi:nil="true"></County>
          <Country xsi:nil="true"></Country>
          <Fax xsi:nil="true"></Fax>
          <FreightTermsCode xsi:nil="true"></FreightTermsCode>
          <ImportSequenceNumber xsi:nil="true"></ImportSequenceNumber>
          <Latitude xsi:nil="true"></Latitude>
          <Line1 xsi:nil="true"></Line1>
          <Line2 xsi:nil="true"></Line2>
          <Line3 xsi:nil="true"></Line3>
          <Longitude xsi:nil="true"></Longitude>
          <Name xsi:nil="true"></Name>
          <PostalCode xsi:nil="true"></PostalCode>
          <PostOfficeBox xsi:nil="true"></PostOfficeBox>
          <PrimaryContactName xsi:nil="true"></PrimaryContactName>
          <ShippingMethodCode>1</ShippingMethodCode>
          <StateOrProvince xsi:nil="true"></StateOrProvince>
          <Telephone1 xsi:nil="true"></Telephone1>
          <Telephone2 xsi:nil="true"></Telephone2>
          <Telephone3 xsi:nil="true"></Telephone3>
          <TimeZoneRuleVersionNumber xsi:nil="true"></TimeZoneRuleVersionNumber>
          <UPSZone xsi:nil="true"></UPSZone>
          <UTCOffset xsi:nil="true"></UTCOffset>
          <UTCConversionTimeZoneCode xsi:nil="true"></UTCConversionTimeZoneCode>
        </Address>
      </Addresses>
    </Publisher>
    <RootComponents>
      <RootComponent type="1" schemaName="mpa_badge" behavior="0" />
      <RootComponent type="1" schemaName="mpa_kudo" behavior="0" />
      <RootComponent type="1" schemaName="mpa_kudoscopilotoptin" behavior="0" />
      <RootComponent type="1" schemaName="mpa_optoutuser" behavior="0" />
      <RootComponent type="1" schemaName="systemuser" behavior="2" />
      <RootComponent type="9" schemaName="mpa_daysoftheweek" behavior="0" />
      <RootComponent type="20" id="{6089cdb9-00c4-ed11-83ff-00224803a83a}" behavior="0" />
      <RootComponent type="20" id="{f2406414-ffc3-ed11-83ff-00224803a83a}" behavior="0" />
      <RootComponent type="29" id="{581ff752-abc2-ed11-83ff-00224805c837}" behavior="0" />
      <RootComponent type="29" id="{78705546-a1c2-ed11-83ff-00224803a83a}" behavior="0" />
      <RootComponent type="29" id="{7d93d390-2c0e-ef11-9f89-000d3a123011}" behavior="0" />
      <RootComponent type="61" schemaName="mpa_badgelogo" behavior="0" />
      <RootComponent type="61" schemaName="mpa_kudosappicon" behavior="0" />
      <RootComponent type="61" schemaName="mpa_kudoscopilotoptin" behavior="0" />
      <RootComponent type="61" schemaName="mpa_kudosmodelappicon" behavior="0" />
      <RootComponent type="61" schemaName="mpa_kudosoptouticon" behavior="0" />
      <RootComponent type="61" schemaName="mpa_kudosthumbsupicon" behavior="0" />
      <RootComponent type="61" schemaName="mpa_kudothumbsupicon" behavior="0" />
      <RootComponent type="62" schemaName="mpa_KudosAdminApp" behavior="0" />
      <RootComponent type="80" schemaName="mpa_KudosAdminApp" behavior="0" />
    </RootComponents>
    <MissingDependencies>
      <MissingDependency>
        <Required type="26" schemaName="Soft deleted Users" displayName="Soft deleted Users" parentSchemaName="systemuser" parentDisplayName="User" solution="AuthorizationCore (1.116.0.68)" id="{5fda842a-004b-42b4-a611-b93c2c69667e}">
          <package>msft_PrivilegeChecker (1.4.0.4)</package>
        </Required>
        <Dependent type="60" displayName="Information" parentDisplayName="Opt-out User" id="{dba0b562-9a7b-4dbc-aa43-29b2c12b6be8}" />
      </MissingDependency>
      <MissingDependency>
        <Required type="66" schemaName="MscrmControls.FieldControls.ToggleControl" displayName="MscrmControls.FieldControls.ToggleControl" solution="BaseCustomControlsCore (9.0.2411.1009)">
          <package>BaseCustomControlsCore (9.0.2411.1009)</package>
        </Required>
        <Dependent type="60" displayName="Information" parentDisplayName="Opt-out User" id="{dba0b562-9a7b-4dbc-aa43-29b2c12b6be8}" />
      </MissingDependency>
      <MissingDependency>
        <Required type="SettingDefinition" displayName="ServerMode" solution="SettingDefinitionsData (9.2.2409.2409161)" id.uniquename="ServerMode">
          <package>AppModuleSolutionAnchor (9.2.2409.2409161)</package>
        </Required>
        <Dependent type="AppSetting" displayName="parentappmoduleid.uniquename=mpa_KudosAdminApp,settingdefinitionid.uniquename=ServerMode" id.parentappmoduleid.uniquename="mpa_KudosAdminApp" id.settingdefinitionid.uniquename="ServerMode" />
      </MissingDependency>
    </MissingDependencies>
  </SolutionManifest>
</ImportExportXml>