<powerpagecomponent powerpagecomponentid="70671ee5-cea9-b0f5-013e-1a02ba63ed3b">
  <content>{
  "displayorder": null,
  "customcss": "",
  "customjavascript": "",
  "pagetemplateid": "5303c14c-7ff4-494a-a44b-a19a62c9889a",
  "parentpageid": "94db5e36-8ed1-4567-baae-1b38a4b71d4c",
  "partialurl": "FAQ",
  "isroot": true,
  "title": "FAQ",
  "summary": "&lt;p&gt;This is a sample landing page designed to be a starting point for your website&lt;/p&gt;",
  "copy": "",
  "publishingstateid": "9137c988-52cc-46f0-8cea-e558f5887e5f",
  "enablerating": false,
  "enabletracking": false,
  "excludefromsearch": false,
  "hiddenfromsitemap": true,
  "sharedpageconfiguration": false
}</content>
  <iscustomizable>1</iscustomizable>
  <name>FAQ</name>
  <powerpagecomponenttype>2</powerpagecomponenttype>
  <powerpagesiteid>
    <powerpagesiteid>99af4f03-6a66-4c36-963b-164265f26ce8</powerpagesiteid>
  </powerpagesiteid>
  <searchcontent>FAQFAQ</searchcontent>
  <statecode>0</statecode>
  <statuscode>1</statuscode>
</powerpagecomponent>