<powerpagecomponent powerpagecomponentid="af94d05d-ab97-4247-ab88-8174ef7adf99">
  <content>{"display_name":"Account/Change Password/Page Copy","type":756150000}</content>
  <iscustomizable>1</iscustomizable>
  <name>Account/ChangePassword/PageCopy</name>
  <powerpagecomponenttype>7</powerpagecomponenttype>
  <powerpagesiteid>
    <powerpagesiteid>99af4f03-6a66-4c36-963b-164265f26ce8</powerpagesiteid>
  </powerpagesiteid>
  <powerpagesitelanguageid>
    <powerpagesitelanguageid>732bd198-dcfc-406a-8b9e-0375589318f3</powerpagesitelanguageid>
  </powerpagesitelanguageid>
  <statecode>0</statecode>
  <statuscode>1</statuscode>
</powerpagecomponent>