<environmentvariabledefinition schemaname="mpa_HardwareRequestAndManagementAppURL">
  <description default="Used to store the URL of the Hardware Request and Management model-driven app.">
    <label description="Used to store the URL of the Hardware Request and Management model-driven app." languagecode="1033" />
  </description>
  <displayname default="Hardware Request and Management URL">
    <label description="Hardware Request and Management URL" languagecode="1033" />
  </displayname>
  <introducedversion>1.0.0.0</introducedversion>
  <iscustomizable>1</iscustomizable>
  <isrequired>0</isrequired>
  <secretstore>0</secretstore>
  <type>100000000</type>
</environmentvariabledefinition>