<powerpagecomponent powerpagecomponentid="aa9c3e90-906b-61a7-b0ff-597a378f2465">
  <content>{
  "displayorder": 13,
  "weblinksetid": "6b5715eb-aeb3-497e-a71a-281e4b61eca0",
  "pageid": "b22dcd61-0bd2-92a4-d9c5-f94f5724c8ad",
  "publishingstateid": "9137c988-52cc-46f0-8cea-e558f5887e5f",
  "displaypagevalidation": false,
  "displayimageonly": false,
  "displaypagechildlinks": false,
  "openinnewwindow": false,
  "robotsfollowlink": true
}</content>
  <iscustomizable>1</iscustomizable>
  <name>Purchase Order-deleted</name>
  <powerpagecomponenttype>5</powerpagecomponenttype>
  <powerpagesiteid>
    <powerpagesiteid>99af4f03-6a66-4c36-963b-164265f26ce8</powerpagesiteid>
  </powerpagesiteid>
  <statecode>1</statecode>
  <statuscode>2</statuscode>
</powerpagecomponent>