<powerpagecomponent powerpagecomponentid="b6fd66af-c085-410c-85c5-67f39b9a5ff4">
  <content>{
  "filecontent": null,
  "disablepagevalidation": false,
  "displayimageonly": false,
  "displayorder": 2,
  "displaypagechildlinks": false,
  "openinnewwindow": false,
  "pageid": "5632e412-415f-454d-8f6b-149383ffe6d4",
  "parentweblinkid": "03c1d1d2-9efc-4884-99b3-7e81a619835c",
  "publishingstateid": "9137c988-52cc-46f0-8cea-e558f5887e5f",
  "robotsfollowlink": true,
  "weblinksetid": "6b5715eb-aeb3-497e-a71a-281e4b61eca0"
}</content>
  <iscustomizable>1</iscustomizable>
  <name>Subpage 2</name>
  <powerpagecomponenttype>5</powerpagecomponenttype>
  <powerpagesiteid>
    <powerpagesiteid>99af4f03-6a66-4c36-963b-164265f26ce8</powerpagesiteid>
  </powerpagesiteid>
  <statecode>1</statecode>
  <statuscode>2</statuscode>
</powerpagecomponent>