<powerpagecomponent powerpagecomponentid="6a332b56-cae6-ee11-904d-000d3a33da23">
  <content>{
  "filecontent": null,
  "partialurl": "demo-profile-deleted",
  "feedbackpolicy": 756150000,
  "excludefromsearch": false,
  "hiddenfromsitemap": false,
  "enablerating": false,
  "isroot": true,
  "sharedpageconfiguration": true,
  "publishingstateid": "9137c988-52cc-46f0-8cea-e558f5887e5f",
  "pagetemplateid": "5303c14c-7ff4-494a-a44b-a19a62c9889a",
  "parentpageid": "94db5e36-8ed1-4567-baae-1b38a4b71d4c",
  "isofflinecached": false
}</content>
  <iscustomizable>1</iscustomizable>
  <name>Demo Profile Page-deleted</name>
  <powerpagecomponenttype>2</powerpagecomponenttype>
  <powerpagesiteid>
    <powerpagesiteid>99af4f03-6a66-4c36-963b-164265f26ce8</powerpagesiteid>
  </powerpagesiteid>
  <searchcontent>Demo Profile Page-deleted</searchcontent>
  <statecode>1</statecode>
  <statuscode>2</statuscode>
</powerpagecomponent>