<powerpagecomponent powerpagecomponentid="74b61853-f066-406c-8c77-1203029d2c4e">
  <content>{"display_name":"Account/Signin/Terms And Conditions Copy","type":756150001}</content>
  <iscustomizable>1</iscustomizable>
  <name>Account/Signin/TermsAndConditionsCopy</name>
  <powerpagecomponenttype>7</powerpagecomponenttype>
  <powerpagesiteid>
    <powerpagesiteid>99af4f03-6a66-4c36-963b-164265f26ce8</powerpagesiteid>
  </powerpagesiteid>
  <powerpagesitelanguageid>
    <powerpagesitelanguageid>732bd198-dcfc-406a-8b9e-0375589318f3</powerpagesitelanguageid>
  </powerpagesitelanguageid>
  <statecode>0</statecode>
  <statuscode>1</statuscode>
</powerpagecomponent>