<powerpagecomponent powerpagecomponentid="dffa030f-31e6-ee11-904d-000d3a33d34f">
  <content>{"botschemaname":"cr23a_81d6b2b2-66b0-4dfb-b96b-bf0d347f1e22", "configjson":"{}"}</content>
  <iscustomizable>1</iscustomizable>
  <name>Bot Consumer</name>
  <powerpagecomponenttype>27</powerpagecomponenttype>
  <powerpagesiteid>
    <powerpagesiteid>99af4f03-6a66-4c36-963b-164265f26ce8</powerpagesiteid>
  </powerpagesiteid>
  <statecode>0</statecode>
  <statuscode>1</statuscode>
</powerpagecomponent>