<ImportExportXml version="9.2.24112.220" SolutionPackageVersion="9.2" languagecode="1033" generatedBy="CrmLive" xmlns:xsi="http://www.w3.org/2001/XMLSchema-instance" OrganizationVersion="9.2.24112.220" OrganizationSchemaType="Standard" CRMServerServiceabilityVersion="9.2.24112.00220">
  <SolutionManifest>
    <UniqueName>mpa_Checklist</UniqueName>
    <LocalizedNames>
      <LocalizedName description="Checklist" languagecode="1033" />
    </LocalizedNames>
    <Descriptions>
      <Description description="The Checklist App template enables employees in an organization to create checklist reports." languagecode="1033" />
    </Descriptions>
    <Version>1.0.0.7</Version>
    <Managed>1</Managed>
    <Publisher>
      <UniqueName>PowerAccelerator</UniqueName>
      <LocalizedNames>
        <LocalizedName description="Microsoft Power Accelerator" languagecode="1033" />
      </LocalizedNames>
      <Descriptions>
        <Description description="Publisher for the Microsoft Power Accelerator team." languagecode="1033" />
      </Descriptions>
      <EMailAddress xsi:nil="true"></EMailAddress>
      <SupportingWebsiteUrl xsi:nil="true"></SupportingWebsiteUrl>
      <CustomizationPrefix>mpa</CustomizationPrefix>
      <CustomizationOptionValuePrefix>86542</CustomizationOptionValuePrefix>
      <Addresses>
        <Address>
          <AddressNumber>1</AddressNumber>
          <AddressTypeCode>1</AddressTypeCode>
          <City xsi:nil="true"></City>
          <County xsi:nil="true"></County>
          <Country xsi:nil="true"></Country>
          <Fax xsi:nil="true"></Fax>
          <FreightTermsCode xsi:nil="true"></FreightTermsCode>
          <ImportSequenceNumber xsi:nil="true"></ImportSequenceNumber>
          <Latitude xsi:nil="true"></Latitude>
          <Line1 xsi:nil="true"></Line1>
          <Line2 xsi:nil="true"></Line2>
          <Line3 xsi:nil="true"></Line3>
          <Longitude xsi:nil="true"></Longitude>
          <Name xsi:nil="true"></Name>
          <PostalCode xsi:nil="true"></PostalCode>
          <PostOfficeBox xsi:nil="true"></PostOfficeBox>
          <PrimaryContactName xsi:nil="true"></PrimaryContactName>
          <ShippingMethodCode>1</ShippingMethodCode>
          <StateOrProvince xsi:nil="true"></StateOrProvince>
          <Telephone1 xsi:nil="true"></Telephone1>
          <Telephone2 xsi:nil="true"></Telephone2>
          <Telephone3 xsi:nil="true"></Telephone3>
          <TimeZoneRuleVersionNumber xsi:nil="true"></TimeZoneRuleVersionNumber>
          <UPSZone xsi:nil="true"></UPSZone>
          <UTCOffset xsi:nil="true"></UTCOffset>
          <UTCConversionTimeZoneCode xsi:nil="true"></UTCConversionTimeZoneCode>
        </Address>
        <Address>
          <AddressNumber>2</AddressNumber>
          <AddressTypeCode>1</AddressTypeCode>
          <City xsi:nil="true"></City>
          <County xsi:nil="true"></County>
          <Country xsi:nil="true"></Country>
          <Fax xsi:nil="true"></Fax>
          <FreightTermsCode xsi:nil="true"></FreightTermsCode>
          <ImportSequenceNumber xsi:nil="true"></ImportSequenceNumber>
          <Latitude xsi:nil="true"></Latitude>
          <Line1 xsi:nil="true"></Line1>
          <Line2 xsi:nil="true"></Line2>
          <Line3 xsi:nil="true"></Line3>
          <Longitude xsi:nil="true"></Longitude>
          <Name xsi:nil="true"></Name>
          <PostalCode xsi:nil="true"></PostalCode>
          <PostOfficeBox xsi:nil="true"></PostOfficeBox>
          <PrimaryContactName xsi:nil="true"></PrimaryContactName>
          <ShippingMethodCode>1</ShippingMethodCode>
          <StateOrProvince xsi:nil="true"></StateOrProvince>
          <Telephone1 xsi:nil="true"></Telephone1>
          <Telephone2 xsi:nil="true"></Telephone2>
          <Telephone3 xsi:nil="true"></Telephone3>
          <TimeZoneRuleVersionNumber xsi:nil="true"></TimeZoneRuleVersionNumber>
          <UPSZone xsi:nil="true"></UPSZone>
          <UTCOffset xsi:nil="true"></UTCOffset>
          <UTCConversionTimeZoneCode xsi:nil="true"></UTCConversionTimeZoneCode>
        </Address>
      </Addresses>
    </Publisher>
    <RootComponents>
      <RootComponent type="1" schemaName="mpa_checklist_category" behavior="0" />
      <RootComponent type="1" schemaName="mpa_checklist_inventory" behavior="0" />
      <RootComponent type="1" schemaName="mpa_checklist_item" behavior="0" />
      <RootComponent type="1" schemaName="mpa_checklist_report" behavior="0" />
      <RootComponent type="1" schemaName="mpa_checklist_reportstep" behavior="0" />
      <RootComponent type="1" schemaName="mpa_checklist_reportsubstep" behavior="0" />
      <RootComponent type="1" schemaName="mpa_checklist_template" behavior="0" />
      <RootComponent type="1" schemaName="mpa_checklist_templatestep" behavior="0" />
      <RootComponent type="1" schemaName="mpa_checklist_templatesubstep" behavior="0" />
      <RootComponent type="1" schemaName="mpa_checklist_validationtype" behavior="0" />
      <RootComponent type="1" schemaName="mpa_checklist_validationunit" behavior="0" />
      <RootComponent type="9" schemaName="mpa_checklist_validationtype" behavior="0" />
      <RootComponent type="20" id="{3e468d64-d7ef-ee11-904c-00224805c837}" behavior="0" />
      <RootComponent type="20" id="{977c4981-d7ef-ee11-904c-0022480461f7}" behavior="0" />
      <RootComponent type="60" id="{40a691cf-fe29-ef11-840b-7c1e521b77e9}" behavior="0" />
      <RootComponent type="61" schemaName="mpa_checklist_categories" behavior="0" />
      <RootComponent type="61" schemaName="mpa_checklist_inventories" behavior="0" />
      <RootComponent type="61" schemaName="mpa_checklist_item" behavior="0" />
      <RootComponent type="61" schemaName="mpa_checklist_report" behavior="0" />
      <RootComponent type="61" schemaName="mpa_checklist_step" behavior="0" />
      <RootComponent type="61" schemaName="mpa_checklist_substep" behavior="0" />
      <RootComponent type="61" schemaName="mpa_checklist_template" behavior="0" />
      <RootComponent type="61" schemaName="mpa_checklist_templatestep" behavior="0" />
      <RootComponent type="61" schemaName="mpa_checklist_templatesubstep" behavior="0" />
      <RootComponent type="61" schemaName="mpa_checklist_validationtype" behavior="0" />
      <RootComponent type="61" schemaName="mpa_checklist_validationunit" behavior="0" />
      <RootComponent type="62" schemaName="mpa_checklist" behavior="0" />
      <RootComponent type="80" schemaName="mpa_checklist" behavior="0" />
      <RootComponent type="300" schemaName="mpa_checklistapp_412ee" behavior="0" />
    </RootComponents>
    <MissingDependencies>
      <MissingDependency>
        <Required type="61" schemaName="msdyn_/Images/AppModule_Default_Icon.png" displayName="msdyn_/Images/AppModule_Default_Icon.png" solution="AppModuleWebResources (2.5)" />
        <Dependent type="80" schemaName="mpa_checklist" displayName="Checklist Administrator" />
      </MissingDependency>
      <MissingDependency>
        <Required type="SettingDefinition" displayName="AppChannel" solution="msdyn_AppFrameworkInfraExtensions (1.0.0.12)" id.uniquename="AppChannel">
          <package>PowerAppsAppFramework_Anchor (1.0.0.16)</package>
        </Required>
        <Dependent type="AppSetting" displayName="parentappmoduleid.uniquename=mpa_checklist,settingdefinitionid.uniquename=AppChannel" id.parentappmoduleid.uniquename="mpa_checklist" id.settingdefinitionid.uniquename="AppChannel" />
      </MissingDependency>
    </MissingDependencies>
  </SolutionManifest>
</ImportExportXml>