﻿<?xml version="1.0" encoding="utf-8"?>
<ImportExportXml xmlns:xsi="http://www.w3.org/2001/XMLSchema-instance">
  <Entities />
  <Roles />
  <Workflows />
  <FieldSecurityProfiles />
  <Templates />
  <EntityMaps />
  <EntityRelationships />
  <OrganizationSettings />
  <optionsets />
  <CustomControls />
  <EntityDataProviders />
  <CanvasApps>
    <CanvasApp>
      <Name>mpa_AwardsAndRecognitionApp</Name>
      <AppVersion>2024-08-01T19:29:05Z</AppVersion>
      <Status>Ready</Status>
      <CreatedByClientVersion>3.24062.17.0</CreatedByClientVersion>
      <MinClientVersion>3.24062.17.0</MinClientVersion>
      <Tags>{"primaryDeviceWidth":"640","primaryDeviceHeight":"1136","supportsPortrait":"true","supportsLandscape":"true","primaryFormFactor":"Phone","publisherVersion":"3.24062.17","minimumRequiredApiVersion":"2.2.0","hasComponent":"true","hasUnlockedComponent":"true","isUnifiedRootApp":"false","sienaVersion":"20240606T143205Z-3.24052.30.0","showStatusBar":"false"}</Tags>
      <IsCdsUpgraded>0</IsCdsUpgraded>
      <GalleryItemId xsi:nil="true"></GalleryItemId>
      <BackgroundColor>rgba(255, 255, 255, 1)</BackgroundColor>
      <DisplayName>Awards &amp; Recognition App</DisplayName>
      <Description>The Awards and Recognition template streamlines and automates the process of acknowledging outstanding efforts in an organization. By facilitating an engaging, inclusive, and efficient awards system, the app aims to encourage a positive work culture that recognizes and appreciates exceptional contributions.</Description>
      <CommitMessage></CommitMessage>
      <Publisher></Publisher>
      <AuthorizationReferences>[]</AuthorizationReferences>
      <ConnectionReferences>{"299d803a-7724-4b67-a7bf-b9c0c0cb5873":{"id":"/providers/microsoft.powerapps/apis/shared_office365users","displayName":"Office 365 Users","iconUri":"https://connectoricons-prod.azureedge.net/releases/v1.0.1702/1.0.1702.3810/office365users/icon.png","dataSources":["Office365Users"],"dependencies":[],"dependents":[],"parameterHints":{},"parameterHintsV2":{},"isOnPremiseConnection":false,"bypassConsent":false,"dataSets":{},"apiTier":"Standard","actions":["UserPhotoMetadata","UserPhotoV2","UserProfile"]}}</ConnectionReferences>
      <DatabaseReferences>{"default.cds":{"databaseDetails":{"referenceType":"Environmental","environmentName":"default.cds","overrideValues":{"status":"NotSpecified"}},"dataSources":{"Users":{"entitySetName":"systemusers","logicalName":"systemuser"},"Nominations":{"entitySetName":"mpa_nominations","logicalName":"mpa_nomination"},"Group Members":{"entitySetName":"mpa_groupmembers","logicalName":"mpa_groupmember"},"Groups":{"entitySetName":"mpa_groups","logicalName":"mpa_group"},"Nomination Periods":{"entitySetName":"mpa_nominationperiods","logicalName":"mpa_nominationperiod"},"Awards":{"entitySetName":"mpa_awards","logicalName":"mpa_award"},"Award Assessment Ratings":{"entitySetName":"mpa_awardassessmentratingses","logicalName":"mpa_awardassessmentratings"},"Nomination Ratings":{"entitySetName":"mpa_nominationratings","logicalName":"mpa_nominationrating"},"Nominated Users":{"entitySetName":"mpa_nominatedusers","logicalName":"mpa_nominateduser"}}}}</DatabaseReferences>
      <AppComponents>[]</AppComponents>
      <AppComponentDependencies>[]</AppComponentDependencies>
      <CanConsumeAppPass>1</CanConsumeAppPass>
      <CanvasAppType>0</CanvasAppType>
      <BypassConsent>0</BypassConsent>
      <EmbeddedApp xsi:nil="true"></EmbeddedApp>
      <IntroducedVersion>1.0</IntroducedVersion>
      <CdsDependencies>{"cdsdependencies":[{"componenttype":1,"logicalname":"systemuser"},{"componenttype":1,"logicalname":"mpa_nomination"},{"componenttype":1,"logicalname":"mpa_groupmember"},{"componenttype":1,"logicalname":"mpa_group"},{"componenttype":1,"logicalname":"mpa_nominationperiod"},{"componenttype":1,"logicalname":"mpa_award"},{"componenttype":1,"logicalname":"mpa_awardassessmentratings"},{"componenttype":1,"logicalname":"mpa_nominationrating"},{"componenttype":1,"logicalname":"mpa_nominateduser"}]}</CdsDependencies>
      <IsCustomizable>1</IsCustomizable>
      <BackgroundImageUri>/CanvasApps/mpa_AwardsAndRecognitionApp_BackgroundImageUri</BackgroundImageUri>
      <DocumentUri>/CanvasApps/mpa_AwardsAndRecognitionApp_DocumentUri.msapp</DocumentUri>
      <AdditionalUris>
        <AdditionalUri>/CanvasApps/mpa_AwardsAndRecognitionApp_AdditionalUris0_identity.json</AdditionalUri>
      </AdditionalUris>
    </CanvasApp>
  </CanvasApps>
  <Languages>
    <Language>1033</Language>
  </Languages>
</ImportExportXml>