<powerpagecomponent powerpagecomponentid="83ca92ae-17da-ee11-904d-000d3a33d34f">
  <content>{"display_name":"AddPhoneNumberModal","value":"&lt;!-- Modal for creating new Phone Number --&gt;\r\n  &lt;div class=\"modal fade\" id=\"addPhoneModal\" tabindex=\"-1\" aria-labelledby=\"exampleModalLabel\" aria-hidden=\"true\"&gt;\r\n    &lt;div class=\"modal-dialog modal-lg\"&gt;\r\n      &lt;div class=\"modal-content\"&gt;\r\n        &lt;div class=\"modal-header\"&gt;\r\n          &lt;h4 class=\"modal-title\" id=\"exampleModalLabel\"&gt;Add New Phone Number&lt;/h4&gt;\r\n          &lt;button type=\"button\" class=\"btn-close\" data-bs-dismiss=\"modal\" aria-label=\"Close\"&gt;&lt;/button&gt;\r\n        &lt;/div&gt;\r\n        &lt;div class=\"modal-body\"&gt;\r\n            &lt;form role=\"form\"&gt;\r\n                &lt;div class=\"form-group\"&gt;\r\n                    &lt;label for=\"addPhoneNo\"&gt;Phone Number&lt;/label&gt;\r\n                    &lt;input type=\"tel\" class=\"form-control\" id=\"addPhoneNo\" placeholder=\"Enter Phone number\" /&gt;\r\n                &lt;/div&gt;\r\n                &lt;div class=\"form-group\"&gt;\r\n                    &lt;label for=\"addPhoneCountry\"&gt;Country&lt;/label&gt;\r\n                    &lt;select class=\"form-control\" id=\"addPhoneCountry\"&gt;&lt;/select&gt;\r\n                &lt;/div&gt;\r\n                &lt;div class=\"form-group\"&gt;\r\n                    &lt;label for=\"addPhoneExtension\"&gt;Extension&lt;/label&gt;\r\n                    &lt;input type=\"text\" class=\"form-control\" id=\"addPhoneExtension\" /&gt;\r\n                &lt;/div&gt;\r\n                &lt;div class=\"form-group\"&gt;\r\n                    &lt;label for=\"addPhoneDefault\"&gt;Default&lt;/label&gt;\r\n                    &lt;select class=\"form-control\" id=\"addPhoneDefault\"&gt;\r\n                        &lt;option value=\"true\"&gt;True&lt;/option&gt;\r\n                        &lt;option value=\"false\"&gt;False&lt;/option&gt;\r\n                    &lt;/select&gt;\r\n                &lt;/div&gt;\r\n            &lt;/form&gt;\r\n        &lt;/div&gt;\r\n        &lt;div class=\"modal-footer\"&gt;\r\n          &lt;button type=\"button\" class=\"btn btn-secondary\" data-bs-dismiss=\"modal\"&gt;Close&lt;/button&gt;\r\n          &lt;button type=\"button\" class=\"btn btn-primary\" id=\"saveNewPhone\"&gt;Save changes&lt;/button&gt;\r\n        &lt;/div&gt;\r\n      &lt;/div&gt;\r\n    &lt;/div&gt;\r\n  &lt;/div&gt;","type":756150001}</content>
  <iscustomizable>1</iscustomizable>
  <name>AddPhoneNumberModal</name>
  <powerpagecomponenttype>7</powerpagecomponenttype>
  <powerpagesiteid>
    <powerpagesiteid>99af4f03-6a66-4c36-963b-164265f26ce8</powerpagesiteid>
  </powerpagesiteid>
  <powerpagesitelanguageid>
    <powerpagesitelanguageid>732bd198-dcfc-406a-8b9e-0375589318f3</powerpagesitelanguageid>
  </powerpagesitelanguageid>
  <statecode>0</statecode>
  <statuscode>1</statuscode>
</powerpagecomponent>