{
  "modelVersion": "1.0.0.0",
  "catalogItemDefinition": {
    "id": "85954430-f8e1-4127-a36c-ba6efee4d67f",
    "displayName": "Leave Management Copilot",
    "description": "Leave Management Copilot is intended to simplify the process of requesting time off from your manager. The copilot can facilitate the requests and the approval process, while helping managers and reports review the future time off requests and hour balances by type. The is also and administrative component built into a Model Driven App.",
    "offerDetails": {
      "type": "Component_Collection",
      "deploymentType": "Normal",
      "engineeringName": {
        "firstName": "Power Platform Template Support",
        "lastName": "",
        "email": "powertemplatesupport@microsoft.com",
        "phoneNumber": "14257062128"
      },
      "supportName": {
        "firstName": "Power Platform Template Support",
        "lastName": "",
        "email": "powertemplatesupport@microsoft.com",
        "phoneNumber": "14257062128"
      },
      "PostInstallOperation": {
        "OperationType": 0,
        "StudioType": 0,
        "ComponentLogicalName": "mpa_LeaveManagement"
      },
      "CatalogVisibility": 1024
    }
  }
}