{
  "properties": {
    "connectionReferences": {
      "shared_saperp": {
        "runtimeSource": "invoker",
        "connection": {
          "connectionReferenceLogicalName": "mpa_sharedsaperp_9d4dd"
        },
        "api": {
          "name": "shared_saperp"
        }
      },
      "shared_commondataserviceforapps_1": {
        "impersonation": {
          "source": "invoker"
        },
        "runtimeSource": "embedded",
        "connection": {
          "connectionReferenceLogicalName": "mpa_SAPDataverse"
        },
        "api": {
          "name": "shared_commondataserviceforapps"
        }
      }
    },
    "definition": {
      "$schema": "https://schema.management.azure.com/providers/Microsoft.Logic/schemas/2016-06-01/workflowdefinition.json#",
      "contentVersion": "1.0.0.0",
      "parameters": {
        "$connections": {
          "defaultValue": {},
          "type": "Object"
        },
        "$authentication": {
          "defaultValue": {},
          "type": "SecureObject"
        },
        "SAP Application Server (mpa_SAPApplicationServer)": {
          "defaultValue": "{\"AppServerHost\":\"10.0.0.10\",\"Client\":\"800\",\"SystemNumber\":\"00\",\"LogonType\":\"ApplicationServer\"}",
          "type": "String",
          "metadata": {
            "schemaName": "mpa_SAPApplicationServer",
            "description": "JSON string that contains system parameters, host, system number, client, etc."
          }
        }
      },
      "triggers": {
        "manual": {
          "metadata": {
            "operationMetadataId": "d570b806-d545-4f08-a371-120d51d4c410"
          },
          "type": "Request",
          "kind": "PowerAppV2",
          "inputs": {
            "schema": {
              "type": "object",
              "properties": {
                "text": {
                  "title": "JSON",
                  "type": "string",
                  "x-ms-dynamically-added": true,
                  "description": "Please enter your input",
                  "x-ms-content-hint": "TEXT"
                }
              },
              "required": [
                "text"
              ]
            }
          }
        }
      },
      "actions": {
        "Initialize_InvoiceNumber": {
          "runAfter": {
            "Initialize_SAPErrorMessage": [
              "Succeeded"
            ]
          },
          "metadata": {
            "operationMetadataId": "6ed5aa4b-4be1-4c3d-9d71-61407e82ea08"
          },
          "type": "InitializeVariable",
          "inputs": {
            "variables": [
              {
                "name": "InvoiceNumber",
                "type": "string"
              }
            ]
          }
        },
        "Initialize_HEADERDATA": {
          "runAfter": {
            "Initialize_FiscalYear": [
              "Succeeded"
            ]
          },
          "metadata": {
            "operationMetadataId": "6cbfab8f-a161-42d5-9e57-30c613507fb2"
          },
          "type": "InitializeVariable",
          "inputs": {
            "variables": [
              {
                "name": "HEADERDATA",
                "type": "object"
              }
            ]
          }
        },
        "Initialize_Messages": {
          "runAfter": {
            "Initialize_variable_3": [
              "Succeeded"
            ]
          },
          "metadata": {
            "operationMetadataId": "3ca9d172-3dad-4359-9b26-263658faca63"
          },
          "type": "InitializeVariable",
          "inputs": {
            "variables": [
              {
                "name": "Messages",
                "type": "array"
              }
            ]
          }
        },
        "Try": {
          "actions": {
            "Map_ITEMDATA": {
              "runAfter": {
                "Filter_Items": [
                  "Succeeded"
                ]
              },
              "metadata": {
                "operationMetadataId": "67b60224-0f7c-4338-b520-808a2181795b"
              },
              "type": "Select",
              "inputs": {
                "from": "@body('Filter_Items')",
                "select": {
                  "PO_ITEM": "@formatNumber(int(item()?['PurchaseOrderItemNumber']), 'D5')",
                  "QUANTITY": "@item()?['Quantity']",
                  "PO_UNIT": "@item()?['UnitOfMeasure']",
                  "INVOICE_DOC_ITEM": "@formatNumber(int(item()?['ItemNumber']), 'D5')",
                  "ITEM_TEXT": "@item()?['Description']",
                  "PO_NUMBER": "@item()?['PurchaseOrderNumber']",
                  "TAX_CODE": "U0",
                  "TAXJURCODE": "IN0000000",
                  "ITEM_AMOUNT": "@item()?['TotalPrice']",
                  "DELETE_IND": "@if(equals(item()?['CrudType'], 'D'), 'X', '')",
                  "REF_DOC": "@body('Goods_Receipts')[0]['REF_DOC']",
                  "REF_DOC_YR": "@body('Goods_Receipts')[0]['REF_DOC_YR']",
                  "REF_DOC_IT": "@body('Goods_Receipts')[0]['REF_DOC_IT']"
                }
              }
            },
            "Filter_Messages_for_Errors": {
              "runAfter": {
                "Set_SAPErrorMessage_01": [
                  "Succeeded",
                  "Skipped"
                ]
              },
              "metadata": {
                "operationMetadataId": "314738ec-9d05-4ae3-b089-64259885fb43"
              },
              "type": "Query",
              "inputs": {
                "from": "@outputs('BAPI_INCOMINGINVOICE_CHANGE')?['body/RETURN']",
                "where": "@equals(item()?['TYPE'], 'E')"
              }
            },
            "Success_Check": {
              "actions": {
                "Success_Response": {
                  "runAfter": {},
                  "metadata": {
                    "operationMetadataId": "88ce5aac-9ebe-41ab-87a6-dea14c80f06e"
                  },
                  "type": "Response",
                  "kind": "Http",
                  "inputs": {
                    "statusCode": 200,
                    "body": {
                      "Status": "Success",
                      "InvoiceNumber": "@{variables('InvoiceNumber')}",
                      "Messages": [
                        {
                          "Message": "Vendor invoice @{variables('InvoiceNumber')} for @{variables('FiscalYear')} was successfully updated."
                        }
                      ]
                    },
                    "schema": {
                      "type": "object",
                      "properties": {
                        "Status": {
                          "type": "string"
                        },
                        "InvoiceNumber": {
                          "type": "string"
                        },
                        "Messages": {
                          "type": "array",
                          "items": {
                            "type": "object",
                            "properties": {
                              "Message": {
                                "type": "string"
                              }
                            },
                            "required": [
                              "Message"
                            ]
                          }
                        }
                      }
                    }
                  }
                }
              },
              "runAfter": {
                "Filter_Messages_for_Errors": [
                  "Succeeded",
                  "Skipped"
                ]
              },
              "else": {
                "actions": {
                  "Clean_Up_Error_Messages": {
                    "runAfter": {},
                    "metadata": {
                      "operationMetadataId": "3ac4404f-21c4-4bae-bac7-2525e23d910f"
                    },
                    "type": "Select",
                    "inputs": {
                      "from": "@body('Filter_Messages_for_Errors')",
                      "select": {
                        "Message": "@item()?['MESSAGE']"
                      }
                    }
                  },
                  "Failure_Response": {
                    "runAfter": {
                      "Clean_Up_Error_Messages": [
                        "Succeeded"
                      ]
                    },
                    "metadata": {
                      "operationMetadataId": "0364356b-c5f6-40d1-89d8-d1e42b0df753"
                    },
                    "type": "Response",
                    "kind": "Http",
                    "inputs": {
                      "statusCode": 200,
                      "body": {
                        "Status": "Error",
                        "InvoiceNumber": "",
                        "Messages": "@body('Clean_Up_Error_Messages')"
                      },
                      "schema": {
                        "type": "object",
                        "properties": {
                          "Status": {
                            "type": "string"
                          },
                          "InvoiceNumber": {
                            "type": "string"
                          },
                          "Messages": {
                            "type": "array",
                            "items": {
                              "type": "object",
                              "properties": {
                                "Message": {
                                  "type": "string"
                                }
                              },
                              "required": [
                                "Message"
                              ]
                            }
                          }
                        }
                      }
                    }
                  }
                }
              },
              "expression": {
                "equals": [
                  "@length(outputs('Filter_Messages_for_Errors')?['body'])",
                  0
                ]
              },
              "metadata": {
                "operationMetadataId": "e9efd70f-e739-4ab6-ad9b-90b1e544b087"
              },
              "type": "If"
            },
            "Set_SAPErrorMessage_01": {
              "runAfter": {
                "BAPI_INCOMINGINVOICE_CHANGE": [
                  "Failed",
                  "TimedOut"
                ]
              },
              "metadata": {
                "operationMetadataId": "f7266565-653e-47a1-a5d1-5320d9011108"
              },
              "type": "SetVariable",
              "inputs": {
                "name": "SAPErrorMessage",
                "value": "@{body('BAPI_INCOMINGINVOICE_CHANGE')['error']['message']}"
              }
            },
            "BAPI_INCOMINGINVOICE_CHANGE": {
              "runAfter": {
                "Map_ITEMDATA": [
                  "Succeeded"
                ]
              },
              "metadata": {
                "operationMetadataId": "f1e08c04-1926-4744-a8a0-d0a42db2f7df"
              },
              "type": "OpenApiConnection",
              "inputs": {
                "host": {
                  "connectionName": "shared_saperp",
                  "operationId": "CallRfcJson",
                  "apiId": "/providers/Microsoft.PowerApps/apis/shared_saperp"
                },
                "parameters": {
                  "x-ms-sap-system": "@parameters('SAP Application Server (mpa_SAPApplicationServer)')",
                  "rfcName": "BAPI_INCOMINGINVOICE_CHANGE:Invoice Verification: Change Provisional Invoice:MRM_BAPI",
                  "rfcGroupFilter": "*",
                  "autoCommit": true,
                  "rfcInputs/FISCALYEAR": "@variables('FiscalYear')",
                  "rfcInputs/INVOICEDOCNUMBER": "@variables('InvoiceNumber')",
                  "rfcInputs/HEADERDATA_CHANGE/DOC_TYPE": "@body('Parse_JSON')?['Header']?['Type']",
                  "rfcInputs/HEADERDATA_CHANGE/PSTNG_DATE": "@body('Parse_JSON')?['Header']?['PostingDate']",
                  "rfcInputs/HEADERDATA_CHANGE/PYMT_METH": "@body('Parse_JSON')?['Header']?['PaymentMethod']",
                  "rfcInputs/HEADERDATA_CHANGEX/DOC_TYPE": "X",
                  "rfcInputs/HEADERDATA_CHANGEX/PSTNG_DATE": "X",
                  "rfcInputs/HEADERDATA_CHANGEX/PYMT_METH": "X",
                  "rfcInputs/INVOICE_DOC_STATUS": "A",
                  "rfcInputs/TABLE_CHANGE/ITEMDATA": "X",
                  "rfcInputs/ITEMDATA": "@body('Map_ITEMDATA')"
                },
                "authentication": "@parameters('$authentication')",
                "retryPolicy": {
                  "type": "none"
                }
              }
            },
            "Set_HEADERDATA": {
              "runAfter": {
                "Set_Fiscal_Year_variable": [
                  "Succeeded"
                ]
              },
              "metadata": {
                "operationMetadataId": "2f1ef0e7-7b31-4102-80e6-75dd961fcaf6"
              },
              "type": "SetVariable",
              "inputs": {
                "name": "HEADERDATA",
                "value": {
                  "INVOICE_IND": "X",
                  "DIFF_INV": "",
                  "DOC_TYPE": "@body('Parse_JSON')?['Header']?['Type']",
                  "COMP_CODE": "",
                  "CURRENCY": "",
                  "PSTNG_DATE": "@body('Parse_JSON')?['Header']?['PostingDate']",
                  "DOC_DATE": "@formatDateTime(utcNow(), 'yyyy-MM-dd')",
                  "GROSS_AMOUNT": "@body('Parse_JSON')?['Header']?['TotalPrice']",
                  "PYMT_METH": "@body('Parse_JSON')?['Header']?['PaymentMethod']",
                  "BLINE_DATE": "@formatDateTime(addDays(utcNow(), 30), 'yyyy-MM-dd')"
                }
              }
            },
            "Parse_JSON": {
              "runAfter": {},
              "metadata": {
                "operationMetadataId": "12f0f586-4295-4bdd-8329-522cf48feb2c"
              },
              "type": "ParseJson",
              "inputs": {
                "content": "@triggerBody()['text']",
                "schema": {
                  "type": "object",
                  "properties": {
                    "Header": {
                      "type": "object",
                      "properties": {
                        "InvoiceNumber": {
                          "type": "string"
                        },
                        "FiscalYear": {
                          "type": "string"
                        },
                        "TotalPrice": {
                          "type": "number"
                        },
                        "PostingDate": {
                          "type": "string"
                        },
                        "Type": {
                          "type": "string"
                        },
                        "PaymentMethod": {
                          "type": "string"
                        }
                      },
                      "required": [
                        "InvoiceNumber",
                        "FiscalYear",
                        "TotalPrice",
                        "PostingDate",
                        "Type",
                        "PaymentMethod"
                      ]
                    },
                    "Items": {
                      "type": "array",
                      "items": {
                        "type": "object",
                        "properties": {
                          "Description": {
                            "type": "string"
                          },
                          "Quantity": {
                            "type": "number"
                          },
                          "ItemNumber": {
                            "type": "string"
                          },
                          "PurchaseOrderItemNumber": {
                            "type": "string"
                          },
                          "UnitOfMeasure": {
                            "type": "string"
                          },
                          "TotalPrice": {
                            "type": "number"
                          },
                          "PurchaseOrderNumber": {
                            "type": "string"
                          },
                          "CrudType": {
                            "type": "string"
                          }
                        },
                        "required": [
                          "Description",
                          "Quantity",
                          "ItemNumber",
                          "UnitOfMeasure",
                          "TotalPrice",
                          "CrudType"
                        ]
                      }
                    }
                  }
                }
              }
            },
            "Set_Invoice_Number_Value": {
              "runAfter": {
                "BAPI_PO_GETDETAIL1": [
                  "Succeeded"
                ]
              },
              "metadata": {
                "operationMetadataId": "19b6fdc6-7937-4a30-b15e-2e846249e7b5"
              },
              "type": "SetVariable",
              "inputs": {
                "name": "InvoiceNumber",
                "value": "@{if(isInt(body('Parse_JSON')?['Header']?['InvoiceNumber']),formatNumber(int(body('Parse_JSON')?['Header']?['InvoiceNumber']), 'D10'),body('Parse_JSON')?['Header']?['InvoiceNumber'])}"
              }
            },
            "Set_Fiscal_Year_variable": {
              "runAfter": {
                "Set_Invoice_Number_Value": [
                  "Succeeded"
                ]
              },
              "metadata": {
                "operationMetadataId": "d6a42a82-2ffa-426d-aa2e-d7bea0139a7a"
              },
              "type": "SetVariable",
              "inputs": {
                "name": "FiscalYear",
                "value": "@body('Parse_JSON')?['Header']?['FiscalYear']"
              }
            },
            "Filter_Items": {
              "runAfter": {
                "Apply_to_each": [
                  "Succeeded"
                ]
              },
              "metadata": {
                "operationMetadataId": "bfd7d1c9-a741-4a8b-9545-7f5f4fe18304"
              },
              "type": "Query",
              "inputs": {
                "from": "@body('Parse_JSON')?['Items']",
                "where": "@not(equals(item()?['CrudType'], 'Z'))"
              }
            },
            "Set_Order_Value": {
              "runAfter": {
                "Parse_JSON": [
                  "Succeeded"
                ]
              },
              "metadata": {
                "operationMetadataId": "19b6fdc6-7937-4a30-b15e-2e846249e7b5"
              },
              "type": "SetVariable",
              "inputs": {
                "name": "PurchaseOrderNumber",
                "value": "@{body('Parse_JSON')?['Items'][0]['PurchaseOrderNumber']}"
              }
            },
            "BAPI_PO_GETDETAIL1": {
              "runAfter": {
                "Set_Order_Value": [
                  "Succeeded"
                ]
              },
              "metadata": {
                "operationMetadataId": "c4a951cf-cc55-4699-98c9-a587c7379ccf"
              },
              "type": "OpenApiConnection",
              "inputs": {
                "host": {
                  "connectionName": "shared_saperp",
                  "operationId": "CallRfcJson",
                  "apiId": "/providers/Microsoft.PowerApps/apis/shared_saperp"
                },
                "parameters": {
                  "x-ms-sap-system": "@parameters('SAP Application Server (mpa_SAPApplicationServer)')",
                  "rfcName": "BAPI_PO_GETDETAIL1:Detail Information for a Purchase Order:2012",
                  "rfcGroupFilter": "*",
                  "autoCommit": true,
                  "rfcInputs/PURCHASEORDER": "@body('Parse_JSON')?['Header']['PurchaseOrderNumber']"
                },
                "authentication": "@parameters('$authentication')",
                "retryPolicy": {
                  "type": "none"
                }
              }
            },
            "Goods_Receipts": {
              "runAfter": {
                "Set_HEADERDATA": [
                  "Succeeded"
                ]
              },
              "metadata": {
                "operationMetadataId": "23d5f317-fcb8-4a2a-8990-e8217ff0586f"
              },
              "type": "Query",
              "inputs": {
                "from": "@outputs('BAPI_PO_GETDETAIL1')?['body/POHISTORY']",
                "where": "@equals(item()?['HIST_TYPE'], 'E')"
              }
            },
            "Apply_to_each": {
              "foreach": "@body('Parse_JSON')?['Items']",
              "actions": {
                "Set_variable": {
                  "runAfter": {},
                  "metadata": {
                    "operationMetadataId": "afa226c5-24c3-448f-baa1-1248f969ce4f"
                  },
                  "type": "SetVariable",
                  "inputs": {
                    "name": "PO_ITEM",
                    "value": "@int(items('Apply_to_each')?['ItemNumber'])"
                  }
                },
                "Set_variable_2": {
                  "runAfter": {
                    "Set_variable": [
                      "Succeeded"
                    ]
                  },
                  "metadata": {
                    "operationMetadataId": "dc1f4735-b79c-4010-85a3-933e53d05f09"
                  },
                  "type": "SetVariable",
                  "inputs": {
                    "name": "ItemNumber",
                    "value": "@int(items('Apply_to_each')?['ItemNumber'])"
                  }
                },
                "Filter_Goods_Receipts": {
                  "runAfter": {
                    "Set_variable_2": [
                      "Succeeded"
                    ]
                  },
                  "metadata": {
                    "operationMetadataId": "23977725-e3b3-4e70-8ad7-c5f344c68ffe"
                  },
                  "type": "Query",
                  "inputs": {
                    "from": "@body('Goods_Receipts')",
                    "where": "@equals(int(item()?['PO_ITEM']), int(items('Apply_to_each')?['ItemNumber']))"
                  }
                },
                "Append_to_array_variable": {
                  "runAfter": {
                    "Filter_Goods_Receipts": [
                      "Succeeded"
                    ]
                  },
                  "metadata": {
                    "operationMetadataId": "9071f43c-9856-4195-b144-32feb5eeb584"
                  },
                  "type": "AppendToArrayVariable",
                  "inputs": {
                    "name": "ApiItems",
                    "value": {
                      "PO_ITEM": "@body('Filter_Goods_Receipts')[0]['PO_ITEM']",
                      "QUANTITY": "@items('Apply_to_each')?['Quantity']",
                      "INVOICE_DOC_ITEM": "@body('Filter_Goods_Receipts')[0]['PO_ITEM']",
                      "PO_NUMBER": "@variables('PurchaseOrderNumber')",
                      "TAX_CODE": "U0",
                      "TAXJURCODE": "IN0000000",
                      "ITEM_AMOUNT": "@items('Apply_to_each')?['TotalPrice']",
                      "REF_DOC": "@body('Filter_Goods_Receipts')[0]['MAT_DOC']",
                      "REF_DOC_YEAR": "@body('Filter_Goods_Receipts')[0]['DOC_YEAR']",
                      "REF_DOC_IT": "@body('Filter_Goods_Receipts')[0]['MATDOC_ITM']",
                      "PO_UNIT": "@items('Apply_to_each')?['UnitOfMeasure']"
                    }
                  }
                }
              },
              "runAfter": {
                "Goods_Receipts": [
                  "Succeeded"
                ]
              },
              "metadata": {
                "operationMetadataId": "4721ef4c-427a-4c53-9e2c-b570add8ecc3"
              },
              "type": "Foreach"
            }
          },
          "runAfter": {
            "Initialize_Messages": [
              "Succeeded"
            ]
          },
          "metadata": {
            "operationMetadataId": "a3a54d29-cd8e-43de-9763-d8160f31848a"
          },
          "type": "Scope"
        },
        "Initialize_SAPErrorMessage": {
          "runAfter": {},
          "metadata": {
            "operationMetadataId": "6a6087f9-b1aa-4966-9ea5-0f695d638f87"
          },
          "type": "InitializeVariable",
          "inputs": {
            "variables": [
              {
                "name": "SAPErrorMessage",
                "type": "string"
              }
            ]
          }
        },
        "Catch": {
          "actions": {
            "Filter_array": {
              "runAfter": {},
              "metadata": {
                "operationMetadataId": "e4ff6915-74dd-4ad8-aeb5-69689f7cd846"
              },
              "type": "Query",
              "inputs": {
                "from": "@result('Try')",
                "where": "@or(equals(item()?['Status'], 'Failed'), equals(item()?['Status'], 'TimedOut'))"
              }
            },
            "ErrorTable": {
              "runAfter": {
                "Filter_array": [
                  "Succeeded"
                ]
              },
              "metadata": {
                "operationMetadataId": "a4543bb1-084d-4bd9-865a-d59ec8caa8fc"
              },
              "type": "Table",
              "inputs": {
                "from": "@body('Filter_array')",
                "format": "HTML",
                "columns": [
                  {
                    "header": "Step",
                    "value": "@item()?['name']"
                  },
                  {
                    "header": "Status",
                    "value": "@item()?['Status']"
                  },
                  {
                    "header": "Code",
                    "value": "@item()?['code']"
                  },
                  {
                    "header": "InnerErrorMessage",
                    "value": "@{item()?['outputs']?['body']?['error']?['innerError']?['error']?['message']}@{item()?['error']?['message']}@{variables('SAPErrorMessage')}"
                  },
                  {
                    "header": "Input",
                    "value": "@triggerBody()"
                  }
                ]
              }
            },
            "ErrorReturn": {
              "runAfter": {
                "ErrorTable": [
                  "Succeeded"
                ]
              },
              "metadata": {
                "operationMetadataId": "6ea00725-e758-40bb-9cc7-b69d0a65d01b"
              },
              "type": "Select",
              "inputs": {
                "from": "@body('Filter_array')",
                "select": {
                  "Step": "@item()?['name']",
                  "Status": "@item()?['Status']",
                  "Code": "@item()?['code']",
                  "InnerErrorMessage": "@{item()?['outputs']?['body']?['error']?['innerError']?['error']?['message']} @{item()?['error']?['message']} @{variables('SAPErrorMessage')}",
                  "Input": "@triggerBody()",
                  "FlowName": "@workflow()?['tags']['flowDisplayName']",
                  "URL": "@concat('https://flow.microsoft.com/manage/environments/', workflow()?['tags']['environmentName'], '/flows/', workflow()?['name'], '/runs/', workflow()?['run']['name'])"
                }
              }
            },
            "Error_Response": {
              "runAfter": {
                "Create_Integration_Log_Error": [
                  "Succeeded"
                ]
              },
              "metadata": {
                "operationMetadataId": "1a07fe00-c854-4b19-9f61-ff2091a0b894"
              },
              "type": "Response",
              "kind": "Http",
              "inputs": {
                "statusCode": 200,
                "body": {
                  "Status": "Error",
                  "Messages": [
                    {
                      "Message": "@outputs('Create_Integration_Log_Error')?['body/mpa_errormessage']"
                    }
                  ]
                },
                "schema": {
                  "type": "object",
                  "properties": {
                    "Status": {
                      "type": "string"
                    },
                    "InvoiceNumber": {
                      "type": "string"
                    },
                    "Messages": {
                      "type": "array",
                      "items": {
                        "type": "object",
                        "properties": {
                          "Message": {
                            "type": "string"
                          }
                        },
                        "required": [
                          "Message"
                        ]
                      }
                    }
                  }
                }
              }
            },
            "Create_Integration_Log_Error": {
              "runAfter": {
                "ErrorReturn": [
                  "Succeeded"
                ]
              },
              "metadata": {
                "operationMetadataId": "65c53a8f-bba5-4aee-a2c2-1bbea7395180"
              },
              "type": "OpenApiConnection",
              "inputs": {
                "host": {
                  "connectionName": "shared_commondataserviceforapps_1",
                  "operationId": "CreateRecord",
                  "apiId": "/providers/Microsoft.PowerApps/apis/shared_commondataserviceforapps"
                },
                "parameters": {
                  "entityName": "mpa_saperrors",
                  "item/mpa_name": "@outputs('ErrorReturn')?['body'][0]['FlowName']",
                  "item/mpa_action": "@outputs('ErrorReturn')?['body'][0]['Step']",
                  "item/mpa_additionalinformation": "@triggerBody()['text']",
                  "item/mpa_errormessage": "@outputs('ErrorReturn')?['body'][0]['InnerErrorMessage']",
                  "item/mpa_sourcetype": 865420000,
                  "item/mpa_workflowinstanceurl": "@outputs('ErrorReturn')?['body'][0]['URL']",
                  "item/mpa_workflowstatus": "@If(equals(item()?['Status'], 'Failed'), '865420001', '865420000')"
                },
                "authentication": "@parameters('$authentication')",
                "retryPolicy": {
                  "type": "none"
                }
              }
            },
            "Terminate": {
              "runAfter": {
                "Error_Response": [
                  "Succeeded"
                ]
              },
              "metadata": {
                "operationMetadataId": "d95fff9c-e50a-431a-81f4-66b1d918755d"
              },
              "type": "Terminate",
              "inputs": {
                "runStatus": "Failed"
              }
            }
          },
          "runAfter": {
            "Try": [
              "Failed",
              "TimedOut"
            ]
          },
          "metadata": {
            "operationMetadataId": "acddc208-94dd-4daf-9177-fa386ba1baec"
          },
          "type": "Scope"
        },
        "Initialize_FiscalYear": {
          "runAfter": {
            "Initialize_PurchaseOrderNumber": [
              "Succeeded"
            ]
          },
          "metadata": {
            "operationMetadataId": "f69bc395-069f-46ce-b278-c270e3c8f5e6"
          },
          "type": "InitializeVariable",
          "inputs": {
            "variables": [
              {
                "name": "FiscalYear",
                "type": "string"
              }
            ]
          }
        },
        "Initialize_PurchaseOrderNumber": {
          "runAfter": {
            "Initialize_InvoiceNumber": [
              "Succeeded"
            ]
          },
          "metadata": {
            "operationMetadataId": "6ed5aa4b-4be1-4c3d-9d71-61407e82ea08"
          },
          "type": "InitializeVariable",
          "inputs": {
            "variables": [
              {
                "name": "PurchaseOrderNumber",
                "type": "string"
              }
            ]
          }
        },
        "Initialize_variable_2": {
          "runAfter": {
            "Initialize_variable": [
              "Succeeded"
            ]
          },
          "metadata": {
            "operationMetadataId": "0d82e5f0-5f4d-4e11-92a7-0e3f2a769cdb"
          },
          "type": "InitializeVariable",
          "inputs": {
            "variables": [
              {
                "name": "PO_ITEM",
                "type": "integer"
              }
            ]
          }
        },
        "Initialize_variable_3": {
          "runAfter": {
            "Initialize_variable_2": [
              "Succeeded"
            ]
          },
          "metadata": {
            "operationMetadataId": "aad4616a-c8af-4a16-b0e9-d913981a65d8"
          },
          "type": "InitializeVariable",
          "inputs": {
            "variables": [
              {
                "name": "ItemNumber",
                "type": "integer"
              }
            ]
          }
        },
        "Initialize_variable": {
          "runAfter": {
            "Initialize_HEADERDATA": [
              "Succeeded"
            ]
          },
          "metadata": {
            "operationMetadataId": "a15fe9a6-ec07-44fa-a0ad-beb1bab9af81"
          },
          "type": "InitializeVariable",
          "inputs": {
            "variables": [
              {
                "name": "ApiItems",
                "type": "array",
                "value": []
              }
            ]
          }
        }
      }
    },
    "templateName": ""
  },
  "schemaVersion": "1.0.0.0"
}