<powerpagesitelanguages>
  <powerpagesitelanguage powerpagesitelanguageid="732bd198-dcfc-406a-8b9e-0375589318f3">
    <content>{"publishingstate":"9137c988-52cc-46f0-8cea-e558f5887e5f","systemlanguage":1033}</content>
    <displayname>English</displayname>
    <iscustomizable>1</iscustomizable>
    <languagecode>en-US</languagecode>
    <lcid>1033</lcid>
    <name>English</name>
    <powerpagesiteid>
      <powerpagesiteid>99af4f03-6a66-4c36-963b-164265f26ce8</powerpagesiteid>
    </powerpagesiteid>
    <statecode>0</statecode>
    <statuscode>1</statuscode>
  </powerpagesitelanguage>
</powerpagesitelanguages>