<powerpagesites>
  <powerpagesite powerpagesiteid="99af4f03-6a66-4c36-963b-164265f26ce8">
    <content>{
  "defaultlanguage": "732bd198-dcfc-406a-8b9e-0375589318f3",
  "footerwebtemplateid": "1c811c00-820f-4a42-97ce-98374cc2130d",
  "headerwebtemplateid": "f54c169a-22c7-4529-8e09-6c61512fb299",
  "statecode": 0,
  "statuscode": 1,
  "website_language": 1033,
  "defaultbotconsumerid": "dffa030f-31e6-ee11-904d-000d3a33d34f"
}</content>
    <datamodelversion>2.0</datamodelversion>
    <iscustomizable>1</iscustomizable>
    <name>Supplier Self Service Portal</name>
    <primarydomainname>BS5-SupplierPortalDev.powerappsportals.com</primarydomainname>
    <statecode>0</statecode>
    <statuscode>1</statuscode>
  </powerpagesite>
</powerpagesites>