<appaction uniquename="mpa__RetireAsset!d13fbb6f8e984e94bdaaf1e0c1e28950!mpa_AssetManagmentTracker!mpa_asset!0">
  <appmoduleid>
    <uniquename>mpa_AssetManagmentTracker</uniquename>
  </appmoduleid>
  <buttonaccessibilitytext default="Retire asset">
    <label description="Retire asset" languagecode="1033" />
  </buttonaccessibilitytext>
  <buttonlabeltext default="Retire Asset">
    <label description="Retire Asset" languagecode="1033" />
  </buttonlabeltext>
  <buttontooltiptitle default="Retire asset">
    <label description="Retire asset" languagecode="1033" />
  </buttontooltiptitle>
  <context>1</context>
  <contextentity>
    <logicalname>mpa_asset</logicalname>
  </contextentity>
  <contextvalue>mpa_asset</contextvalue>
  <fonticon>Abandon</fonticon>
  <hidden>0</hidden>
  <iscustomizable>1</iscustomizable>
  <isdisabled>0</isdisabled>
  <isgrouptitlehidden>0</isgrouptitlehidden>
  <location>0</location>
  <name>RetireAsset!d13fbb6f8e984e94bdaaf1e0c1e28950</name>
  <onclickeventformulacomponentlibraryid>
    <name>mpa_HardwareRequestAdministrator_DefaultCommandLibrary</name>
  </onclickeventformulacomponentlibraryid>
  <onclickeventformulacomponentname>f5da8a353c4c4a7dacd32b421cb245cd</onclickeventformulacomponentname>
  <onclickeventformulafunctionname>OnSelect</onclickeventformulafunctionname>
  <onclickeventtype>1</onclickeventtype>
  <origin>0</origin>
  <sequence>100100047.5000000000</sequence>
  <statecode>0</statecode>
  <statuscode>1</statuscode>
  <type>0</type>
  <visibilityformulacomponentlibraryid>
    <name>mpa_HardwareRequestAdministrator_DefaultCommandLibrary</name>
  </visibilityformulacomponentlibraryid>
  <visibilityformulacomponentname>f5da8a353c4c4a7dacd32b421cb245cd</visibilityformulacomponentname>
  <visibilityformulafunctionname>Visible</visibilityformulafunctionname>
  <visibilitytype>1</visibilitytype>
</appaction>