<powerpagecomponent powerpagecomponentid="1d0bcdc4-88de-4c5c-97aa-e8e9da071c79">
  <content>{"display_name":"Profile/SecurityNav/ChangeLogin","type":756150000,"value":"Manage External Authentication"}</content>
  <iscustomizable>1</iscustomizable>
  <name>Profile/SecurityNav/ChangeLogin</name>
  <powerpagecomponenttype>7</powerpagecomponenttype>
  <powerpagesiteid>
    <powerpagesiteid>99af4f03-6a66-4c36-963b-164265f26ce8</powerpagesiteid>
  </powerpagesiteid>
  <powerpagesitelanguageid>
    <powerpagesitelanguageid>732bd198-dcfc-406a-8b9e-0375589318f3</powerpagesitelanguageid>
  </powerpagesitelanguageid>
  <statecode>0</statecode>
  <statuscode>1</statuscode>
</powerpagecomponent>