<powerpagecomponent powerpagecomponentid="56b33366-eee6-ee11-904d-000d3a33d34f">
  <content>{"adx_flowapiurl":"https://bs5-supplierportaldev.powerappsportals.com/_api/cloudflow/v1.0/trigger/47a0922d-0131-8215-4218-2cff6db2d8c5","adx_flowtriggerurl":"https://unitedstates-002.azure-apim.net:443/apim/logicflows/47A0922D0131821542182CFF6DB2D8C5-D9E4340A55466E65/triggers/manual/run?api-version=2016-06-01","adx_metadata":"47a0922d-0131-8215-4218-2cff6db2d8c5","adx_CloudFlowConsumer_adx_webrole":["898380ee-66fb-45a2-8320-27e6e2ff6103"],"_adx_processid_value":"6fb19df7-eae6-ee11-904d-000d3a33d34f"}</content>
  <iscustomizable>1</iscustomizable>
  <name>Power Pages ReadPurchaseOrder</name>
  <powerpagecomponenttype>33</powerpagecomponenttype>
  <powerpagesiteid>
    <powerpagesiteid>99af4f03-6a66-4c36-963b-164265f26ce8</powerpagesiteid>
  </powerpagesiteid>
  <statecode>0</statecode>
  <statuscode>1</statuscode>
</powerpagecomponent>