<ImportExportXml version="9.2.24102.194" SolutionPackageVersion="9.2" languagecode="1033" generatedBy="CrmLive" xmlns:xsi="http://www.w3.org/2001/XMLSchema-instance" OrganizationVersion="9.2.24102.194" OrganizationSchemaType="Standard" CRMServerServiceabilityVersion="9.2.24112.00220">
  <SolutionManifest>
    <UniqueName>mpa_GoalTracking</UniqueName>
    <LocalizedNames>
      <LocalizedName description="Goal Tracking" languagecode="1033" />
    </LocalizedNames>
    <Descriptions>
      <Description description="The Goal Tracking app template streamlines organizational goal setting and tracking." languagecode="1033" />
    </Descriptions>
    <Version>1.0.0.10</Version>
    <Managed>1</Managed>
    <Publisher>
      <UniqueName>PowerAccelerator</UniqueName>
      <LocalizedNames>
        <LocalizedName description="Microsoft Power Accelerator" languagecode="1033" />
      </LocalizedNames>
      <Descriptions>
        <Description description="Publisher for the Microsoft Power Accelerator team." languagecode="1033" />
      </Descriptions>
      <EMailAddress xsi:nil="true"></EMailAddress>
      <SupportingWebsiteUrl xsi:nil="true"></SupportingWebsiteUrl>
      <CustomizationPrefix>mpa</CustomizationPrefix>
      <CustomizationOptionValuePrefix>86542</CustomizationOptionValuePrefix>
      <Addresses>
        <Address>
          <AddressNumber>1</AddressNumber>
          <AddressTypeCode>1</AddressTypeCode>
          <City xsi:nil="true"></City>
          <County xsi:nil="true"></County>
          <Country xsi:nil="true"></Country>
          <Fax xsi:nil="true"></Fax>
          <FreightTermsCode xsi:nil="true"></FreightTermsCode>
          <ImportSequenceNumber xsi:nil="true"></ImportSequenceNumber>
          <Latitude xsi:nil="true"></Latitude>
          <Line1 xsi:nil="true"></Line1>
          <Line2 xsi:nil="true"></Line2>
          <Line3 xsi:nil="true"></Line3>
          <Longitude xsi:nil="true"></Longitude>
          <Name xsi:nil="true"></Name>
          <PostalCode xsi:nil="true"></PostalCode>
          <PostOfficeBox xsi:nil="true"></PostOfficeBox>
          <PrimaryContactName xsi:nil="true"></PrimaryContactName>
          <ShippingMethodCode>1</ShippingMethodCode>
          <StateOrProvince xsi:nil="true"></StateOrProvince>
          <Telephone1 xsi:nil="true"></Telephone1>
          <Telephone2 xsi:nil="true"></Telephone2>
          <Telephone3 xsi:nil="true"></Telephone3>
          <TimeZoneRuleVersionNumber xsi:nil="true"></TimeZoneRuleVersionNumber>
          <UPSZone xsi:nil="true"></UPSZone>
          <UTCOffset xsi:nil="true"></UTCOffset>
          <UTCConversionTimeZoneCode xsi:nil="true"></UTCConversionTimeZoneCode>
        </Address>
        <Address>
          <AddressNumber>2</AddressNumber>
          <AddressTypeCode>1</AddressTypeCode>
          <City xsi:nil="true"></City>
          <County xsi:nil="true"></County>
          <Country xsi:nil="true"></Country>
          <Fax xsi:nil="true"></Fax>
          <FreightTermsCode xsi:nil="true"></FreightTermsCode>
          <ImportSequenceNumber xsi:nil="true"></ImportSequenceNumber>
          <Latitude xsi:nil="true"></Latitude>
          <Line1 xsi:nil="true"></Line1>
          <Line2 xsi:nil="true"></Line2>
          <Line3 xsi:nil="true"></Line3>
          <Longitude xsi:nil="true"></Longitude>
          <Name xsi:nil="true"></Name>
          <PostalCode xsi:nil="true"></PostalCode>
          <PostOfficeBox xsi:nil="true"></PostOfficeBox>
          <PrimaryContactName xsi:nil="true"></PrimaryContactName>
          <ShippingMethodCode>1</ShippingMethodCode>
          <StateOrProvince xsi:nil="true"></StateOrProvince>
          <Telephone1 xsi:nil="true"></Telephone1>
          <Telephone2 xsi:nil="true"></Telephone2>
          <Telephone3 xsi:nil="true"></Telephone3>
          <TimeZoneRuleVersionNumber xsi:nil="true"></TimeZoneRuleVersionNumber>
          <UPSZone xsi:nil="true"></UPSZone>
          <UTCOffset xsi:nil="true"></UTCOffset>
          <UTCConversionTimeZoneCode xsi:nil="true"></UTCConversionTimeZoneCode>
        </Address>
      </Addresses>
    </Publisher>
    <RootComponents>
      <RootComponent type="1" schemaName="mpa_goaltracking_corporateobjective" behavior="0" />
      <RootComponent type="1" schemaName="mpa_goaltracking_goal" behavior="0" />
      <RootComponent type="1" schemaName="mpa_goaltracking_subgoal" behavior="0" />
      <RootComponent type="1" schemaName="mpa_goaltracking_task" behavior="0" />
      <RootComponent type="1" schemaName="mpa_itpm_department" behavior="0" />
      <RootComponent type="1" schemaName="mpa_itpm_fiscalperiod" behavior="0" />
      <RootComponent type="1" schemaName="systemuser" behavior="1" />
      <RootComponent type="9" schemaName="mpa_goaltracking_impact" behavior="0" />
      <RootComponent type="20" id="{c383c0ee-f810-ef11-9f89-0022482c6025}" behavior="0" />
      <RootComponent type="20" id="{f0638577-5e13-ef11-9f88-0022482c6025}" behavior="0" />
      <RootComponent type="29" id="{c8b6db70-3313-ef11-9f89-0022482c6025}" behavior="0" />
      <RootComponent type="60" id="{a2338de1-2113-ef11-9f89-0022482c6025}" behavior="0" />
      <RootComponent type="61" schemaName="mpa_goaltracking_corporateobjectiveicon" behavior="0" />
      <RootComponent type="61" schemaName="mpa_goaltracking_departmenticon" behavior="0" />
      <RootComponent type="61" schemaName="mpa_goaltracking_fiscalperiodicon" behavior="0" />
      <RootComponent type="61" schemaName="mpa_goaltracking_goalicon" behavior="0" />
      <RootComponent type="61" schemaName="mpa_goaltracking_subgoalicon" behavior="0" />
      <RootComponent type="61" schemaName="mpa_goaltracking_taskicon" behavior="0" />
      <RootComponent type="61" schemaName="mpa_itpm_departmenticon" behavior="0" />
      <RootComponent type="61" schemaName="mpa_itpm_fiscalperiod" behavior="0" />
      <RootComponent type="62" schemaName="mpa_goaltrackingadministrator" behavior="0" />
      <RootComponent type="80" schemaName="mpa_goaltrackingadministrator" behavior="0" />
      <RootComponent type="300" schemaName="mpa_goaltracking_25c62" behavior="0" />
    </RootComponents>
    <MissingDependencies>
      <MissingDependency>
        <Required type="61" schemaName="msdyn_/Images/AppModule_Default_Icon.png" displayName="msdyn_/Images/AppModule_Default_Icon.png" solution="AppModuleWebResources (2.5)" />
        <Dependent type="80" schemaName="mpa_goaltrackingadministrator" displayName="Goal Tracking Administrator" />
      </MissingDependency>
      <MissingDependency>
        <Required type="SettingDefinition" displayName="AppChannel" solution="msdyn_AppFrameworkInfraExtensions (1.0.0.12)" id.uniquename="AppChannel">
          <package>PowerAppsAppFramework_Anchor (1.0.0.16)</package>
        </Required>
        <Dependent type="AppSetting" displayName="parentappmoduleid.uniquename=mpa_goaltrackingadministrator,settingdefinitionid.uniquename=AppChannel" id.parentappmoduleid.uniquename="mpa_goaltrackingadministrator" id.settingdefinitionid.uniquename="AppChannel" />
      </MissingDependency>
    </MissingDependencies>
  </SolutionManifest>
</ImportExportXml>