﻿<?xml version="1.0" encoding="utf-8"?>
<configdatastorage installsampledata="false" waitforsampledatatoinstall="true" crmmigdataimportfile="">
  <solutions>
    <configsolutionfile solutionpackagefilename="mpa_EmployeeExperienceBase_managed.zip" publishworkflowsandactivateplugins="true" />
    <configsolutionfile solutionpackagefilename="mpa_Kudos_managed.zip" publishworkflowsandactivateplugins="true" />
  </solutions>
  <externalpackages />
  <filestoimport />
  <filesmapstoimport />
  <cmtdatafiles />
</configdatastorage>