<botcomponent schemaname="cr23a_81d6b2b2-66b0-4dfb-b96b-bf0d347f1e22.topic.MultipleTopicsMatched">
  <componenttype>9</componenttype>
  <description>This system topic triggers when the bot matches multiple Topics with the incoming message and needs to clarify which one should be triggered.</description>
  <iscustomizable>0</iscustomizable>
  <name>Multiple Topics Matched</name>
  <parentbotid>
    <schemaname>cr23a_81d6b2b2-66b0-4dfb-b96b-bf0d347f1e22</schemaname>
  </parentbotid>
  <statecode>0</statecode>
  <statuscode>1</statuscode>
</botcomponent>