<powerpagecomponent powerpagecomponentid="ef8f3d83-6d7d-45b1-80a6-eb6f832b7055">
  <content>{"source":"{% extends 'Layout 2 Column Wide Left' %}\r\n\r\n{% block main %}\r\n  {% include 'Page Copy' %}\r\n  {% include 'Child Navigation' showdescriptions: true %}\r\n{% endblock %}\r\n\r\n{% block aside %}\r\n  {% include \"Weblink List Group\" weblink_set_name: \"Secondary Navigation\" showdescriptions: true %}\r\n  {% include \"poll\" poll_placement_name: \"Sidebar\" %}\r\n  {% include \"ad\" ad_placement_name: \"Sidebar Bottom\" %}\r\n{% endblock %}"}</content>
  <iscustomizable>1</iscustomizable>
  <name>Listing</name>
  <powerpagecomponenttype>8</powerpagecomponenttype>
  <powerpagesiteid>
    <powerpagesiteid>99af4f03-6a66-4c36-963b-164265f26ce8</powerpagesiteid>
  </powerpagesiteid>
  <statecode>0</statecode>
  <statuscode>1</statuscode>
</powerpagecomponent>