<powerpagecomponent powerpagecomponentid="24788e9b-6ef0-ee11-904c-000d3a33d34f">
  <content>{"source":"&lt;style&gt;\r\n.alert-dismissible .btn-close-custom {\r\n  position: absolute;\r\n  top: 0;\r\n  right: 0;\r\n  z-index: 2;\r\n  padding: 1.25rem 1rem;\r\n}\r\n\r\n.btn-close-custom {\r\n  position: absolute;\r\n  top: 0;\r\n  right: 0;\r\n  z-index: 2;\r\n  box-sizing: content-box;\r\n  width: 1em;\r\n  height: 1em;\r\n  padding: 1.25rem 1rem;\r\n  color: #000;\r\n  background: transparent url(\"data:image/svg+xml,%3csvg xmlns='http://www.w3.org/2000/svg' viewBox='0 0 16 16' fill='%23000'%3e%3cpath d='M.293.293a1 1 0 0 1 1.414 0L8 6.586 14.293.293a1 1 0 1 1 1.414 1.414L9.414 8l6.293 6.293a1 1 0 0 1-1.414 1.414L8 9.414l-6.293 6.293a1 1 0 0 1-1.414-1.414L6.586 8 .293 1.707a1 1 0 0 1 0-1.414z'/%3e%3c/svg%3e\") center/1em auto no-repeat;\r\n  border: 0;\r\n  border-radius: .375rem;\r\n  opacity: .5;\r\n}\r\n&lt;/style&gt;\r\n\r\n&lt;div id=\"is3b24\" class=\"row sectionBlockLayout text-left\" style=\"display: flex; flex-wrap: wrap; margin: 0px; min-height: auto; padding: 8px;\"&gt;\r\n  &lt;div id=\"ia85eq-2\" class=\"container\" style=\"display: flex; flex-wrap: wrap;\"&gt;\r\n    &lt;div id=\"icpeb3-2\" class=\"col-md-12 columnBlockLayout\" style=\"flex-grow: 1; display: flex; flex-direction: column; min-width: 250px; word-break: break-word; margin: 0px; padding: 0px;\"&gt;\r\n      &lt;div id=\"ilx38h\" class=\"alert alert-success custom-success\" style=\"display: none;\"&gt;\r\n        &lt;button type=\"button\" data-bs-dismiss=\"alert\" id=\"iaf5yt\" class=\"btn-close-custom\" style=\"position: absolute; top: 0px; right: 0px; z-index: 2; box-sizing: content-box; width: 1em; height: 1em; padding-top: 1.25rem; padding-right: 1rem; padding-bottom: 1.25rem; padding-left: 1rem; color: rgb(0, 0, 0); background-image: url('/\\'data:image/svg+xml,%3csvg xmlns=http://www.w3.org/2000/svg viewBox=0 0 16 16 fill=%23000%3e%3cpath d=M.293.293a1 1 0 0 1 1.414 0L8 6.586 14.293.293a1 1 0 1 1 1.414 1.414L9.414 8l6.293 6.293a1 1 0 0 1-1.414 1.414L8 9.414l-6.293 6.293a1 1 0 0 1-1.414-1.414L6.586 8 .293 1.707a1 1 0 0 1 0-1.414z/%3e%3c/svg%3e\\''); background-position-x: center; background-position-y: center; background-size: 1em; background-repeat: no-repeat; background-attachment: initial; background-origin: initial; background-clip: initial; background-color: transparent; border-top-width: 0px; border-right-width: 0px; border-bottom-width: 0px; border-left-width: 0px; border-top-style: initial; border-right-style: initial; border-bottom-style: initial; border-left-style: initial; border-top-color: initial; border-right-color: initial; border-bottom-color: initial; border-left-color: initial; border-image-source: initial; border-image-slice: initial; border-image-width: initial; border-image-outset: initial; border-image-repeat: initial; border-top-left-radius: 0.375rem; border-top-right-radius: 0.375rem; border-bottom-right-radius: 0.375rem; border-bottom-left-radius: 0.375rem; opacity: 0.5;\"&gt;&lt;/button&gt;\r\n        &lt;div id=\"custom-success-id\" class=\"alert-link\"&gt;&lt;/div&gt;\r\n      &lt;/div&gt;\r\n      &lt;div id=\"illy1o\" class=\"alert alert-danger custom-failure\" style=\"display: none;\"&gt;\r\n        &lt;button type=\"button\" data-bs-dismiss=\"alert\" id=\"irowvf\" class=\"btn-close-custom\" style=\"position: absolute; top: 0px; right: 0px; z-index: 2; box-sizing: content-box; width: 1em; height: 1em; padding-top: 1.25rem; padding-right: 1rem; padding-bottom: 1.25rem; padding-left: 1rem; color: rgb(0, 0, 0); background-image: url('/\\'data:image/svg+xml,%3csvg xmlns=http://www.w3.org/2000/svg viewBox=0 0 16 16 fill=%23000%3e%3cpath d=M.293.293a1 1 0 0 1 1.414 0L8 6.586 14.293.293a1 1 0 1 1 1.414 1.414L9.414 8l6.293 6.293a1 1 0 0 1-1.414 1.414L8 9.414l-6.293 6.293a1 1 0 0 1-1.414-1.414L6.586 8 .293 1.707a1 1 0 0 1 0-1.414z/%3e%3c/svg%3e\\''); background-position-x: center; background-position-y: center; background-size: 1em; background-repeat: no-repeat; background-attachment: initial; background-origin: initial; background-clip: initial; background-color: transparent; border-top-width: 0px; border-right-width: 0px; border-bottom-width: 0px; border-left-width: 0px; border-top-style: initial; border-right-style: initial; border-bottom-style: initial; border-left-style: initial; border-top-color: initial; border-right-color: initial; border-bottom-color: initial; border-left-color: initial; border-image-source: initial; border-image-slice: initial; border-image-width: initial; border-image-outset: initial; border-image-repeat: initial; border-top-left-radius: 0.375rem; border-top-right-radius: 0.375rem; border-bottom-right-radius: 0.375rem; border-bottom-left-radius: 0.375rem; opacity: 0.5;\"&gt;&lt;/button&gt;\r\n        &lt;div id=\"custom-failure-id\" class=\"alert-link\"&gt;\r\n        &lt;/div&gt;\r\n        \r\n      &lt;/div&gt;\r\n    &lt;/div&gt;\r\n  &lt;/div&gt;\r\n&lt;/div&gt;"}</content>
  <iscustomizable>1</iscustomizable>
  <name>NotificationPanel</name>
  <powerpagecomponenttype>8</powerpagecomponenttype>
  <powerpagesiteid>
    <powerpagesiteid>99af4f03-6a66-4c36-963b-164265f26ce8</powerpagesiteid>
  </powerpagesiteid>
  <statecode>0</statecode>
  <statuscode>1</statuscode>
</powerpagecomponent>