<powerpagecomponent powerpagecomponentid="15ed43a8-9227-4a47-a331-2c546bc532f1">
  <content>{"disablepagevalidation":false,"displayimageonly":false,"displayorder":1,"displaypagechildlinks":false,"openinnewwindow":false,"pageid":"17715d2d-46ae-43a9-94b2-0c91390ea202","parentweblinkid":"de45ec81-e4a0-42f5-9f39-eccada8131c3","publishingstateid":"9137c988-52cc-46f0-8cea-e558f5887e5f","robotsfollowlink":true,"weblinksetid":"cf8e6bd4-52c2-4475-8f06-b0d8c3afce48"}</content>
  <iscustomizable>1</iscustomizable>
  <name>Subpage 1</name>
  <powerpagecomponenttype>5</powerpagecomponenttype>
  <powerpagesiteid>
    <powerpagesiteid>99af4f03-6a66-4c36-963b-164265f26ce8</powerpagesiteid>
  </powerpagesiteid>
  <statecode>0</statecode>
  <statuscode>1</statuscode>
</powerpagecomponent>