<ImportExportXml version="9.2.24102.194" SolutionPackageVersion="9.2" languagecode="1033" generatedBy="CrmLive" xmlns:xsi="http://www.w3.org/2001/XMLSchema-instance" OrganizationVersion="9.2.24102.194" OrganizationSchemaType="Standard" CRMServerServiceabilityVersion="9.2.24112.00220">
  <SolutionManifest>
    <UniqueName>ITProjectManagementBasePack</UniqueName>
    <LocalizedNames>
      <LocalizedName description="IT Project Management Base Pack" languagecode="1033" />
    </LocalizedNames>
    <Descriptions>
      <Description description="Base Pack for the IT Project Management domain" languagecode="1033" />
    </Descriptions>
    <Version>1.0.0.4</Version>
    <Managed>1</Managed>
    <Publisher>
      <UniqueName>Power_Apps_Innovation_Center</UniqueName>
      <LocalizedNames>
        <LocalizedName description="Power Apps Innovation Center" languagecode="1033" />
      </LocalizedNames>
      <Descriptions>
        <Description description="Publisher for the Power Apps Innovation Center team" languagecode="1033" />
      </Descriptions>
      <EMailAddress xsi:nil="true"></EMailAddress>
      <SupportingWebsiteUrl xsi:nil="true"></SupportingWebsiteUrl>
      <CustomizationPrefix>mpa</CustomizationPrefix>
      <CustomizationOptionValuePrefix>86542</CustomizationOptionValuePrefix>
      <Addresses>
        <Address>
          <AddressNumber>1</AddressNumber>
          <AddressTypeCode>1</AddressTypeCode>
          <City xsi:nil="true"></City>
          <County xsi:nil="true"></County>
          <Country xsi:nil="true"></Country>
          <Fax xsi:nil="true"></Fax>
          <FreightTermsCode xsi:nil="true"></FreightTermsCode>
          <ImportSequenceNumber xsi:nil="true"></ImportSequenceNumber>
          <Latitude xsi:nil="true"></Latitude>
          <Line1 xsi:nil="true"></Line1>
          <Line2 xsi:nil="true"></Line2>
          <Line3 xsi:nil="true"></Line3>
          <Longitude xsi:nil="true"></Longitude>
          <Name xsi:nil="true"></Name>
          <PostalCode xsi:nil="true"></PostalCode>
          <PostOfficeBox xsi:nil="true"></PostOfficeBox>
          <PrimaryContactName xsi:nil="true"></PrimaryContactName>
          <ShippingMethodCode>1</ShippingMethodCode>
          <StateOrProvince xsi:nil="true"></StateOrProvince>
          <Telephone1 xsi:nil="true"></Telephone1>
          <Telephone2 xsi:nil="true"></Telephone2>
          <Telephone3 xsi:nil="true"></Telephone3>
          <TimeZoneRuleVersionNumber xsi:nil="true"></TimeZoneRuleVersionNumber>
          <UPSZone xsi:nil="true"></UPSZone>
          <UTCOffset xsi:nil="true"></UTCOffset>
          <UTCConversionTimeZoneCode xsi:nil="true"></UTCConversionTimeZoneCode>
        </Address>
        <Address>
          <AddressNumber>2</AddressNumber>
          <AddressTypeCode>1</AddressTypeCode>
          <City xsi:nil="true"></City>
          <County xsi:nil="true"></County>
          <Country xsi:nil="true"></Country>
          <Fax xsi:nil="true"></Fax>
          <FreightTermsCode xsi:nil="true"></FreightTermsCode>
          <ImportSequenceNumber xsi:nil="true"></ImportSequenceNumber>
          <Latitude xsi:nil="true"></Latitude>
          <Line1 xsi:nil="true"></Line1>
          <Line2 xsi:nil="true"></Line2>
          <Line3 xsi:nil="true"></Line3>
          <Longitude xsi:nil="true"></Longitude>
          <Name xsi:nil="true"></Name>
          <PostalCode xsi:nil="true"></PostalCode>
          <PostOfficeBox xsi:nil="true"></PostOfficeBox>
          <PrimaryContactName xsi:nil="true"></PrimaryContactName>
          <ShippingMethodCode>1</ShippingMethodCode>
          <StateOrProvince xsi:nil="true"></StateOrProvince>
          <Telephone1 xsi:nil="true"></Telephone1>
          <Telephone2 xsi:nil="true"></Telephone2>
          <Telephone3 xsi:nil="true"></Telephone3>
          <TimeZoneRuleVersionNumber xsi:nil="true"></TimeZoneRuleVersionNumber>
          <UPSZone xsi:nil="true"></UPSZone>
          <UTCOffset xsi:nil="true"></UTCOffset>
          <UTCConversionTimeZoneCode xsi:nil="true"></UTCConversionTimeZoneCode>
        </Address>
      </Addresses>
    </Publisher>
    <RootComponents>
      <RootComponent type="1" schemaName="mpa_itpm_department" behavior="0" />
      <RootComponent type="1" schemaName="mpa_itpm_fiscalperiod" behavior="0" />
      <RootComponent type="61" schemaName="mpa_itpm_departmenticon" behavior="0" />
      <RootComponent type="61" schemaName="mpa_itpm_fiscalperiod" behavior="0" />
    </RootComponents>
    <MissingDependencies>
      <MissingDependency>
        <Required type="1" schemaName="mpa_goaltracking_goal" displayName="Goal" solution="Active" />
        <Dependent type="1" schemaName="mpa_itpm_fiscalperiod" displayName="Fiscal Period" />
      </MissingDependency>
      <MissingDependency>
        <Required type="1" schemaName="mpa_goaltracking_goal" displayName="Goal" solution="Active" />
        <Dependent type="60" displayName="Goal Tracking Fiscal Period Form" parentDisplayName="Fiscal Period" id="{8f0234dd-d381-ee11-8179-00224808dec6}" />
      </MissingDependency>
      <MissingDependency>
        <Required type="1" schemaName="mpa_goaltracking_subgoal" displayName="Subgoal" solution="Active" />
        <Dependent type="1" schemaName="mpa_itpm_department" displayName="Department" />
      </MissingDependency>
      <MissingDependency>
        <Required type="1" schemaName="mpa_goaltracking_subgoal" displayName="Subgoal" solution="Active" />
        <Dependent type="60" displayName="Goal Tracking Department Main Form" parentDisplayName="Department" id="{cb9e3735-d481-ee11-8179-00224808dac4}" />
      </MissingDependency>
      <MissingDependency>
        <Required type="10" schemaName="mpa_goaltracking_subgoal_department" displayName="mpa_goaltracking_subgoal_department" parentSchemaName="mpa_itpm_department" parentDisplayName="Department" solution="Active" />
        <Dependent type="60" displayName="Goal Tracking Department Main Form" parentDisplayName="Department" id="{cb9e3735-d481-ee11-8179-00224808dac4}" />
      </MissingDependency>
      <MissingDependency>
        <Required type="10" schemaName="mpa_goaltracking_goal_fiscalyear" displayName="mpa_goaltracking_goal_fiscalyear" parentSchemaName="mpa_itpm_fiscalperiod" parentDisplayName="Fiscal Period" solution="Active" />
        <Dependent type="60" displayName="Goal Tracking Fiscal Period Form" parentDisplayName="Fiscal Period" id="{8f0234dd-d381-ee11-8179-00224808dec6}" />
      </MissingDependency>
      <MissingDependency>
        <Required type="26" schemaName="Active Goals - Subgrid" displayName="Active Goals - Subgrid" parentSchemaName="mpa_goaltracking_goal" parentDisplayName="Goal" solution="Active" id="{07b62d3f-de23-ef11-840a-7c1e521c54cb}" />
        <Dependent type="60" displayName="Goal Tracking Fiscal Period Form" parentDisplayName="Fiscal Period" id="{8f0234dd-d381-ee11-8179-00224808dec6}" />
      </MissingDependency>
      <MissingDependency>
        <Required type="26" schemaName="Inactive Subgoals" displayName="Inactive Subgoals" parentSchemaName="mpa_goaltracking_subgoal" parentDisplayName="Subgoal" solution="Active" id="{286450e5-ad53-4861-8178-62685a90ea6c}" />
        <Dependent type="60" displayName="Goal Tracking Department Main Form" parentDisplayName="Department" id="{cb9e3735-d481-ee11-8179-00224808dac4}" />
      </MissingDependency>
      <MissingDependency>
        <Required type="26" schemaName="Inactive Goals" displayName="Inactive Goals" parentSchemaName="mpa_goaltracking_goal" parentDisplayName="Goal" solution="Active" id="{4f03b76a-e078-4eb9-badc-d547d0511016}" />
        <Dependent type="60" displayName="Goal Tracking Fiscal Period Form" parentDisplayName="Fiscal Period" id="{8f0234dd-d381-ee11-8179-00224808dec6}" />
      </MissingDependency>
      <MissingDependency>
        <Required type="26" schemaName="Active Subgoals" displayName="Active Subgoals" parentSchemaName="mpa_goaltracking_subgoal" parentDisplayName="Subgoal" solution="Active" id="{d604884c-e4ff-4a6b-b826-e21419aaf68b}" />
        <Dependent type="60" displayName="Goal Tracking Department Main Form" parentDisplayName="Department" id="{cb9e3735-d481-ee11-8179-00224808dac4}" />
      </MissingDependency>
      <MissingDependency>
        <Required type="26" schemaName="Active Goals" displayName="Active Goals" parentSchemaName="mpa_goaltracking_goal" parentDisplayName="Goal" solution="Active" id="{e633712b-ec12-46f9-b6f8-0604b2302fdf}" />
        <Dependent type="60" displayName="Goal Tracking Fiscal Period Form" parentDisplayName="Fiscal Period" id="{8f0234dd-d381-ee11-8179-00224808dec6}" />
      </MissingDependency>
      <MissingDependency>
        <Required type="59" schemaName="Subgoal by Department" displayName="Subgoal by Department" parentSchemaName="mpa_goaltracking_subgoal" parentDisplayName="Subgoal" solution="Active" id="{2d11fc94-8b12-ef11-9f89-0022482c6025}" />
        <Dependent type="60" displayName="Goal Tracking Department Main Form" parentDisplayName="Department" id="{cb9e3735-d481-ee11-8179-00224808dac4}" />
      </MissingDependency>
      <MissingDependency>
        <Required type="59" schemaName="Goal by Fiscal year" displayName="Goal by Fiscal year" parentSchemaName="mpa_goaltracking_goal" parentDisplayName="Goal" solution="Active" id="{4016b20b-9512-ef11-9f89-0022482c6025}" />
        <Dependent type="60" displayName="Goal Tracking Fiscal Period Form" parentDisplayName="Fiscal Period" id="{8f0234dd-d381-ee11-8179-00224808dec6}" />
      </MissingDependency>
    </MissingDependencies>
  </SolutionManifest>
</ImportExportXml>