﻿<?xml version="1.0" encoding="utf-8"?>
<ImportExportXml version="9.2.24074.218" SolutionPackageVersion="9.2" languagecode="1033" generatedBy="CrmLive" xmlns:xsi="http://www.w3.org/2001/XMLSchema-instance">
  <SolutionManifest>
    <UniqueName>mpa_SAPSetupAssistant</UniqueName>
    <LocalizedNames>
      <LocalizedName description="SAP Setup Assistant " languagecode="1033" />
    </LocalizedNames>
    <Descriptions />
    <Version>1.0.0.0</Version>
    <Managed>1</Managed>
    <Publisher>
      <UniqueName>PowerAccelerator</UniqueName>
      <LocalizedNames>
        <LocalizedName description="Microsoft Power Accelerator" languagecode="1033" />
      </LocalizedNames>
      <Descriptions>
        <Description description="Publisher for the Microsoft Power Accelerator team." languagecode="1033" />
      </Descriptions>
      <EMailAddress xsi:nil="true"></EMailAddress>
      <SupportingWebsiteUrl xsi:nil="true"></SupportingWebsiteUrl>
      <CustomizationPrefix>mpa</CustomizationPrefix>
      <CustomizationOptionValuePrefix>86542</CustomizationOptionValuePrefix>
      <Addresses>
        <Address>
          <AddressNumber>1</AddressNumber>
          <AddressTypeCode>1</AddressTypeCode>
          <City xsi:nil="true"></City>
          <County xsi:nil="true"></County>
          <Country xsi:nil="true"></Country>
          <Fax xsi:nil="true"></Fax>
          <FreightTermsCode xsi:nil="true"></FreightTermsCode>
          <ImportSequenceNumber xsi:nil="true"></ImportSequenceNumber>
          <Latitude xsi:nil="true"></Latitude>
          <Line1 xsi:nil="true"></Line1>
          <Line2 xsi:nil="true"></Line2>
          <Line3 xsi:nil="true"></Line3>
          <Longitude xsi:nil="true"></Longitude>
          <Name xsi:nil="true"></Name>
          <PostalCode xsi:nil="true"></PostalCode>
          <PostOfficeBox xsi:nil="true"></PostOfficeBox>
          <PrimaryContactName xsi:nil="true"></PrimaryContactName>
          <ShippingMethodCode>1</ShippingMethodCode>
          <StateOrProvince xsi:nil="true"></StateOrProvince>
          <Telephone1 xsi:nil="true"></Telephone1>
          <Telephone2 xsi:nil="true"></Telephone2>
          <Telephone3 xsi:nil="true"></Telephone3>
          <TimeZoneRuleVersionNumber xsi:nil="true"></TimeZoneRuleVersionNumber>
          <UPSZone xsi:nil="true"></UPSZone>
          <UTCOffset xsi:nil="true"></UTCOffset>
          <UTCConversionTimeZoneCode xsi:nil="true"></UTCConversionTimeZoneCode>
        </Address>
        <Address>
          <AddressNumber>2</AddressNumber>
          <AddressTypeCode>1</AddressTypeCode>
          <City xsi:nil="true"></City>
          <County xsi:nil="true"></County>
          <Country xsi:nil="true"></Country>
          <Fax xsi:nil="true"></Fax>
          <FreightTermsCode xsi:nil="true"></FreightTermsCode>
          <ImportSequenceNumber xsi:nil="true"></ImportSequenceNumber>
          <Latitude xsi:nil="true"></Latitude>
          <Line1 xsi:nil="true"></Line1>
          <Line2 xsi:nil="true"></Line2>
          <Line3 xsi:nil="true"></Line3>
          <Longitude xsi:nil="true"></Longitude>
          <Name xsi:nil="true"></Name>
          <PostalCode xsi:nil="true"></PostalCode>
          <PostOfficeBox xsi:nil="true"></PostOfficeBox>
          <PrimaryContactName xsi:nil="true"></PrimaryContactName>
          <ShippingMethodCode>1</ShippingMethodCode>
          <StateOrProvince xsi:nil="true"></StateOrProvince>
          <Telephone1 xsi:nil="true"></Telephone1>
          <Telephone2 xsi:nil="true"></Telephone2>
          <Telephone3 xsi:nil="true"></Telephone3>
          <TimeZoneRuleVersionNumber xsi:nil="true"></TimeZoneRuleVersionNumber>
          <UPSZone xsi:nil="true"></UPSZone>
          <UTCOffset xsi:nil="true"></UTCOffset>
          <UTCConversionTimeZoneCode xsi:nil="true"></UTCConversionTimeZoneCode>
        </Address>
      </Addresses>
    </Publisher>
    <RootComponents>
      <RootComponent type="1" schemaName="mpa_activitystep" behavior="0" />
      <RootComponent type="1" schemaName="mpa_deploymentteam" behavior="0" />
      <RootComponent type="1" schemaName="mpa_installprocess" behavior="0" />
      <RootComponent type="1" schemaName="mpa_installprocessactivity" behavior="0" />
      <RootComponent type="1" schemaName="mpa_installprocessactivityresource" behavior="0" />
      <RootComponent type="1" schemaName="mpa_installprocessactivitystep" behavior="0" />
      <RootComponent type="1" schemaName="mpa_installprocessstage" behavior="0" />
      <RootComponent type="1" schemaName="mpa_installtemplatebatchprocess" behavior="0" />
      <RootComponent type="1" schemaName="mpa_installtemplatebatchprocessitem" behavior="0" />
      <RootComponent type="1" schemaName="mpa_installtemplateevent" behavior="0" />
      <RootComponent type="1" schemaName="mpa_saplistofvalue" behavior="0" />
      <RootComponent type="1" schemaName="mpa_saplocalization" behavior="0" />
      <RootComponent type="1" schemaName="mpa_sapmenuitem" behavior="0" />
      <RootComponent type="20" id="{26d51de7-763d-ee11-bdf4-002248081105}" behavior="0" />
      <RootComponent type="29" id="{0b7afc3e-3bba-ee11-a569-000d3a33d5a1}" behavior="0" />
      <RootComponent type="29" id="{23987332-e4d4-ee11-9079-002248081105}" behavior="0" />
      <RootComponent type="29" id="{27f11c04-2fc2-ee11-9079-000d3a33dd40}" behavior="0" />
      <RootComponent type="29" id="{2980b6d4-2dba-ee11-a569-00224825b1b5}" behavior="0" />
      <RootComponent type="29" id="{5a190b2c-3bba-ee11-a569-000d3a33d5a1}" behavior="0" />
      <RootComponent type="29" id="{78f0c170-2dba-ee11-a569-002248313161}" behavior="0" />
      <RootComponent type="29" id="{85710306-7dc4-ee11-9079-000d3a33d5a1}" behavior="0" />
      <RootComponent type="29" id="{df6328f3-2dba-ee11-a569-00224825b1b5}" behavior="0" />
      <RootComponent type="300" schemaName="mpa_saptemplateinstaller_deb20" behavior="0" />
      <RootComponent type="61" schemaName="mpa_ListofValueIcon" behavior="0" />
      <RootComponent type="61" schemaName="mpa_MenuItemsIcon" behavior="0" />
      <RootComponent type="61" schemaName="mpa_WorldIcon" behavior="0" />
      <RootComponent type="9" schemaName="mpa_installtemplatebatchtype" behavior="0" />
      <RootComponent type="9" schemaName="mpa_language" behavior="0" />
    </RootComponents>
    <MissingDependencies>
      <MissingDependency>
        <Required type="1" schemaName="msdyn_dataflow" displayName="Dataflow" solution="DataflowSolution (1.0.0.34)" />
        <Dependent type="300" schemaName="mpa_saptemplateinstaller_deb20" displayName="SAP Setup Assistant" />
      </MissingDependency>
      <MissingDependency>
        <Required type="1" schemaName="msdyn_solutionhistory" displayName="Solution History" solution="SolutionHistoryAPIs (9.1.0.27)" />
        <Dependent type="29" displayName="InstallTemplateImportSolutionFile" id="{85710306-7dc4-ee11-9079-000d3a33d5a1}" />
      </MissingDependency>
      <MissingDependency>
        <Required type="1" schemaName="msdyn_solutionhistory" displayName="Solution History" solution="SolutionHistoryAPIs (9.1.0.27)" />
        <Dependent type="300" schemaName="mpa_saptemplateinstaller_deb20" displayName="SAP Setup Assistant" />
      </MissingDependency>
    </MissingDependencies>
  </SolutionManifest>
</ImportExportXml>