﻿<?xml version="1.0" encoding="utf-8"?>
<ImportExportXml xmlns:xsi="http://www.w3.org/2001/XMLSchema-instance">
  <Entities />
  <Roles />
  <Workflows>
    <Workflow WorkflowId="{475f323d-40e8-ed11-a7c6-0022480492d7}" Name="ApprovePurchaseOrder">
      <JsonFileName>/Workflows/ApprovePurchaseOrder-475F323D-40E8-ED11-A7C6-0022480492D7.json</JsonFileName>
      <Type>1</Type>
      <Subprocess>0</Subprocess>
      <Category>5</Category>
      <Mode>0</Mode>
      <Scope>4</Scope>
      <OnDemand>0</OnDemand>
      <TriggerOnCreate>0</TriggerOnCreate>
      <TriggerOnDelete>0</TriggerOnDelete>
      <AsyncAutodelete>0</AsyncAutodelete>
      <SyncWorkflowLogOnFailure>0</SyncWorkflowLogOnFailure>
      <StateCode>1</StateCode>
      <StatusCode>2</StatusCode>
      <RunAs>1</RunAs>
      <IsTransacted>1</IsTransacted>
      <IntroducedVersion>1.0.0.11</IntroducedVersion>
      <IsCustomizable>1</IsCustomizable>
      <IsCustomProcessingStepAllowedForOtherPublishers>1</IsCustomProcessingStepAllowedForOtherPublishers>
      <PrimaryEntity>none</PrimaryEntity>
      <LocalizedNames>
        <LocalizedName languagecode="1033" description="ApprovePurchaseOrder" />
      </LocalizedNames>
    </Workflow>
    <Workflow WorkflowId="{e75d6437-f0e5-ed11-a7c7-0022480492d7}" Name="ConvertRequisitionToPurchaseOrder">
      <JsonFileName>/Workflows/ConvertRequisitionToPurchaseOrder-E75D6437-F0E5-ED11-A7C7-0022480492D7.json</JsonFileName>
      <Type>1</Type>
      <Subprocess>0</Subprocess>
      <Category>5</Category>
      <Mode>0</Mode>
      <Scope>4</Scope>
      <OnDemand>0</OnDemand>
      <TriggerOnCreate>0</TriggerOnCreate>
      <TriggerOnDelete>0</TriggerOnDelete>
      <AsyncAutodelete>0</AsyncAutodelete>
      <SyncWorkflowLogOnFailure>0</SyncWorkflowLogOnFailure>
      <StateCode>1</StateCode>
      <StatusCode>2</StatusCode>
      <RunAs>1</RunAs>
      <IsTransacted>1</IsTransacted>
      <IntroducedVersion>1.0.0.11</IntroducedVersion>
      <IsCustomizable>1</IsCustomizable>
      <IsCustomProcessingStepAllowedForOtherPublishers>1</IsCustomProcessingStepAllowedForOtherPublishers>
      <PrimaryEntity>none</PrimaryEntity>
      <LocalizedNames>
        <LocalizedName languagecode="1033" description="ConvertRequisitionToPurchaseOrder" />
      </LocalizedNames>
    </Workflow>
    <Workflow WorkflowId="{c7db5284-eae5-ed11-a7c7-0022480492d7}" Name="CreateGoodsReceipt">
      <JsonFileName>/Workflows/CreateGoodsReceipt-C7DB5284-EAE5-ED11-A7C7-0022480492D7.json</JsonFileName>
      <Type>1</Type>
      <Subprocess>0</Subprocess>
      <Category>5</Category>
      <Mode>0</Mode>
      <Scope>4</Scope>
      <OnDemand>0</OnDemand>
      <TriggerOnCreate>0</TriggerOnCreate>
      <TriggerOnDelete>0</TriggerOnDelete>
      <AsyncAutodelete>0</AsyncAutodelete>
      <SyncWorkflowLogOnFailure>0</SyncWorkflowLogOnFailure>
      <StateCode>1</StateCode>
      <StatusCode>2</StatusCode>
      <RunAs>1</RunAs>
      <IsTransacted>1</IsTransacted>
      <IntroducedVersion>1.0</IntroducedVersion>
      <IsCustomizable>1</IsCustomizable>
      <IsCustomProcessingStepAllowedForOtherPublishers>1</IsCustomProcessingStepAllowedForOtherPublishers>
      <PrimaryEntity>none</PrimaryEntity>
      <LocalizedNames>
        <LocalizedName languagecode="1033" description="CreateGoodsReceipt" />
      </LocalizedNames>
    </Workflow>
    <Workflow WorkflowId="{9304b186-f0e9-ed11-a7c5-002248049af9}" Name="CreatePurchaseOrder">
      <JsonFileName>/Workflows/CreatePurchaseOrder-9304B186-F0E9-ED11-A7C5-002248049AF9.json</JsonFileName>
      <Type>1</Type>
      <Subprocess>0</Subprocess>
      <Category>5</Category>
      <Mode>0</Mode>
      <Scope>4</Scope>
      <OnDemand>0</OnDemand>
      <TriggerOnCreate>0</TriggerOnCreate>
      <TriggerOnDelete>0</TriggerOnDelete>
      <AsyncAutodelete>0</AsyncAutodelete>
      <SyncWorkflowLogOnFailure>0</SyncWorkflowLogOnFailure>
      <StateCode>1</StateCode>
      <StatusCode>2</StatusCode>
      <RunAs>1</RunAs>
      <IsTransacted>1</IsTransacted>
      <IntroducedVersion>1.0.0.11</IntroducedVersion>
      <IsCustomizable>1</IsCustomizable>
      <IsCustomProcessingStepAllowedForOtherPublishers>1</IsCustomProcessingStepAllowedForOtherPublishers>
      <PrimaryEntity>none</PrimaryEntity>
      <LocalizedNames>
        <LocalizedName languagecode="1033" description="CreatePurchaseOrder" />
      </LocalizedNames>
    </Workflow>
    <Workflow WorkflowId="{2e617526-6660-ed11-9562-000d3a34194b}" Name="CreateRequisition">
      <JsonFileName>/Workflows/CreateRequisition-2E617526-6660-ED11-9562-000D3A34194B.json</JsonFileName>
      <Type>1</Type>
      <Subprocess>0</Subprocess>
      <Category>5</Category>
      <Mode>0</Mode>
      <Scope>4</Scope>
      <OnDemand>0</OnDemand>
      <TriggerOnCreate>0</TriggerOnCreate>
      <TriggerOnDelete>0</TriggerOnDelete>
      <AsyncAutodelete>0</AsyncAutodelete>
      <SyncWorkflowLogOnFailure>0</SyncWorkflowLogOnFailure>
      <StateCode>1</StateCode>
      <StatusCode>2</StatusCode>
      <RunAs>1</RunAs>
      <IsTransacted>1</IsTransacted>
      <IntroducedVersion>0.87.0.4</IntroducedVersion>
      <IsCustomizable>1</IsCustomizable>
      <IsCustomProcessingStepAllowedForOtherPublishers>1</IsCustomProcessingStepAllowedForOtherPublishers>
      <PrimaryEntity>none</PrimaryEntity>
      <LocalizedNames>
        <LocalizedName languagecode="1033" description="CreateRequisition" />
      </LocalizedNames>
    </Workflow>
    <Workflow WorkflowId="{71c043f3-25d3-ed11-a7c7-0022480492d7}" Name="CreateVendor">
      <JsonFileName>/Workflows/CreateVendor-71C043F3-25D3-ED11-A7C7-0022480492D7.json</JsonFileName>
      <Type>1</Type>
      <Subprocess>0</Subprocess>
      <Category>5</Category>
      <Mode>0</Mode>
      <Scope>4</Scope>
      <OnDemand>0</OnDemand>
      <TriggerOnCreate>0</TriggerOnCreate>
      <TriggerOnDelete>0</TriggerOnDelete>
      <AsyncAutodelete>0</AsyncAutodelete>
      <SyncWorkflowLogOnFailure>0</SyncWorkflowLogOnFailure>
      <StateCode>1</StateCode>
      <StatusCode>2</StatusCode>
      <RunAs>1</RunAs>
      <IsTransacted>1</IsTransacted>
      <IntroducedVersion>1.0.0.2</IntroducedVersion>
      <IsCustomizable>1</IsCustomizable>
      <IsCustomProcessingStepAllowedForOtherPublishers>1</IsCustomProcessingStepAllowedForOtherPublishers>
      <PrimaryEntity>none</PrimaryEntity>
      <LocalizedNames>
        <LocalizedName languagecode="1033" description="CreateVendor" />
      </LocalizedNames>
    </Workflow>
    <Workflow WorkflowId="{9df25ea5-81e0-ed11-a7c7-0022480492d7}" Name="ReadGLAccount">
      <JsonFileName>/Workflows/ReadGLAccount-9DF25EA5-81E0-ED11-A7C7-0022480492D7.json</JsonFileName>
      <Type>1</Type>
      <Subprocess>0</Subprocess>
      <Category>5</Category>
      <Mode>0</Mode>
      <Scope>4</Scope>
      <OnDemand>0</OnDemand>
      <TriggerOnCreate>0</TriggerOnCreate>
      <TriggerOnDelete>0</TriggerOnDelete>
      <AsyncAutodelete>0</AsyncAutodelete>
      <SyncWorkflowLogOnFailure>0</SyncWorkflowLogOnFailure>
      <StateCode>1</StateCode>
      <StatusCode>2</StatusCode>
      <RunAs>1</RunAs>
      <IsTransacted>1</IsTransacted>
      <IntroducedVersion>1.0</IntroducedVersion>
      <IsCustomizable>1</IsCustomizable>
      <IsCustomProcessingStepAllowedForOtherPublishers>1</IsCustomProcessingStepAllowedForOtherPublishers>
      <PrimaryEntity>none</PrimaryEntity>
      <LocalizedNames>
        <LocalizedName languagecode="1033" description="ReadGLAccount" />
      </LocalizedNames>
    </Workflow>
    <Workflow WorkflowId="{0e9e01b5-6fe0-ed11-a7c6-002248049af9}" Name="ReadGLAccountList">
      <JsonFileName>/Workflows/ReadGLAccountList-0E9E01B5-6FE0-ED11-A7C6-002248049AF9.json</JsonFileName>
      <Type>1</Type>
      <Subprocess>0</Subprocess>
      <Category>5</Category>
      <Mode>0</Mode>
      <Scope>4</Scope>
      <OnDemand>0</OnDemand>
      <TriggerOnCreate>0</TriggerOnCreate>
      <TriggerOnDelete>0</TriggerOnDelete>
      <AsyncAutodelete>0</AsyncAutodelete>
      <SyncWorkflowLogOnFailure>0</SyncWorkflowLogOnFailure>
      <StateCode>1</StateCode>
      <StatusCode>2</StatusCode>
      <RunAs>1</RunAs>
      <IsTransacted>1</IsTransacted>
      <IntroducedVersion>1.0</IntroducedVersion>
      <IsCustomizable>1</IsCustomizable>
      <IsCustomProcessingStepAllowedForOtherPublishers>1</IsCustomProcessingStepAllowedForOtherPublishers>
      <PrimaryEntity>none</PrimaryEntity>
      <LocalizedNames>
        <LocalizedName languagecode="1033" description="ReadGLAccountList" />
      </LocalizedNames>
    </Workflow>
    <Workflow WorkflowId="{123f3ee5-72ef-ed11-8849-002248049b8b}" Name="ReadMaterial">
      <JsonFileName>/Workflows/ReadMaterial-123F3EE5-72EF-ED11-8849-002248049B8B.json</JsonFileName>
      <Type>1</Type>
      <Subprocess>0</Subprocess>
      <Category>5</Category>
      <Mode>0</Mode>
      <Scope>4</Scope>
      <OnDemand>0</OnDemand>
      <TriggerOnCreate>0</TriggerOnCreate>
      <TriggerOnDelete>0</TriggerOnDelete>
      <AsyncAutodelete>0</AsyncAutodelete>
      <SyncWorkflowLogOnFailure>0</SyncWorkflowLogOnFailure>
      <StateCode>1</StateCode>
      <StatusCode>2</StatusCode>
      <RunAs>1</RunAs>
      <IsTransacted>1</IsTransacted>
      <IntroducedVersion>1.0.0.30</IntroducedVersion>
      <IsCustomizable>1</IsCustomizable>
      <IsCustomProcessingStepAllowedForOtherPublishers>1</IsCustomProcessingStepAllowedForOtherPublishers>
      <PrimaryEntity>none</PrimaryEntity>
      <LocalizedNames>
        <LocalizedName languagecode="1033" description="ReadMaterial" />
      </LocalizedNames>
    </Workflow>
    <Workflow WorkflowId="{28d8aacf-21e5-ed11-a7c6-002248049af9}" Name="ReadMaterialList">
      <JsonFileName>/Workflows/ReadMaterialList-28D8AACF-21E5-ED11-A7C6-002248049AF9.json</JsonFileName>
      <Type>1</Type>
      <Subprocess>0</Subprocess>
      <Category>5</Category>
      <Mode>0</Mode>
      <Scope>4</Scope>
      <OnDemand>0</OnDemand>
      <TriggerOnCreate>0</TriggerOnCreate>
      <TriggerOnDelete>0</TriggerOnDelete>
      <AsyncAutodelete>0</AsyncAutodelete>
      <SyncWorkflowLogOnFailure>0</SyncWorkflowLogOnFailure>
      <StateCode>1</StateCode>
      <StatusCode>2</StatusCode>
      <RunAs>1</RunAs>
      <IsTransacted>1</IsTransacted>
      <IntroducedVersion>1.0.0.11</IntroducedVersion>
      <IsCustomizable>1</IsCustomizable>
      <IsCustomProcessingStepAllowedForOtherPublishers>1</IsCustomProcessingStepAllowedForOtherPublishers>
      <PrimaryEntity>none</PrimaryEntity>
      <LocalizedNames>
        <LocalizedName languagecode="1033" description="ReadMaterialList" />
      </LocalizedNames>
    </Workflow>
    <Workflow WorkflowId="{568e32c3-eee9-ed11-a7c5-002248049af9}" Name="ReadPurchaseOrder">
      <JsonFileName>/Workflows/ReadPurchaseOrder-568E32C3-EEE9-ED11-A7C5-002248049AF9.json</JsonFileName>
      <Type>1</Type>
      <Subprocess>0</Subprocess>
      <Category>5</Category>
      <Mode>0</Mode>
      <Scope>4</Scope>
      <OnDemand>0</OnDemand>
      <TriggerOnCreate>0</TriggerOnCreate>
      <TriggerOnDelete>0</TriggerOnDelete>
      <AsyncAutodelete>0</AsyncAutodelete>
      <SyncWorkflowLogOnFailure>0</SyncWorkflowLogOnFailure>
      <StateCode>1</StateCode>
      <StatusCode>2</StatusCode>
      <RunAs>1</RunAs>
      <IsTransacted>1</IsTransacted>
      <IntroducedVersion>1.0.0.11</IntroducedVersion>
      <IsCustomizable>1</IsCustomizable>
      <IsCustomProcessingStepAllowedForOtherPublishers>1</IsCustomProcessingStepAllowedForOtherPublishers>
      <PrimaryEntity>none</PrimaryEntity>
      <LocalizedNames>
        <LocalizedName languagecode="1033" description="ReadPurchaseOrder" />
      </LocalizedNames>
    </Workflow>
    <Workflow WorkflowId="{21bad89b-ba19-ed11-b83e-000d3a315c79}" Name="ReadPurchaseOrderList">
      <JsonFileName>/Workflows/ReadPurchaseOrderList-21BAD89B-BA19-ED11-B83E-000D3A315C79.json</JsonFileName>
      <Type>1</Type>
      <Subprocess>0</Subprocess>
      <Category>5</Category>
      <Mode>0</Mode>
      <Scope>4</Scope>
      <OnDemand>0</OnDemand>
      <TriggerOnCreate>0</TriggerOnCreate>
      <TriggerOnDelete>0</TriggerOnDelete>
      <AsyncAutodelete>0</AsyncAutodelete>
      <SyncWorkflowLogOnFailure>0</SyncWorkflowLogOnFailure>
      <StateCode>1</StateCode>
      <StatusCode>2</StatusCode>
      <RunAs>1</RunAs>
      <IsTransacted>1</IsTransacted>
      <IntroducedVersion>0.6</IntroducedVersion>
      <IsCustomizable>1</IsCustomizable>
      <IsCustomProcessingStepAllowedForOtherPublishers>1</IsCustomProcessingStepAllowedForOtherPublishers>
      <PrimaryEntity>none</PrimaryEntity>
      <LocalizedNames>
        <LocalizedName languagecode="1033" description="ReadPurchaseOrderList" />
      </LocalizedNames>
    </Workflow>
    <Workflow WorkflowId="{717e19c4-f0e5-ed11-a7c7-0022480492d7}" Name="ReadRequisition">
      <JsonFileName>/Workflows/ReadRequisition-717E19C4-F0E5-ED11-A7C7-0022480492D7.json</JsonFileName>
      <Type>1</Type>
      <Subprocess>0</Subprocess>
      <Category>5</Category>
      <Mode>0</Mode>
      <Scope>4</Scope>
      <OnDemand>0</OnDemand>
      <TriggerOnCreate>0</TriggerOnCreate>
      <TriggerOnDelete>0</TriggerOnDelete>
      <AsyncAutodelete>0</AsyncAutodelete>
      <SyncWorkflowLogOnFailure>0</SyncWorkflowLogOnFailure>
      <StateCode>1</StateCode>
      <StatusCode>2</StatusCode>
      <RunAs>1</RunAs>
      <IsTransacted>1</IsTransacted>
      <IntroducedVersion>1.0.0.11</IntroducedVersion>
      <IsCustomizable>1</IsCustomizable>
      <IsCustomProcessingStepAllowedForOtherPublishers>1</IsCustomProcessingStepAllowedForOtherPublishers>
      <PrimaryEntity>none</PrimaryEntity>
      <LocalizedNames>
        <LocalizedName languagecode="1033" description="ReadRequisition" />
      </LocalizedNames>
    </Workflow>
    <Workflow WorkflowId="{69a219b2-78d5-ed11-a7c7-0022480492d7}" Name="ReadRequisitionList">
      <JsonFileName>/Workflows/ReadRequisitionList-69A219B2-78D5-ED11-A7C7-0022480492D7.json</JsonFileName>
      <Type>1</Type>
      <Subprocess>0</Subprocess>
      <Category>5</Category>
      <Mode>0</Mode>
      <Scope>4</Scope>
      <OnDemand>0</OnDemand>
      <TriggerOnCreate>0</TriggerOnCreate>
      <TriggerOnDelete>0</TriggerOnDelete>
      <AsyncAutodelete>0</AsyncAutodelete>
      <SyncWorkflowLogOnFailure>0</SyncWorkflowLogOnFailure>
      <StateCode>1</StateCode>
      <StatusCode>2</StatusCode>
      <RunAs>1</RunAs>
      <IsTransacted>1</IsTransacted>
      <IntroducedVersion>1.0</IntroducedVersion>
      <IsCustomizable>1</IsCustomizable>
      <IsCustomProcessingStepAllowedForOtherPublishers>1</IsCustomProcessingStepAllowedForOtherPublishers>
      <PrimaryEntity>none</PrimaryEntity>
      <LocalizedNames>
        <LocalizedName languagecode="1033" description="ReadRequisitionList" />
      </LocalizedNames>
    </Workflow>
    <Workflow WorkflowId="{4a964bfd-ebd3-ed11-a7c7-002248049af9}" Name="ReadVendor">
      <JsonFileName>/Workflows/ReadVendor-4A964BFD-EBD3-ED11-A7C7-002248049AF9.json</JsonFileName>
      <Type>1</Type>
      <Subprocess>0</Subprocess>
      <Category>5</Category>
      <Mode>0</Mode>
      <Scope>4</Scope>
      <OnDemand>0</OnDemand>
      <TriggerOnCreate>0</TriggerOnCreate>
      <TriggerOnDelete>0</TriggerOnDelete>
      <AsyncAutodelete>0</AsyncAutodelete>
      <SyncWorkflowLogOnFailure>0</SyncWorkflowLogOnFailure>
      <StateCode>1</StateCode>
      <StatusCode>2</StatusCode>
      <RunAs>1</RunAs>
      <IsTransacted>1</IsTransacted>
      <IntroducedVersion>1.0.0.4</IntroducedVersion>
      <IsCustomizable>1</IsCustomizable>
      <IsCustomProcessingStepAllowedForOtherPublishers>1</IsCustomProcessingStepAllowedForOtherPublishers>
      <PrimaryEntity>none</PrimaryEntity>
      <LocalizedNames>
        <LocalizedName languagecode="1033" description="ReadVendor" />
      </LocalizedNames>
    </Workflow>
    <Workflow WorkflowId="{63f9fe91-8819-ed11-b83e-000d3a315c79}" Name="ReadVendorList">
      <JsonFileName>/Workflows/ReadVendorList-63F9FE91-8819-ED11-B83E-000D3A315C79.json</JsonFileName>
      <Type>1</Type>
      <Subprocess>0</Subprocess>
      <Category>5</Category>
      <Mode>0</Mode>
      <Scope>4</Scope>
      <OnDemand>0</OnDemand>
      <TriggerOnCreate>0</TriggerOnCreate>
      <TriggerOnDelete>0</TriggerOnDelete>
      <AsyncAutodelete>0</AsyncAutodelete>
      <SyncWorkflowLogOnFailure>0</SyncWorkflowLogOnFailure>
      <StateCode>1</StateCode>
      <StatusCode>2</StatusCode>
      <RunAs>1</RunAs>
      <IsTransacted>1</IsTransacted>
      <IntroducedVersion>0.6</IntroducedVersion>
      <IsCustomizable>1</IsCustomizable>
      <IsCustomProcessingStepAllowedForOtherPublishers>1</IsCustomProcessingStepAllowedForOtherPublishers>
      <PrimaryEntity>none</PrimaryEntity>
      <LocalizedNames>
        <LocalizedName languagecode="1033" description="ReadVendorList" />
      </LocalizedNames>
    </Workflow>
    <Workflow WorkflowId="{87fed265-1f1f-ed11-b83e-000d3a5acccf}" Name="UpdatePurchaseOrder">
      <JsonFileName>/Workflows/UpdatePurchaseOrder-87FED265-1F1F-ED11-B83E-000D3A5ACCCF.json</JsonFileName>
      <Type>1</Type>
      <Subprocess>0</Subprocess>
      <Category>5</Category>
      <Mode>0</Mode>
      <Scope>4</Scope>
      <OnDemand>0</OnDemand>
      <TriggerOnCreate>0</TriggerOnCreate>
      <TriggerOnDelete>0</TriggerOnDelete>
      <AsyncAutodelete>0</AsyncAutodelete>
      <SyncWorkflowLogOnFailure>0</SyncWorkflowLogOnFailure>
      <StateCode>1</StateCode>
      <StatusCode>2</StatusCode>
      <RunAs>1</RunAs>
      <IsTransacted>1</IsTransacted>
      <IntroducedVersion>0.6</IntroducedVersion>
      <IsCustomizable>1</IsCustomizable>
      <IsCustomProcessingStepAllowedForOtherPublishers>1</IsCustomProcessingStepAllowedForOtherPublishers>
      <PrimaryEntity>none</PrimaryEntity>
      <LocalizedNames>
        <LocalizedName languagecode="1033" description="UpdatePurchaseOrder" />
      </LocalizedNames>
    </Workflow>
    <Workflow WorkflowId="{89223cb2-6a60-ed11-9562-000d3a341930}" Name="UpdateRequisition">
      <JsonFileName>/Workflows/UpdateRequisition-89223CB2-6A60-ED11-9562-000D3A341930.json</JsonFileName>
      <Type>1</Type>
      <Subprocess>0</Subprocess>
      <Category>5</Category>
      <Mode>0</Mode>
      <Scope>4</Scope>
      <OnDemand>0</OnDemand>
      <TriggerOnCreate>0</TriggerOnCreate>
      <TriggerOnDelete>0</TriggerOnDelete>
      <AsyncAutodelete>0</AsyncAutodelete>
      <SyncWorkflowLogOnFailure>0</SyncWorkflowLogOnFailure>
      <StateCode>1</StateCode>
      <StatusCode>2</StatusCode>
      <RunAs>1</RunAs>
      <IsTransacted>1</IsTransacted>
      <IntroducedVersion>0.87.0.4</IntroducedVersion>
      <IsCustomizable>1</IsCustomizable>
      <IsCustomProcessingStepAllowedForOtherPublishers>1</IsCustomProcessingStepAllowedForOtherPublishers>
      <PrimaryEntity>none</PrimaryEntity>
      <LocalizedNames>
        <LocalizedName languagecode="1033" description="UpdateRequisition" />
      </LocalizedNames>
    </Workflow>
    <Workflow WorkflowId="{cb4f0971-07d5-ed11-a7c7-0022480492d7}" Name="UpdateVendor">
      <JsonFileName>/Workflows/UpdateVendor-CB4F0971-07D5-ED11-A7C7-0022480492D7.json</JsonFileName>
      <Type>1</Type>
      <Subprocess>0</Subprocess>
      <Category>5</Category>
      <Mode>0</Mode>
      <Scope>4</Scope>
      <OnDemand>0</OnDemand>
      <TriggerOnCreate>0</TriggerOnCreate>
      <TriggerOnDelete>0</TriggerOnDelete>
      <AsyncAutodelete>0</AsyncAutodelete>
      <SyncWorkflowLogOnFailure>0</SyncWorkflowLogOnFailure>
      <StateCode>1</StateCode>
      <StatusCode>2</StatusCode>
      <RunAs>1</RunAs>
      <IsTransacted>1</IsTransacted>
      <IntroducedVersion>1.0.0.4</IntroducedVersion>
      <IsCustomizable>1</IsCustomizable>
      <IsCustomProcessingStepAllowedForOtherPublishers>1</IsCustomProcessingStepAllowedForOtherPublishers>
      <PrimaryEntity>none</PrimaryEntity>
      <LocalizedNames>
        <LocalizedName languagecode="1033" description="UpdateVendor" />
      </LocalizedNames>
    </Workflow>
  </Workflows>
  <FieldSecurityProfiles />
  <Templates />
  <EntityMaps />
  <EntityRelationships />
  <OrganizationSettings />
  <optionsets />
  <WebResources>
    <WebResource>
      <WebResourceId>{4c5193b1-20fb-ed11-8849-0022480492d7}</WebResourceId>
      <Name>mpa_PurchaseOrdersIcon</Name>
      <DisplayName>Purchase Orders Icon</DisplayName>
      <WebResourceType>5</WebResourceType>
      <IntroducedVersion>1.0.0.41</IntroducedVersion>
      <IsEnabledForMobileClient>0</IsEnabledForMobileClient>
      <IsAvailableForMobileOffline>0</IsAvailableForMobileOffline>
      <IsCustomizable>1</IsCustomizable>
      <CanBeDeleted>1</CanBeDeleted>
      <IsHidden>0</IsHidden>
      <FileName>/WebResources/mpa_PurchaseOrdersIcon4C5193B1-20FB-ED11-8849-0022480492D7</FileName>
    </WebResource>
    <WebResource>
      <WebResourceId>{76eed3a3-20fb-ed11-8849-0022480492d7}</WebResourceId>
      <Name>mpa_RequisitionsMenuIcon</Name>
      <DisplayName>Requisitions Menu Icon</DisplayName>
      <WebResourceType>5</WebResourceType>
      <IntroducedVersion>1.0.0.41</IntroducedVersion>
      <IsEnabledForMobileClient>0</IsEnabledForMobileClient>
      <IsAvailableForMobileOffline>0</IsAvailableForMobileOffline>
      <IsCustomizable>1</IsCustomizable>
      <CanBeDeleted>1</CanBeDeleted>
      <IsHidden>0</IsHidden>
      <FileName>/WebResources/mpa_RequisitionsMenuIcon76EED3A3-20FB-ED11-8849-0022480492D7</FileName>
    </WebResource>
    <WebResource>
      <WebResourceId>{8a8c526c-20fb-ed11-8849-002248049c83}</WebResourceId>
      <Name>mpa_VendosMenuIcon</Name>
      <DisplayName>Vendors Menu Icon</DisplayName>
      <WebResourceType>5</WebResourceType>
      <IntroducedVersion>1.0.0.41</IntroducedVersion>
      <IsEnabledForMobileClient>0</IsEnabledForMobileClient>
      <IsAvailableForMobileOffline>0</IsAvailableForMobileOffline>
      <IsCustomizable>1</IsCustomizable>
      <CanBeDeleted>1</CanBeDeleted>
      <IsHidden>0</IsHidden>
      <FileName>/WebResources/mpa_VendosMenuIcon8A8C526C-20FB-ED11-8849-002248049C83</FileName>
    </WebResource>
  </WebResources>
  <CustomControls />
  <EntityDataProviders />
  <CanvasApps>
    <CanvasApp>
      <Name>mpa_sappurchaseorders_70e14</Name>
      <AppVersion>2023-05-25T18:34:19Z</AppVersion>
      <Status>Ready</Status>
      <CreatedByClientVersion>3.23051.23.0</CreatedByClientVersion>
      <MinClientVersion>3.23051.23.0</MinClientVersion>
      <Tags>{"primaryDeviceWidth":"1240","primaryDeviceHeight":"768","supportsPortrait":"true","supportsLandscape":"true","primaryFormFactor":"Tablet","publisherVersion":"3.23051.23","minimumRequiredApiVersion":"2.2.0","hasComponent":"true","hasUnlockedComponent":"true","isUnifiedRootApp":"false","sienaVersion":"20230525T181552Z-3.23051.23.0"}</Tags>
      <IsCdsUpgraded>0</IsCdsUpgraded>
      <GalleryItemId xsi:nil="true"></GalleryItemId>
      <BackgroundColor>rgba(255, 255, 255, 1)</BackgroundColor>
      <DisplayName>SAP Purchase Orders</DisplayName>
      <Description>Manage purchase orders in SAP.</Description>
      <CommitMessage xsi:nil="true"></CommitMessage>
      <Publisher></Publisher>
      <AuthorizationReferences>[]</AuthorizationReferences>
      <ConnectionReferences>{"5b2f7fbf-5094-4102-b77b-ee8c15373090":{"id":"/providers/microsoft.powerapps/apis/shared_office365users","displayName":"Office 365 Users","iconUri":"https://connectoricons-prod.azureedge.net/releases/v1.0.1626/1.0.1626.3238/office365users/icon.png","dataSources":["Office365Users"],"dependencies":[],"dependents":["9fde6053-9e0d-418d-b2be-77e24ec986eb","cec6d958-ea22-4e2d-bbc9-cfd882b7bfde","66132adb-3899-4a9b-aede-09093b3c25ed","f6a29018-9e14-4e84-ae71-b0d79abc769c","0f7d1d94-3ac3-4c40-b2ec-e881e69c25bc","551ab6a1-a699-4e6b-af27-c9613d83d704","dd91bf1c-bc9b-4287-93d3-56a925ebb00a","3e46e21a-9d51-462d-b6c2-6ad392ea5e92","7d7773f3-6461-452c-9d64-b4f32379c5dc"],"parameterHints":{},"parameterHintsV2":{},"isOnPremiseConnection":false,"bypassConsent":false,"dataSets":{},"apiTier":"Standard","actions":["MyProfileV2"]},"9fde6053-9e0d-418d-b2be-77e24ec986eb":{"id":"/providers/microsoft.powerapps/apis/shared_logicflows","displayName":"Logic flows","iconUri":"https://connectoricons-prod.azureedge.net/u/shgogna/logicflows-specialbuild/1.0.1633.3284/logicflows/icon.png","dataSources":["UpdatePurchaseOrder"],"dependencies":["4fbe258f-5d74-40f7-becb-7ae85dd89664","3cbc84c0-5d80-4c6c-ba3a-1c65fd214514","5b2f7fbf-5094-4102-b77b-ee8c15373090"],"dependents":[],"parameterHints":{"workflowName":{"value":"28708e7b-2629-4849-bdea-84417c455c30"},"workflowEntityId":{"value":"87fed265-1f1f-ed11-b83e-000d3a5acccf"},"4fbe258f-5d74-40f7-becb-7ae85dd89664":{"value":"shared_saperp_1"},"3cbc84c0-5d80-4c6c-ba3a-1c65fd214514":{"value":"shared_commondataserviceforapps_1"},"5b2f7fbf-5094-4102-b77b-ee8c15373090":{"value":"shared_office365users_1"}},"parameterHintsV2":{"workflowName":{"value":"28708e7b-2629-4849-bdea-84417c455c30"},"workflowEntityId":{"value":"87fed265-1f1f-ed11-b83e-000d3a5acccf"},"shared_saperp_1":{"value":"4fbe258f-5d74-40f7-becb-7ae85dd89664"},"shared_commondataserviceforapps_1":{"value":"3cbc84c0-5d80-4c6c-ba3a-1c65fd214514"},"shared_office365users_1":{"value":"5b2f7fbf-5094-4102-b77b-ee8c15373090"}},"isOnPremiseConnection":false,"bypassConsent":false,"dataSets":{},"apiTier":"Standard","actions":["Run"]},"4fbe258f-5d74-40f7-becb-7ae85dd89664":{"id":"/providers/microsoft.powerapps/apis/shared_saperp","displayName":"SAP ERP","iconUri":"https://connectoricons-prod.azureedge.net/releases/v1.0.1637/1.0.1637.3300/saperp/icon.png","dataSources":[],"dependencies":[],"dependents":["9fde6053-9e0d-418d-b2be-77e24ec986eb","cec6d958-ea22-4e2d-bbc9-cfd882b7bfde","66132adb-3899-4a9b-aede-09093b3c25ed","f6a29018-9e14-4e84-ae71-b0d79abc769c","0f7d1d94-3ac3-4c40-b2ec-e881e69c25bc","551ab6a1-a699-4e6b-af27-c9613d83d704","dd91bf1c-bc9b-4287-93d3-56a925ebb00a","3e46e21a-9d51-462d-b6c2-6ad392ea5e92","7d7773f3-6461-452c-9d64-b4f32379c5dc"],"parameterHints":{},"parameterHintsV2":{},"gatewayObjectIdHint":"96bed861-7a28-4141-97dc-de0342bfcedf","isOnPremiseConnection":true,"bypassConsent":false,"dataSets":{},"apiTier":"Premium","authenticationType":"Basic"},"3cbc84c0-5d80-4c6c-ba3a-1c65fd214514":{"id":"/providers/microsoft.powerapps/apis/shared_commondataserviceforapps","displayName":"Microsoft Dataverse","iconUri":"https://connectoricons-prod.azureedge.net/releases/v1.0.1636/1.0.1636.3297/commondataserviceforapps/icon.png","dataSources":[],"dependencies":[],"dependents":["9fde6053-9e0d-418d-b2be-77e24ec986eb","cec6d958-ea22-4e2d-bbc9-cfd882b7bfde","66132adb-3899-4a9b-aede-09093b3c25ed","f6a29018-9e14-4e84-ae71-b0d79abc769c","0f7d1d94-3ac3-4c40-b2ec-e881e69c25bc","551ab6a1-a699-4e6b-af27-c9613d83d704","dd91bf1c-bc9b-4287-93d3-56a925ebb00a","3e46e21a-9d51-462d-b6c2-6ad392ea5e92","7d7773f3-6461-452c-9d64-b4f32379c5dc","2646243a-fe3e-40fe-b223-d56717bef548"],"parameterHints":{},"parameterHintsV2":{},"isOnPremiseConnection":false,"bypassConsent":false,"dataSets":{},"apiTier":"Premium"},"cec6d958-ea22-4e2d-bbc9-cfd882b7bfde":{"id":"/providers/microsoft.powerapps/apis/shared_logicflows","displayName":"Logic flows","iconUri":"https://connectoricons-prod.azureedge.net/u/shgogna/logicflows-specialbuild/1.0.1633.3284/logicflows/icon.png","dataSources":["ReadVendorList"],"dependencies":["4fbe258f-5d74-40f7-becb-7ae85dd89664","3cbc84c0-5d80-4c6c-ba3a-1c65fd214514","5b2f7fbf-5094-4102-b77b-ee8c15373090"],"dependents":[],"parameterHints":{"workflowName":{"value":"6eeb3331-24c2-4111-b48c-7d33a75c661d"},"workflowEntityId":{"value":"63f9fe91-8819-ed11-b83e-000d3a315c79"},"4fbe258f-5d74-40f7-becb-7ae85dd89664":{"value":"shared_saperp_1"},"3cbc84c0-5d80-4c6c-ba3a-1c65fd214514":{"value":"shared_commondataserviceforapps"},"5b2f7fbf-5094-4102-b77b-ee8c15373090":{"value":"shared_office365users_1"}},"parameterHintsV2":{"workflowName":{"value":"6eeb3331-24c2-4111-b48c-7d33a75c661d"},"workflowEntityId":{"value":"63f9fe91-8819-ed11-b83e-000d3a315c79"},"shared_saperp_1":{"value":"4fbe258f-5d74-40f7-becb-7ae85dd89664"},"shared_commondataserviceforapps":{"value":"3cbc84c0-5d80-4c6c-ba3a-1c65fd214514"},"shared_office365users_1":{"value":"5b2f7fbf-5094-4102-b77b-ee8c15373090"}},"isOnPremiseConnection":false,"bypassConsent":false,"dataSets":{},"apiTier":"Standard","actions":["Run"]},"66132adb-3899-4a9b-aede-09093b3c25ed":{"id":"/providers/microsoft.powerapps/apis/shared_logicflows","displayName":"Logic flows","iconUri":"https://connectoricons-prod.azureedge.net/u/shgogna/logicflows-specialbuild/1.0.1633.3284/logicflows/icon.png","dataSources":["ReadVendor"],"dependencies":["4fbe258f-5d74-40f7-becb-7ae85dd89664","3cbc84c0-5d80-4c6c-ba3a-1c65fd214514","5b2f7fbf-5094-4102-b77b-ee8c15373090"],"dependents":[],"parameterHints":{"workflowName":{"value":"51109a52-817a-4471-a956-34b3fab181d3"},"workflowEntityId":{"value":"4a964bfd-ebd3-ed11-a7c7-002248049af9"},"4fbe258f-5d74-40f7-becb-7ae85dd89664":{"value":"shared_saperp"},"3cbc84c0-5d80-4c6c-ba3a-1c65fd214514":{"value":"shared_commondataserviceforapps_2"},"5b2f7fbf-5094-4102-b77b-ee8c15373090":{"value":"shared_office365users_1"}},"parameterHintsV2":{"workflowName":{"value":"51109a52-817a-4471-a956-34b3fab181d3"},"workflowEntityId":{"value":"4a964bfd-ebd3-ed11-a7c7-002248049af9"},"shared_saperp":{"value":"4fbe258f-5d74-40f7-becb-7ae85dd89664"},"shared_commondataserviceforapps_2":{"value":"3cbc84c0-5d80-4c6c-ba3a-1c65fd214514"},"shared_office365users_1":{"value":"5b2f7fbf-5094-4102-b77b-ee8c15373090"}},"isOnPremiseConnection":false,"bypassConsent":false,"dataSets":{},"apiTier":"Standard","actions":["Run"]},"f6a29018-9e14-4e84-ae71-b0d79abc769c":{"id":"/providers/microsoft.powerapps/apis/shared_logicflows","displayName":"Logic flows","iconUri":"https://connectoricons-prod.azureedge.net/u/shgogna/logicflows-specialbuild/1.0.1633.3284/logicflows/icon.png","dataSources":["ReadMaterialList"],"dependencies":["4fbe258f-5d74-40f7-becb-7ae85dd89664","4fbe258f-5d74-40f7-becb-7ae85dd89664","3cbc84c0-5d80-4c6c-ba3a-1c65fd214514","5b2f7fbf-5094-4102-b77b-ee8c15373090"],"dependents":[],"parameterHints":{"workflowName":{"value":"c1ab1689-1d09-4fc4-b9ad-551f7a26119a"},"workflowEntityId":{"value":"28d8aacf-21e5-ed11-a7c6-002248049af9"},"4fbe258f-5d74-40f7-becb-7ae85dd89664":{"value":"shared_saperp_1"},"3cbc84c0-5d80-4c6c-ba3a-1c65fd214514":{"value":"shared_commondataserviceforapps_1"},"5b2f7fbf-5094-4102-b77b-ee8c15373090":{"value":"shared_office365users"}},"parameterHintsV2":{"workflowName":{"value":"c1ab1689-1d09-4fc4-b9ad-551f7a26119a"},"workflowEntityId":{"value":"28d8aacf-21e5-ed11-a7c6-002248049af9"},"shared_saperp":{"value":"4fbe258f-5d74-40f7-becb-7ae85dd89664"},"shared_saperp_1":{"value":"4fbe258f-5d74-40f7-becb-7ae85dd89664"},"shared_commondataserviceforapps_1":{"value":"3cbc84c0-5d80-4c6c-ba3a-1c65fd214514"},"shared_office365users":{"value":"5b2f7fbf-5094-4102-b77b-ee8c15373090"}},"isOnPremiseConnection":false,"bypassConsent":false,"dataSets":{},"apiTier":"Standard","actions":["Run"]},"0f7d1d94-3ac3-4c40-b2ec-e881e69c25bc":{"id":"/providers/microsoft.powerapps/apis/shared_logicflows","displayName":"Logic flows","iconUri":"https://connectoricons-prod.azureedge.net/u/shgogna/logicflows-specialbuild/1.0.1633.3284/logicflows/icon.png","dataSources":["CreateGoodsReceipt"],"dependencies":["4fbe258f-5d74-40f7-becb-7ae85dd89664","3cbc84c0-5d80-4c6c-ba3a-1c65fd214514","5b2f7fbf-5094-4102-b77b-ee8c15373090"],"dependents":[],"parameterHints":{"workflowName":{"value":"fe0a9147-4ce0-41be-846f-bb306f1146df"},"workflowEntityId":{"value":"c7db5284-eae5-ed11-a7c7-0022480492d7"},"4fbe258f-5d74-40f7-becb-7ae85dd89664":{"value":"shared_saperp_1"},"3cbc84c0-5d80-4c6c-ba3a-1c65fd214514":{"value":"shared_commondataserviceforapps_1"},"5b2f7fbf-5094-4102-b77b-ee8c15373090":{"value":"shared_office365users_1"}},"parameterHintsV2":{"workflowName":{"value":"fe0a9147-4ce0-41be-846f-bb306f1146df"},"workflowEntityId":{"value":"c7db5284-eae5-ed11-a7c7-0022480492d7"},"shared_saperp_1":{"value":"4fbe258f-5d74-40f7-becb-7ae85dd89664"},"shared_commondataserviceforapps_1":{"value":"3cbc84c0-5d80-4c6c-ba3a-1c65fd214514"},"shared_office365users_1":{"value":"5b2f7fbf-5094-4102-b77b-ee8c15373090"}},"isOnPremiseConnection":false,"bypassConsent":false,"dataSets":{},"apiTier":"Standard","actions":["Run"]},"551ab6a1-a699-4e6b-af27-c9613d83d704":{"id":"/providers/microsoft.powerapps/apis/shared_logicflows","displayName":"Logic flows","iconUri":"https://connectoricons-prod.azureedge.net/u/shgogna/logicflows-specialbuild/1.0.1633.3284/logicflows/icon.png","dataSources":["ReadPurchaseOrder"],"dependencies":["3cbc84c0-5d80-4c6c-ba3a-1c65fd214514","5b2f7fbf-5094-4102-b77b-ee8c15373090","4fbe258f-5d74-40f7-becb-7ae85dd89664"],"dependents":[],"parameterHints":{"workflowName":{"value":"c033a83f-e573-4d9a-9c93-40a1c5878fb3"},"workflowEntityId":{"value":"568e32c3-eee9-ed11-a7c5-002248049af9"},"3cbc84c0-5d80-4c6c-ba3a-1c65fd214514":{"value":"shared_commondataserviceforapps_1"},"5b2f7fbf-5094-4102-b77b-ee8c15373090":{"value":"shared_office365users_1"},"4fbe258f-5d74-40f7-becb-7ae85dd89664":{"value":"shared_saperp_1"}},"parameterHintsV2":{"workflowName":{"value":"c033a83f-e573-4d9a-9c93-40a1c5878fb3"},"workflowEntityId":{"value":"568e32c3-eee9-ed11-a7c5-002248049af9"},"shared_commondataserviceforapps_1":{"value":"3cbc84c0-5d80-4c6c-ba3a-1c65fd214514"},"shared_office365users_1":{"value":"5b2f7fbf-5094-4102-b77b-ee8c15373090"},"shared_saperp_1":{"value":"4fbe258f-5d74-40f7-becb-7ae85dd89664"}},"isOnPremiseConnection":false,"bypassConsent":false,"dataSets":{},"apiTier":"Standard","actions":["Run"]},"dd91bf1c-bc9b-4287-93d3-56a925ebb00a":{"id":"/providers/microsoft.powerapps/apis/shared_logicflows","displayName":"Logic flows","iconUri":"https://connectoricons-prod.azureedge.net/u/shgogna/logicflows-specialbuild/1.0.1633.3284/logicflows/icon.png","dataSources":["CreatePurchaseOrder"],"dependencies":["4fbe258f-5d74-40f7-becb-7ae85dd89664","3cbc84c0-5d80-4c6c-ba3a-1c65fd214514","5b2f7fbf-5094-4102-b77b-ee8c15373090"],"dependents":[],"parameterHints":{"workflowName":{"value":"52dfbfdb-6474-462a-90d5-7521c6b8baa3"},"workflowEntityId":{"value":"9304b186-f0e9-ed11-a7c5-002248049af9"},"4fbe258f-5d74-40f7-becb-7ae85dd89664":{"value":"shared_saperp_1"},"3cbc84c0-5d80-4c6c-ba3a-1c65fd214514":{"value":"shared_commondataserviceforapps_1"},"5b2f7fbf-5094-4102-b77b-ee8c15373090":{"value":"shared_office365users_1"}},"parameterHintsV2":{"workflowName":{"value":"52dfbfdb-6474-462a-90d5-7521c6b8baa3"},"workflowEntityId":{"value":"9304b186-f0e9-ed11-a7c5-002248049af9"},"shared_saperp_1":{"value":"4fbe258f-5d74-40f7-becb-7ae85dd89664"},"shared_commondataserviceforapps_1":{"value":"3cbc84c0-5d80-4c6c-ba3a-1c65fd214514"},"shared_office365users_1":{"value":"5b2f7fbf-5094-4102-b77b-ee8c15373090"}},"isOnPremiseConnection":false,"bypassConsent":false,"dataSets":{},"apiTier":"Standard","actions":["Run"]},"3e46e21a-9d51-462d-b6c2-6ad392ea5e92":{"id":"/providers/microsoft.powerapps/apis/shared_logicflows","displayName":"Logic flows","iconUri":"https://connectoricons-prod.azureedge.net/u/shgogna/logicflows-specialbuild/1.0.1633.3284/logicflows/icon.png","dataSources":["ReadMaterial"],"dependencies":["4fbe258f-5d74-40f7-becb-7ae85dd89664","3cbc84c0-5d80-4c6c-ba3a-1c65fd214514","5b2f7fbf-5094-4102-b77b-ee8c15373090"],"dependents":[],"parameterHints":{"workflowName":{"value":"52b820ed-43dd-4d3f-a3e7-81c082e21cd6"},"workflowEntityId":{"value":"123f3ee5-72ef-ed11-8849-002248049b8b"},"4fbe258f-5d74-40f7-becb-7ae85dd89664":{"value":"shared_saperp"},"3cbc84c0-5d80-4c6c-ba3a-1c65fd214514":{"value":"shared_commondataserviceforapps"},"5b2f7fbf-5094-4102-b77b-ee8c15373090":{"value":"shared_office365users"}},"parameterHintsV2":{"workflowName":{"value":"52b820ed-43dd-4d3f-a3e7-81c082e21cd6"},"workflowEntityId":{"value":"123f3ee5-72ef-ed11-8849-002248049b8b"},"shared_saperp":{"value":"4fbe258f-5d74-40f7-becb-7ae85dd89664"},"shared_commondataserviceforapps":{"value":"3cbc84c0-5d80-4c6c-ba3a-1c65fd214514"},"shared_office365users":{"value":"5b2f7fbf-5094-4102-b77b-ee8c15373090"}},"isOnPremiseConnection":false,"bypassConsent":false,"dataSets":{},"apiTier":"Standard","actions":["Run"]},"7d7773f3-6461-452c-9d64-b4f32379c5dc":{"id":"/providers/microsoft.powerapps/apis/shared_logicflows","displayName":"Logic flows","iconUri":"https://connectoricons-prod.azureedge.net/u/shgogna/logicflows-specialbuild/1.0.1633.3284/logicflows/icon.png","dataSources":["ApprovePurchaseOrder"],"dependencies":["4fbe258f-5d74-40f7-becb-7ae85dd89664","3cbc84c0-5d80-4c6c-ba3a-1c65fd214514","5b2f7fbf-5094-4102-b77b-ee8c15373090"],"dependents":[],"parameterHints":{"workflowName":{"value":"cc919fcd-317d-4f73-b43b-c6a5c2bb24ad"},"workflowEntityId":{"value":"475f323d-40e8-ed11-a7c6-0022480492d7"},"4fbe258f-5d74-40f7-becb-7ae85dd89664":{"value":"shared_saperp_1"},"3cbc84c0-5d80-4c6c-ba3a-1c65fd214514":{"value":"shared_commondataserviceforapps"},"5b2f7fbf-5094-4102-b77b-ee8c15373090":{"value":"shared_office365users"}},"parameterHintsV2":{"workflowName":{"value":"cc919fcd-317d-4f73-b43b-c6a5c2bb24ad"},"workflowEntityId":{"value":"475f323d-40e8-ed11-a7c6-0022480492d7"},"shared_saperp_1":{"value":"4fbe258f-5d74-40f7-becb-7ae85dd89664"},"shared_commondataserviceforapps":{"value":"3cbc84c0-5d80-4c6c-ba3a-1c65fd214514"},"shared_office365users":{"value":"5b2f7fbf-5094-4102-b77b-ee8c15373090"}},"isOnPremiseConnection":false,"bypassConsent":false,"dataSets":{},"apiTier":"Standard","actions":["Run"]},"2646243a-fe3e-40fe-b223-d56717bef548":{"id":"/providers/microsoft.powerapps/apis/shared_logicflows","displayName":"Logic flows","iconUri":"https://connectoricons-prod.azureedge.net/u/shgogna/logicflows-specialbuild/1.0.1633.3284/logicflows/icon.png","dataSources":["ReadPurchaseOrderList"],"dependencies":["b7d8eb3b-5bd7-486d-a46b-c0a6081f09cb","3cbc84c0-5d80-4c6c-ba3a-1c65fd214514"],"dependents":[],"parameterHints":{"workflowName":{"value":"4cc1757b-86e3-4f64-b2ed-656ce3c0484b"},"workflowEntityId":{"value":"21bad89b-ba19-ed11-b83e-000d3a315c79"},"b7d8eb3b-5bd7-486d-a46b-c0a6081f09cb":{"value":"shared_saperp_1"},"3cbc84c0-5d80-4c6c-ba3a-1c65fd214514":{"value":"shared_commondataserviceforapps_1"}},"parameterHintsV2":{"workflowName":{"value":"4cc1757b-86e3-4f64-b2ed-656ce3c0484b"},"workflowEntityId":{"value":"21bad89b-ba19-ed11-b83e-000d3a315c79"},"shared_saperp_1":{"value":"b7d8eb3b-5bd7-486d-a46b-c0a6081f09cb"},"shared_commondataserviceforapps_1":{"value":"3cbc84c0-5d80-4c6c-ba3a-1c65fd214514"}},"isOnPremiseConnection":false,"bypassConsent":false,"dataSets":{},"apiTier":"Standard","actions":["Run"]},"b7d8eb3b-5bd7-486d-a46b-c0a6081f09cb":{"id":"/providers/microsoft.powerapps/apis/shared_saperp","displayName":"SAP ERP","iconUri":"https://connectoricons-prod.azureedge.net/releases/v1.0.1637/1.0.1637.3300/saperp/icon.png","dataSources":[],"dependencies":[],"dependents":["2646243a-fe3e-40fe-b223-d56717bef548"],"parameterHints":{},"parameterHintsV2":{},"gatewayObjectIdHint":"96bed861-7a28-4141-97dc-de0342bfcedf","isOnPremiseConnection":true,"bypassConsent":false,"dataSets":{},"apiTier":"Premium","authenticationType":"Basic"}}</ConnectionReferences>
      <DatabaseReferences>{"default.cds":{"databaseDetails":{"referenceType":"Environmental","environmentName":"default.cds","overrideValues":{"status":"NotSpecified"}},"dataSources":{"Users":{"entitySetName":"systemusers","logicalName":"systemuser"},"SAP List of Values":{"entitySetName":"mpa_saplistofvalues","logicalName":"mpa_saplistofvalue"},"SAP Localizations":{"entitySetName":"mpa_saplocalizations","logicalName":"mpa_saplocalization"},"SAP Menu Items":{"entitySetName":"mpa_sapmenuitems","logicalName":"mpa_sapmenuitem"},"SAP Search Histories":{"entitySetName":"mpa_sapsearchhistories","logicalName":"mpa_sapsearchhistory"},"SAP Errors":{"entitySetName":"mpa_saperrors","logicalName":"mpa_saperror"}}}}</DatabaseReferences>
      <AppComponents>[]</AppComponents>
      <AppComponentDependencies>[]</AppComponentDependencies>
      <CanConsumeAppPass>1</CanConsumeAppPass>
      <CanvasAppType>0</CanvasAppType>
      <BypassConsent>0</BypassConsent>
      <AdminControlBypassConsent>0</AdminControlBypassConsent>
      <EmbeddedApp xsi:nil="true"></EmbeddedApp>
      <IntroducedVersion>1.0</IntroducedVersion>
      <CdsDependencies>{"cdsdependencies":[{"dependencyid":"87fed265-1f1f-ed11-b83e-000d3a5acccf","componenttype":29,"componenttypeplatformname":"Workflow"},{"dependencyid":"63f9fe91-8819-ed11-b83e-000d3a315c79","componenttype":29,"componenttypeplatformname":"Workflow"},{"dependencyid":"4a964bfd-ebd3-ed11-a7c7-002248049af9","componenttype":29,"componenttypeplatformname":"Workflow"},{"dependencyid":"28d8aacf-21e5-ed11-a7c6-002248049af9","componenttype":29,"componenttypeplatformname":"Workflow"},{"dependencyid":"c7db5284-eae5-ed11-a7c7-0022480492d7","componenttype":29,"componenttypeplatformname":"Workflow"},{"dependencyid":"568e32c3-eee9-ed11-a7c5-002248049af9","componenttype":29,"componenttypeplatformname":"Workflow"},{"dependencyid":"9304b186-f0e9-ed11-a7c5-002248049af9","componenttype":29,"componenttypeplatformname":"Workflow"},{"dependencyid":"123f3ee5-72ef-ed11-8849-002248049b8b","componenttype":29,"componenttypeplatformname":"Workflow"},{"dependencyid":"475f323d-40e8-ed11-a7c6-0022480492d7","componenttype":29,"componenttypeplatformname":"Workflow"},{"dependencyid":"21bad89b-ba19-ed11-b83e-000d3a315c79","componenttype":29,"componenttypeplatformname":"Workflow"},{"logicalname":"systemuser","componenttype":1},{"logicalname":"mpa_saplistofvalue","componenttype":1},{"logicalname":"mpa_saplocalization","componenttype":1},{"logicalname":"mpa_sapmenuitem","componenttype":1},{"logicalname":"mpa_sapsearchhistory","componenttype":1},{"logicalname":"mpa_saperror","componenttype":1}]}</CdsDependencies>
      <IsCustomizable>1</IsCustomizable>
      <BackgroundImageUri>/CanvasApps/mpa_sappurchaseorders_70e14_BackgroundImageUri</BackgroundImageUri>
      <DocumentUri>/CanvasApps/mpa_sappurchaseorders_70e14_DocumentUri.msapp</DocumentUri>
    </CanvasApp>
    <CanvasApp>
      <Name>mpa_saprequisitionmanagement_f3a72</Name>
      <AppVersion>2023-05-25T18:34:29Z</AppVersion>
      <Status>Ready</Status>
      <CreatedByClientVersion>3.23051.23.0</CreatedByClientVersion>
      <MinClientVersion>3.23051.23.0</MinClientVersion>
      <Tags>{"primaryDeviceWidth":"1240","primaryDeviceHeight":"768","supportsPortrait":"true","supportsLandscape":"true","primaryFormFactor":"Tablet","publisherVersion":"3.23051.23","minimumRequiredApiVersion":"2.2.0","hasComponent":"true","hasUnlockedComponent":"true","isUnifiedRootApp":"false","sienaVersion":"20230525T181702Z-3.23051.23.0"}</Tags>
      <IsCdsUpgraded>0</IsCdsUpgraded>
      <GalleryItemId xsi:nil="true"></GalleryItemId>
      <BackgroundColor>rgba(255, 255, 255, 1)</BackgroundColor>
      <DisplayName>SAP Requisition Management</DisplayName>
      <Description>Manage purchasing requisitions within SAP.</Description>
      <CommitMessage xsi:nil="true"></CommitMessage>
      <Publisher></Publisher>
      <AuthorizationReferences>[]</AuthorizationReferences>
      <ConnectionReferences>{"5b2f7fbf-5094-4102-b77b-ee8c15373090":{"id":"/providers/microsoft.powerapps/apis/shared_office365users","displayName":"Office 365 Users","iconUri":"https://connectoricons-prod.azureedge.net/releases/v1.0.1626/1.0.1626.3238/office365users/icon.png","dataSources":["Office365Users"],"dependencies":[],"dependents":["5daae0b0-8e2e-4036-9019-c2bf2e75df35","23c9882e-39e4-468d-8c8b-8788b60da7e5","247bd6fc-f24c-4c8f-872a-f69df00d3b86","e7145fa1-a86a-4c7b-b14a-c34a97a24efe","22c27cd8-b7fb-4b8d-8512-835feb3cb567","d77e83d0-f9e9-4aa1-9fda-9a6ac8c5b403","3257670c-41e0-469b-8be0-ccdcd587a3a2"],"parameterHints":{},"parameterHintsV2":{},"isOnPremiseConnection":false,"bypassConsent":false,"dataSets":{},"apiTier":"Standard","actions":["MyProfile_V2"]},"5daae0b0-8e2e-4036-9019-c2bf2e75df35":{"id":"/providers/microsoft.powerapps/apis/shared_logicflows","displayName":"Logic flows","iconUri":"https://connectoricons-prod.azureedge.net/u/shgogna/logicflows-specialbuild/1.0.1633.3284/logicflows/icon.png","dataSources":["ReadVendor"],"dependencies":["9f7c42fa-73b0-497c-8dcb-27b2bdbb861d","6e055e78-f0cf-4fe1-8bf0-3ce0804d6ad9","5b2f7fbf-5094-4102-b77b-ee8c15373090"],"dependents":[],"parameterHints":{"workflowName":{"value":"a7a9dca4-9dec-4b18-ba55-e56cf327de27"},"workflowEntityId":{"value":"4a964bfd-ebd3-ed11-a7c7-002248049af9"},"9f7c42fa-73b0-497c-8dcb-27b2bdbb861d":{"value":"shared_saperp"},"6e055e78-f0cf-4fe1-8bf0-3ce0804d6ad9":{"value":"shared_commondataserviceforapps_2"},"5b2f7fbf-5094-4102-b77b-ee8c15373090":{"value":"shared_office365users_1"}},"parameterHintsV2":{"workflowName":{"value":"a7a9dca4-9dec-4b18-ba55-e56cf327de27"},"workflowEntityId":{"value":"4a964bfd-ebd3-ed11-a7c7-002248049af9"},"shared_saperp":{"value":"9f7c42fa-73b0-497c-8dcb-27b2bdbb861d"},"shared_commondataserviceforapps_2":{"value":"6e055e78-f0cf-4fe1-8bf0-3ce0804d6ad9"},"shared_office365users_1":{"value":"5b2f7fbf-5094-4102-b77b-ee8c15373090"}},"isOnPremiseConnection":false,"bypassConsent":false,"dataSets":{},"apiTier":"Standard","actions":["Run"]},"9f7c42fa-73b0-497c-8dcb-27b2bdbb861d":{"id":"/providers/microsoft.powerapps/apis/shared_saperp","displayName":"SAP ERP","iconUri":"https://connectoricons-prod.azureedge.net/releases/v1.0.1637/1.0.1637.3300/saperp/icon.png","dataSources":[],"dependencies":[],"dependents":["5daae0b0-8e2e-4036-9019-c2bf2e75df35","23c9882e-39e4-468d-8c8b-8788b60da7e5","247bd6fc-f24c-4c8f-872a-f69df00d3b86","e7145fa1-a86a-4c7b-b14a-c34a97a24efe","22c27cd8-b7fb-4b8d-8512-835feb3cb567","d77e83d0-f9e9-4aa1-9fda-9a6ac8c5b403","3257670c-41e0-469b-8be0-ccdcd587a3a2"],"parameterHints":{},"parameterHintsV2":{},"gatewayObjectIdHint":"96bed861-7a28-4141-97dc-de0342bfcedf","isOnPremiseConnection":true,"bypassConsent":false,"dataSets":{},"apiTier":"Premium","authenticationType":"Basic"},"6e055e78-f0cf-4fe1-8bf0-3ce0804d6ad9":{"id":"/providers/microsoft.powerapps/apis/shared_commondataserviceforapps","displayName":"Microsoft Dataverse","iconUri":"https://connectoricons-prod.azureedge.net/releases/v1.0.1636/1.0.1636.3297/commondataserviceforapps/icon.png","dataSources":[],"dependencies":[],"dependents":["5daae0b0-8e2e-4036-9019-c2bf2e75df35","23c9882e-39e4-468d-8c8b-8788b60da7e5","247bd6fc-f24c-4c8f-872a-f69df00d3b86","e7145fa1-a86a-4c7b-b14a-c34a97a24efe","22c27cd8-b7fb-4b8d-8512-835feb3cb567","d77e83d0-f9e9-4aa1-9fda-9a6ac8c5b403","3257670c-41e0-469b-8be0-ccdcd587a3a2","47693c0e-2291-4977-bca2-514ab99df9cc","fd2ca4c1-072d-433f-a614-27899d1d3245"],"parameterHints":{},"parameterHintsV2":{},"isOnPremiseConnection":false,"bypassConsent":false,"dataSets":{},"apiTier":"Premium"},"23c9882e-39e4-468d-8c8b-8788b60da7e5":{"id":"/providers/microsoft.powerapps/apis/shared_logicflows","displayName":"Logic flows","iconUri":"https://connectoricons-prod.azureedge.net/u/shgogna/logicflows-specialbuild/1.0.1633.3284/logicflows/icon.png","dataSources":["ReadVendorList"],"dependencies":["9f7c42fa-73b0-497c-8dcb-27b2bdbb861d","6e055e78-f0cf-4fe1-8bf0-3ce0804d6ad9","5b2f7fbf-5094-4102-b77b-ee8c15373090"],"dependents":[],"parameterHints":{"workflowName":{"value":"eac6b66c-96c3-413f-922a-9ab6f68ac6f9"},"workflowEntityId":{"value":"63f9fe91-8819-ed11-b83e-000d3a315c79"},"9f7c42fa-73b0-497c-8dcb-27b2bdbb861d":{"value":"shared_saperp_1"},"6e055e78-f0cf-4fe1-8bf0-3ce0804d6ad9":{"value":"shared_commondataserviceforapps"},"5b2f7fbf-5094-4102-b77b-ee8c15373090":{"value":"shared_office365users_1"}},"parameterHintsV2":{"workflowName":{"value":"eac6b66c-96c3-413f-922a-9ab6f68ac6f9"},"workflowEntityId":{"value":"63f9fe91-8819-ed11-b83e-000d3a315c79"},"shared_saperp_1":{"value":"9f7c42fa-73b0-497c-8dcb-27b2bdbb861d"},"shared_commondataserviceforapps":{"value":"6e055e78-f0cf-4fe1-8bf0-3ce0804d6ad9"},"shared_office365users_1":{"value":"5b2f7fbf-5094-4102-b77b-ee8c15373090"}},"isOnPremiseConnection":false,"bypassConsent":false,"dataSets":{},"apiTier":"Standard","actions":["Run"]},"247bd6fc-f24c-4c8f-872a-f69df00d3b86":{"id":"/providers/microsoft.powerapps/apis/shared_logicflows","displayName":"Logic flows","iconUri":"https://connectoricons-prod.azureedge.net/u/shgogna/logicflows-specialbuild/1.0.1633.3284/logicflows/icon.png","dataSources":["ReadMaterialList"],"dependencies":["9f7c42fa-73b0-497c-8dcb-27b2bdbb861d","9f7c42fa-73b0-497c-8dcb-27b2bdbb861d","6e055e78-f0cf-4fe1-8bf0-3ce0804d6ad9","5b2f7fbf-5094-4102-b77b-ee8c15373090"],"dependents":[],"parameterHints":{"workflowName":{"value":"0c200501-095c-40d9-a66b-61cc8e3d4ba0"},"workflowEntityId":{"value":"28d8aacf-21e5-ed11-a7c6-002248049af9"},"9f7c42fa-73b0-497c-8dcb-27b2bdbb861d":{"value":"shared_saperp_1"},"6e055e78-f0cf-4fe1-8bf0-3ce0804d6ad9":{"value":"shared_commondataserviceforapps_1"},"5b2f7fbf-5094-4102-b77b-ee8c15373090":{"value":"shared_office365users"}},"parameterHintsV2":{"workflowName":{"value":"0c200501-095c-40d9-a66b-61cc8e3d4ba0"},"workflowEntityId":{"value":"28d8aacf-21e5-ed11-a7c6-002248049af9"},"shared_saperp":{"value":"9f7c42fa-73b0-497c-8dcb-27b2bdbb861d"},"shared_saperp_1":{"value":"9f7c42fa-73b0-497c-8dcb-27b2bdbb861d"},"shared_commondataserviceforapps_1":{"value":"6e055e78-f0cf-4fe1-8bf0-3ce0804d6ad9"},"shared_office365users":{"value":"5b2f7fbf-5094-4102-b77b-ee8c15373090"}},"isOnPremiseConnection":false,"bypassConsent":false,"dataSets":{},"apiTier":"Standard","actions":["Run"]},"e7145fa1-a86a-4c7b-b14a-c34a97a24efe":{"id":"/providers/microsoft.powerapps/apis/shared_logicflows","displayName":"Logic flows","iconUri":"https://connectoricons-prod.azureedge.net/u/shgogna/logicflows-specialbuild/1.0.1633.3284/logicflows/icon.png","dataSources":["ReadRequisition"],"dependencies":["9f7c42fa-73b0-497c-8dcb-27b2bdbb861d","6e055e78-f0cf-4fe1-8bf0-3ce0804d6ad9","5b2f7fbf-5094-4102-b77b-ee8c15373090"],"dependents":[],"parameterHints":{"workflowName":{"value":"ef6443d3-2735-4b10-96d1-70dd3662676f"},"workflowEntityId":{"value":"717e19c4-f0e5-ed11-a7c7-0022480492d7"},"9f7c42fa-73b0-497c-8dcb-27b2bdbb861d":{"value":"shared_saperp_1"},"6e055e78-f0cf-4fe1-8bf0-3ce0804d6ad9":{"value":"shared_commondataserviceforapps_1"},"5b2f7fbf-5094-4102-b77b-ee8c15373090":{"value":"shared_office365users_1"}},"parameterHintsV2":{"workflowName":{"value":"ef6443d3-2735-4b10-96d1-70dd3662676f"},"workflowEntityId":{"value":"717e19c4-f0e5-ed11-a7c7-0022480492d7"},"shared_saperp_1":{"value":"9f7c42fa-73b0-497c-8dcb-27b2bdbb861d"},"shared_commondataserviceforapps_1":{"value":"6e055e78-f0cf-4fe1-8bf0-3ce0804d6ad9"},"shared_office365users_1":{"value":"5b2f7fbf-5094-4102-b77b-ee8c15373090"}},"isOnPremiseConnection":false,"bypassConsent":false,"dataSets":{},"apiTier":"Standard","actions":["Run"]},"22c27cd8-b7fb-4b8d-8512-835feb3cb567":{"id":"/providers/microsoft.powerapps/apis/shared_logicflows","displayName":"Logic flows","iconUri":"https://connectoricons-prod.azureedge.net/u/shgogna/logicflows-specialbuild/1.0.1633.3284/logicflows/icon.png","dataSources":["ConvertRequisitionToPurchaseOrder"],"dependencies":["9f7c42fa-73b0-497c-8dcb-27b2bdbb861d","6e055e78-f0cf-4fe1-8bf0-3ce0804d6ad9","5b2f7fbf-5094-4102-b77b-ee8c15373090"],"dependents":[],"parameterHints":{"workflowName":{"value":"7864adfb-b744-495c-898e-c22b20508703"},"workflowEntityId":{"value":"e75d6437-f0e5-ed11-a7c7-0022480492d7"},"9f7c42fa-73b0-497c-8dcb-27b2bdbb861d":{"value":"shared_saperp"},"6e055e78-f0cf-4fe1-8bf0-3ce0804d6ad9":{"value":"shared_commondataserviceforapps"},"5b2f7fbf-5094-4102-b77b-ee8c15373090":{"value":"shared_office365users"}},"parameterHintsV2":{"workflowName":{"value":"7864adfb-b744-495c-898e-c22b20508703"},"workflowEntityId":{"value":"e75d6437-f0e5-ed11-a7c7-0022480492d7"},"shared_saperp":{"value":"9f7c42fa-73b0-497c-8dcb-27b2bdbb861d"},"shared_commondataserviceforapps":{"value":"6e055e78-f0cf-4fe1-8bf0-3ce0804d6ad9"},"shared_office365users":{"value":"5b2f7fbf-5094-4102-b77b-ee8c15373090"}},"isOnPremiseConnection":false,"bypassConsent":false,"dataSets":{},"apiTier":"Standard","actions":["Run"]},"d77e83d0-f9e9-4aa1-9fda-9a6ac8c5b403":{"id":"/providers/microsoft.powerapps/apis/shared_logicflows","displayName":"Logic flows","iconUri":"https://connectoricons-prod.azureedge.net/u/shgogna/logicflows-specialbuild/1.0.1633.3284/logicflows/icon.png","dataSources":["ReadMaterial"],"dependencies":["9f7c42fa-73b0-497c-8dcb-27b2bdbb861d","6e055e78-f0cf-4fe1-8bf0-3ce0804d6ad9","5b2f7fbf-5094-4102-b77b-ee8c15373090"],"dependents":[],"parameterHints":{"workflowName":{"value":"b639067d-bff8-4037-b754-e0da039691d4"},"workflowEntityId":{"value":"123f3ee5-72ef-ed11-8849-002248049b8b"},"9f7c42fa-73b0-497c-8dcb-27b2bdbb861d":{"value":"shared_saperp"},"6e055e78-f0cf-4fe1-8bf0-3ce0804d6ad9":{"value":"shared_commondataserviceforapps"},"5b2f7fbf-5094-4102-b77b-ee8c15373090":{"value":"shared_office365users"}},"parameterHintsV2":{"workflowName":{"value":"b639067d-bff8-4037-b754-e0da039691d4"},"workflowEntityId":{"value":"123f3ee5-72ef-ed11-8849-002248049b8b"},"shared_saperp":{"value":"9f7c42fa-73b0-497c-8dcb-27b2bdbb861d"},"shared_commondataserviceforapps":{"value":"6e055e78-f0cf-4fe1-8bf0-3ce0804d6ad9"},"shared_office365users":{"value":"5b2f7fbf-5094-4102-b77b-ee8c15373090"}},"isOnPremiseConnection":false,"bypassConsent":false,"dataSets":{},"apiTier":"Standard","actions":["Run"]},"3257670c-41e0-469b-8be0-ccdcd587a3a2":{"id":"/providers/microsoft.powerapps/apis/shared_logicflows","displayName":"Logic flows","iconUri":"https://connectoricons-prod.azureedge.net/u/shgogna/logicflows-specialbuild/1.0.1633.3284/logicflows/icon.png","dataSources":["ReadRequisitionList"],"dependencies":["9f7c42fa-73b0-497c-8dcb-27b2bdbb861d","6e055e78-f0cf-4fe1-8bf0-3ce0804d6ad9","5b2f7fbf-5094-4102-b77b-ee8c15373090"],"dependents":[],"parameterHints":{"workflowName":{"value":"569d23c2-2d81-4142-a6bc-1e598b06dbaa"},"workflowEntityId":{"value":"69a219b2-78d5-ed11-a7c7-0022480492d7"},"9f7c42fa-73b0-497c-8dcb-27b2bdbb861d":{"value":"shared_saperp"},"6e055e78-f0cf-4fe1-8bf0-3ce0804d6ad9":{"value":"shared_commondataserviceforapps_1"},"5b2f7fbf-5094-4102-b77b-ee8c15373090":{"value":"shared_office365users_1"}},"parameterHintsV2":{"workflowName":{"value":"569d23c2-2d81-4142-a6bc-1e598b06dbaa"},"workflowEntityId":{"value":"69a219b2-78d5-ed11-a7c7-0022480492d7"},"shared_saperp":{"value":"9f7c42fa-73b0-497c-8dcb-27b2bdbb861d"},"shared_commondataserviceforapps_1":{"value":"6e055e78-f0cf-4fe1-8bf0-3ce0804d6ad9"},"shared_office365users_1":{"value":"5b2f7fbf-5094-4102-b77b-ee8c15373090"}},"isOnPremiseConnection":false,"bypassConsent":false,"dataSets":{},"apiTier":"Standard","actions":["Run"]},"47693c0e-2291-4977-bca2-514ab99df9cc":{"id":"/providers/microsoft.powerapps/apis/shared_logicflows","displayName":"Logic flows","iconUri":"https://connectoricons-prod.azureedge.net/u/shgogna/logicflows-specialbuild/1.0.1633.3284/logicflows/icon.png","dataSources":["CreateRequisition"],"dependencies":["6e055e78-f0cf-4fe1-8bf0-3ce0804d6ad9","a50a7a79-1773-4d3a-b7d9-1338905439b0"],"dependents":[],"parameterHints":{"workflowName":{"value":"42906115-917a-4297-af1c-9e3eb522fe8f"},"workflowEntityId":{"value":"2e617526-6660-ed11-9562-000d3a34194b"},"6e055e78-f0cf-4fe1-8bf0-3ce0804d6ad9":{"value":"shared_commondataserviceforapps_1"},"a50a7a79-1773-4d3a-b7d9-1338905439b0":{"value":"shared_saperp_1"}},"parameterHintsV2":{"workflowName":{"value":"42906115-917a-4297-af1c-9e3eb522fe8f"},"workflowEntityId":{"value":"2e617526-6660-ed11-9562-000d3a34194b"},"shared_commondataserviceforapps_1":{"value":"6e055e78-f0cf-4fe1-8bf0-3ce0804d6ad9"},"shared_saperp_1":{"value":"a50a7a79-1773-4d3a-b7d9-1338905439b0"}},"isOnPremiseConnection":false,"bypassConsent":false,"dataSets":{},"apiTier":"Standard","actions":["Run"]},"a50a7a79-1773-4d3a-b7d9-1338905439b0":{"id":"/providers/microsoft.powerapps/apis/shared_saperp","displayName":"SAP ERP","iconUri":"https://connectoricons-prod.azureedge.net/releases/v1.0.1637/1.0.1637.3300/saperp/icon.png","dataSources":[],"dependencies":[],"dependents":["47693c0e-2291-4977-bca2-514ab99df9cc","fd2ca4c1-072d-433f-a614-27899d1d3245"],"parameterHints":{},"parameterHintsV2":{},"gatewayObjectIdHint":"96bed861-7a28-4141-97dc-de0342bfcedf","isOnPremiseConnection":true,"bypassConsent":false,"dataSets":{},"apiTier":"Premium","authenticationType":"Basic"},"fd2ca4c1-072d-433f-a614-27899d1d3245":{"id":"/providers/microsoft.powerapps/apis/shared_logicflows","displayName":"Logic flows","iconUri":"https://connectoricons-prod.azureedge.net/u/shgogna/logicflows-specialbuild/1.0.1633.3284/logicflows/icon.png","dataSources":["UpdateRequisition"],"dependencies":["a50a7a79-1773-4d3a-b7d9-1338905439b0","6e055e78-f0cf-4fe1-8bf0-3ce0804d6ad9"],"dependents":[],"parameterHints":{"workflowName":{"value":"2907f643-cab2-4a72-abf6-60abe41fe057"},"workflowEntityId":{"value":"89223cb2-6a60-ed11-9562-000d3a341930"},"a50a7a79-1773-4d3a-b7d9-1338905439b0":{"value":"shared_saperp_1"},"6e055e78-f0cf-4fe1-8bf0-3ce0804d6ad9":{"value":"shared_commondataserviceforapps_1"}},"parameterHintsV2":{"workflowName":{"value":"2907f643-cab2-4a72-abf6-60abe41fe057"},"workflowEntityId":{"value":"89223cb2-6a60-ed11-9562-000d3a341930"},"shared_saperp_1":{"value":"a50a7a79-1773-4d3a-b7d9-1338905439b0"},"shared_commondataserviceforapps_1":{"value":"6e055e78-f0cf-4fe1-8bf0-3ce0804d6ad9"}},"isOnPremiseConnection":false,"bypassConsent":false,"dataSets":{},"apiTier":"Standard","actions":["Run"]}}</ConnectionReferences>
      <DatabaseReferences>{"default.cds":{"databaseDetails":{"referenceType":"Environmental","environmentName":"default.cds","overrideValues":{"status":"NotSpecified"}},"dataSources":{"Users":{"entitySetName":"systemusers","logicalName":"systemuser"},"SAP List of Values":{"entitySetName":"mpa_saplistofvalues","logicalName":"mpa_saplistofvalue"},"SAP Menu Items":{"entitySetName":"mpa_sapmenuitems","logicalName":"mpa_sapmenuitem"},"SAP Localizations":{"entitySetName":"mpa_saplocalizations","logicalName":"mpa_saplocalization"},"SAP Search Histories":{"entitySetName":"mpa_sapsearchhistories","logicalName":"mpa_sapsearchhistory"},"SAP Errors":{"entitySetName":"mpa_saperrors","logicalName":"mpa_saperror"}}}}</DatabaseReferences>
      <AppComponents>[]</AppComponents>
      <AppComponentDependencies>[]</AppComponentDependencies>
      <CanConsumeAppPass>1</CanConsumeAppPass>
      <CanvasAppType>0</CanvasAppType>
      <BypassConsent>0</BypassConsent>
      <AdminControlBypassConsent>0</AdminControlBypassConsent>
      <EmbeddedApp xsi:nil="true"></EmbeddedApp>
      <IntroducedVersion>1.0</IntroducedVersion>
      <CdsDependencies>{"cdsdependencies":[{"dependencyid":"4a964bfd-ebd3-ed11-a7c7-002248049af9","componenttype":29,"componenttypeplatformname":"Workflow"},{"dependencyid":"63f9fe91-8819-ed11-b83e-000d3a315c79","componenttype":29,"componenttypeplatformname":"Workflow"},{"dependencyid":"28d8aacf-21e5-ed11-a7c6-002248049af9","componenttype":29,"componenttypeplatformname":"Workflow"},{"dependencyid":"717e19c4-f0e5-ed11-a7c7-0022480492d7","componenttype":29,"componenttypeplatformname":"Workflow"},{"dependencyid":"e75d6437-f0e5-ed11-a7c7-0022480492d7","componenttype":29,"componenttypeplatformname":"Workflow"},{"dependencyid":"123f3ee5-72ef-ed11-8849-002248049b8b","componenttype":29,"componenttypeplatformname":"Workflow"},{"dependencyid":"69a219b2-78d5-ed11-a7c7-0022480492d7","componenttype":29,"componenttypeplatformname":"Workflow"},{"dependencyid":"2e617526-6660-ed11-9562-000d3a34194b","componenttype":29,"componenttypeplatformname":"Workflow"},{"dependencyid":"89223cb2-6a60-ed11-9562-000d3a341930","componenttype":29,"componenttypeplatformname":"Workflow"},{"logicalname":"systemuser","componenttype":1},{"logicalname":"mpa_saplistofvalue","componenttype":1},{"logicalname":"mpa_sapmenuitem","componenttype":1},{"logicalname":"mpa_saplocalization","componenttype":1},{"logicalname":"mpa_sapsearchhistory","componenttype":1},{"logicalname":"mpa_saperror","componenttype":1}]}</CdsDependencies>
      <IsCustomizable>1</IsCustomizable>
      <BackgroundImageUri>/CanvasApps/mpa_saprequisitionmanagement_f3a72_BackgroundImageUri</BackgroundImageUri>
      <DocumentUri>/CanvasApps/mpa_saprequisitionmanagement_f3a72_DocumentUri.msapp</DocumentUri>
    </CanvasApp>
    <CanvasApp>
      <Name>mpa_sapvendormanagement_42919</Name>
      <AppVersion>2023-05-25T18:34:36Z</AppVersion>
      <Status>Ready</Status>
      <CreatedByClientVersion>3.23051.23.0</CreatedByClientVersion>
      <MinClientVersion>3.23051.23.0</MinClientVersion>
      <Tags>{"primaryDeviceWidth":"1240","primaryDeviceHeight":"768","supportsPortrait":"true","supportsLandscape":"true","primaryFormFactor":"Tablet","publisherVersion":"3.23051.23","minimumRequiredApiVersion":"2.2.0","hasComponent":"true","hasUnlockedComponent":"true","isUnifiedRootApp":"false","sienaVersion":"20230525T181810Z-3.23051.23.0"}</Tags>
      <IsCdsUpgraded>0</IsCdsUpgraded>
      <GalleryItemId xsi:nil="true"></GalleryItemId>
      <BackgroundColor>rgba(255, 255, 255, 1)</BackgroundColor>
      <DisplayName>SAP Vendor Management</DisplayName>
      <Description>Manage vendors within SAP.</Description>
      <CommitMessage xsi:nil="true"></CommitMessage>
      <Publisher></Publisher>
      <AuthorizationReferences>[]</AuthorizationReferences>
      <ConnectionReferences>{"5b2f7fbf-5094-4102-b77b-ee8c15373090":{"id":"/providers/microsoft.powerapps/apis/shared_office365users","displayName":"Office 365 Users","iconUri":"https://connectoricons-prod.azureedge.net/releases/v1.0.1626/1.0.1626.3238/office365users/icon.png","dataSources":["Office365Users"],"dependencies":[],"dependents":["d6738654-a599-4473-a03d-15808267ff01","0ede3b6e-6129-4654-bfd3-924a9c6202cd","02e1464f-b86f-4f0b-b06e-e9c9840e4757","f3af38a1-4282-4032-b266-53d04a880ada","923d3f95-74ea-4296-a8c7-5bc78787fe2e","65d1e5fe-6f77-4805-9c5f-e3b5e1de8e5b","084a25cf-f062-4923-ae9c-64f150b62ace","2f42e455-98a1-45d2-8843-79d9e6f607ae"],"parameterHints":{},"parameterHintsV2":{},"isOnPremiseConnection":false,"bypassConsent":false,"dataSets":{},"apiTier":"Standard","actions":["MyProfile_V2"]},"d6738654-a599-4473-a03d-15808267ff01":{"id":"/providers/microsoft.powerapps/apis/shared_logicflows","displayName":"Logic flows","iconUri":"https://connectoricons-prod.azureedge.net/u/shgogna/logicflows-specialbuild/1.0.1633.3284/logicflows/icon.png","dataSources":["ReadVendorList"],"dependencies":["d3c86e86-e32e-44f3-9859-d543b4e216e2","38f6ce89-f6a0-469e-9abb-69ef38e8bdee","5b2f7fbf-5094-4102-b77b-ee8c15373090"],"dependents":[],"parameterHints":{"workflowName":{"value":"410aea5f-b927-4892-9e91-24408227437b"},"workflowEntityId":{"value":"63f9fe91-8819-ed11-b83e-000d3a315c79"},"d3c86e86-e32e-44f3-9859-d543b4e216e2":{"value":"shared_saperp_1"},"38f6ce89-f6a0-469e-9abb-69ef38e8bdee":{"value":"shared_commondataserviceforapps"},"5b2f7fbf-5094-4102-b77b-ee8c15373090":{"value":"shared_office365users_1"}},"parameterHintsV2":{"workflowName":{"value":"410aea5f-b927-4892-9e91-24408227437b"},"workflowEntityId":{"value":"63f9fe91-8819-ed11-b83e-000d3a315c79"},"shared_saperp_1":{"value":"d3c86e86-e32e-44f3-9859-d543b4e216e2"},"shared_commondataserviceforapps":{"value":"38f6ce89-f6a0-469e-9abb-69ef38e8bdee"},"shared_office365users_1":{"value":"5b2f7fbf-5094-4102-b77b-ee8c15373090"}},"isOnPremiseConnection":false,"bypassConsent":false,"dataSets":{},"apiTier":"Standard","actions":["Run"]},"d3c86e86-e32e-44f3-9859-d543b4e216e2":{"id":"/providers/microsoft.powerapps/apis/shared_saperp","displayName":"SAP ERP","iconUri":"https://connectoricons-prod.azureedge.net/releases/v1.0.1637/1.0.1637.3300/saperp/icon.png","dataSources":[],"dependencies":[],"dependents":["d6738654-a599-4473-a03d-15808267ff01","0ede3b6e-6129-4654-bfd3-924a9c6202cd","02e1464f-b86f-4f0b-b06e-e9c9840e4757","f3af38a1-4282-4032-b266-53d04a880ada","923d3f95-74ea-4296-a8c7-5bc78787fe2e","65d1e5fe-6f77-4805-9c5f-e3b5e1de8e5b","084a25cf-f062-4923-ae9c-64f150b62ace","2f42e455-98a1-45d2-8843-79d9e6f607ae"],"parameterHints":{},"parameterHintsV2":{},"gatewayObjectIdHint":"96bed861-7a28-4141-97dc-de0342bfcedf","isOnPremiseConnection":true,"bypassConsent":false,"dataSets":{},"apiTier":"Premium","authenticationType":"Basic"},"38f6ce89-f6a0-469e-9abb-69ef38e8bdee":{"id":"/providers/microsoft.powerapps/apis/shared_commondataserviceforapps","displayName":"Microsoft Dataverse","iconUri":"https://connectoricons-prod.azureedge.net/releases/v1.0.1636/1.0.1636.3297/commondataserviceforapps/icon.png","dataSources":[],"dependencies":[],"dependents":["d6738654-a599-4473-a03d-15808267ff01","0ede3b6e-6129-4654-bfd3-924a9c6202cd","02e1464f-b86f-4f0b-b06e-e9c9840e4757","f3af38a1-4282-4032-b266-53d04a880ada","923d3f95-74ea-4296-a8c7-5bc78787fe2e","65d1e5fe-6f77-4805-9c5f-e3b5e1de8e5b","084a25cf-f062-4923-ae9c-64f150b62ace","2f42e455-98a1-45d2-8843-79d9e6f607ae"],"parameterHints":{},"parameterHintsV2":{},"isOnPremiseConnection":false,"bypassConsent":false,"dataSets":{},"apiTier":"Premium"},"0ede3b6e-6129-4654-bfd3-924a9c6202cd":{"id":"/providers/microsoft.powerapps/apis/shared_logicflows","displayName":"Logic flows","iconUri":"https://connectoricons-prod.azureedge.net/u/shgogna/logicflows-specialbuild/1.0.1633.3284/logicflows/icon.png","dataSources":["UpdateVendor"],"dependencies":["d3c86e86-e32e-44f3-9859-d543b4e216e2","38f6ce89-f6a0-469e-9abb-69ef38e8bdee","5b2f7fbf-5094-4102-b77b-ee8c15373090"],"dependents":[],"parameterHints":{"workflowName":{"value":"5a55bc3d-c50b-4ac2-8695-002fdd5736bf"},"workflowEntityId":{"value":"cb4f0971-07d5-ed11-a7c7-0022480492d7"},"d3c86e86-e32e-44f3-9859-d543b4e216e2":{"value":"shared_saperp"},"38f6ce89-f6a0-469e-9abb-69ef38e8bdee":{"value":"shared_commondataserviceforapps"},"5b2f7fbf-5094-4102-b77b-ee8c15373090":{"value":"shared_office365users_1"}},"parameterHintsV2":{"workflowName":{"value":"5a55bc3d-c50b-4ac2-8695-002fdd5736bf"},"workflowEntityId":{"value":"cb4f0971-07d5-ed11-a7c7-0022480492d7"},"shared_saperp":{"value":"d3c86e86-e32e-44f3-9859-d543b4e216e2"},"shared_commondataserviceforapps":{"value":"38f6ce89-f6a0-469e-9abb-69ef38e8bdee"},"shared_office365users_1":{"value":"5b2f7fbf-5094-4102-b77b-ee8c15373090"}},"isOnPremiseConnection":false,"bypassConsent":false,"dataSets":{},"apiTier":"Standard","actions":["Run"]},"02e1464f-b86f-4f0b-b06e-e9c9840e4757":{"id":"/providers/microsoft.powerapps/apis/shared_logicflows","displayName":"Logic flows","iconUri":"https://connectoricons-prod.azureedge.net/u/shgogna/logicflows-specialbuild/1.0.1633.3284/logicflows/icon.png","dataSources":["ReadGLAccount"],"dependencies":["d3c86e86-e32e-44f3-9859-d543b4e216e2","38f6ce89-f6a0-469e-9abb-69ef38e8bdee","5b2f7fbf-5094-4102-b77b-ee8c15373090"],"dependents":[],"parameterHints":{"workflowName":{"value":"961a83aa-1163-4aef-bd93-ff490ddcf208"},"workflowEntityId":{"value":"9df25ea5-81e0-ed11-a7c7-0022480492d7"},"d3c86e86-e32e-44f3-9859-d543b4e216e2":{"value":"shared_saperp_1"},"38f6ce89-f6a0-469e-9abb-69ef38e8bdee":{"value":"shared_commondataserviceforapps"},"5b2f7fbf-5094-4102-b77b-ee8c15373090":{"value":"shared_office365users_1"}},"parameterHintsV2":{"workflowName":{"value":"961a83aa-1163-4aef-bd93-ff490ddcf208"},"workflowEntityId":{"value":"9df25ea5-81e0-ed11-a7c7-0022480492d7"},"shared_saperp_1":{"value":"d3c86e86-e32e-44f3-9859-d543b4e216e2"},"shared_commondataserviceforapps":{"value":"38f6ce89-f6a0-469e-9abb-69ef38e8bdee"},"shared_office365users_1":{"value":"5b2f7fbf-5094-4102-b77b-ee8c15373090"}},"isOnPremiseConnection":false,"bypassConsent":false,"dataSets":{},"apiTier":"Standard","actions":["Run"]},"f3af38a1-4282-4032-b266-53d04a880ada":{"id":"/providers/microsoft.powerapps/apis/shared_logicflows","displayName":"Logic flows","iconUri":"https://connectoricons-prod.azureedge.net/u/shgogna/logicflows-specialbuild/1.0.1633.3284/logicflows/icon.png","dataSources":["ReadPurchaseOrderList"],"dependencies":["d3c86e86-e32e-44f3-9859-d543b4e216e2","38f6ce89-f6a0-469e-9abb-69ef38e8bdee","5b2f7fbf-5094-4102-b77b-ee8c15373090"],"dependents":[],"parameterHints":{"workflowName":{"value":"9fc391c5-4771-4400-a032-c1d5e9492f6d"},"workflowEntityId":{"value":"21bad89b-ba19-ed11-b83e-000d3a315c79"},"d3c86e86-e32e-44f3-9859-d543b4e216e2":{"value":"shared_saperp_1"},"38f6ce89-f6a0-469e-9abb-69ef38e8bdee":{"value":"shared_commondataserviceforapps_1"},"5b2f7fbf-5094-4102-b77b-ee8c15373090":{"value":"shared_office365users_1"}},"parameterHintsV2":{"workflowName":{"value":"9fc391c5-4771-4400-a032-c1d5e9492f6d"},"workflowEntityId":{"value":"21bad89b-ba19-ed11-b83e-000d3a315c79"},"shared_saperp_1":{"value":"d3c86e86-e32e-44f3-9859-d543b4e216e2"},"shared_commondataserviceforapps_1":{"value":"38f6ce89-f6a0-469e-9abb-69ef38e8bdee"},"shared_office365users_1":{"value":"5b2f7fbf-5094-4102-b77b-ee8c15373090"}},"isOnPremiseConnection":false,"bypassConsent":false,"dataSets":{},"apiTier":"Standard","actions":["Run"]},"923d3f95-74ea-4296-a8c7-5bc78787fe2e":{"id":"/providers/microsoft.powerapps/apis/shared_logicflows","displayName":"Logic flows","iconUri":"https://connectoricons-prod.azureedge.net/u/shgogna/logicflows-specialbuild/1.0.1633.3284/logicflows/icon.png","dataSources":["CreateVendor"],"dependencies":["d3c86e86-e32e-44f3-9859-d543b4e216e2","38f6ce89-f6a0-469e-9abb-69ef38e8bdee","5b2f7fbf-5094-4102-b77b-ee8c15373090","38f6ce89-f6a0-469e-9abb-69ef38e8bdee"],"dependents":[],"parameterHints":{"workflowName":{"value":"d5d994c4-c444-4f5e-ad5d-222f871323cc"},"workflowEntityId":{"value":"71c043f3-25d3-ed11-a7c7-0022480492d7"},"d3c86e86-e32e-44f3-9859-d543b4e216e2":{"value":"shared_saperp_1"},"38f6ce89-f6a0-469e-9abb-69ef38e8bdee":{"value":"shared_commondataserviceforapps"},"5b2f7fbf-5094-4102-b77b-ee8c15373090":{"value":"shared_office365users_1"}},"parameterHintsV2":{"workflowName":{"value":"d5d994c4-c444-4f5e-ad5d-222f871323cc"},"workflowEntityId":{"value":"71c043f3-25d3-ed11-a7c7-0022480492d7"},"shared_saperp_1":{"value":"d3c86e86-e32e-44f3-9859-d543b4e216e2"},"shared_commondataserviceforapps_2":{"value":"38f6ce89-f6a0-469e-9abb-69ef38e8bdee"},"shared_office365users_1":{"value":"5b2f7fbf-5094-4102-b77b-ee8c15373090"},"shared_commondataserviceforapps":{"value":"38f6ce89-f6a0-469e-9abb-69ef38e8bdee"}},"isOnPremiseConnection":false,"bypassConsent":false,"dataSets":{},"apiTier":"Standard","actions":["Run"]},"65d1e5fe-6f77-4805-9c5f-e3b5e1de8e5b":{"id":"/providers/microsoft.powerapps/apis/shared_logicflows","displayName":"Logic flows","iconUri":"https://connectoricons-prod.azureedge.net/u/shgogna/logicflows-specialbuild/1.0.1633.3284/logicflows/icon.png","dataSources":["ReadGLAccountList"],"dependencies":["d3c86e86-e32e-44f3-9859-d543b4e216e2","38f6ce89-f6a0-469e-9abb-69ef38e8bdee","5b2f7fbf-5094-4102-b77b-ee8c15373090"],"dependents":[],"parameterHints":{"workflowName":{"value":"97efa22c-aa59-447b-aeaa-e5d77076e7df"},"workflowEntityId":{"value":"0e9e01b5-6fe0-ed11-a7c6-002248049af9"},"d3c86e86-e32e-44f3-9859-d543b4e216e2":{"value":"shared_saperp"},"38f6ce89-f6a0-469e-9abb-69ef38e8bdee":{"value":"shared_commondataserviceforapps"},"5b2f7fbf-5094-4102-b77b-ee8c15373090":{"value":"shared_office365users_1"}},"parameterHintsV2":{"workflowName":{"value":"97efa22c-aa59-447b-aeaa-e5d77076e7df"},"workflowEntityId":{"value":"0e9e01b5-6fe0-ed11-a7c6-002248049af9"},"shared_saperp":{"value":"d3c86e86-e32e-44f3-9859-d543b4e216e2"},"shared_commondataserviceforapps":{"value":"38f6ce89-f6a0-469e-9abb-69ef38e8bdee"},"shared_office365users_1":{"value":"5b2f7fbf-5094-4102-b77b-ee8c15373090"}},"isOnPremiseConnection":false,"bypassConsent":false,"dataSets":{},"apiTier":"Standard","actions":["Run"]},"084a25cf-f062-4923-ae9c-64f150b62ace":{"id":"/providers/microsoft.powerapps/apis/shared_logicflows","displayName":"Logic flows","iconUri":"https://connectoricons-prod.azureedge.net/u/shgogna/logicflows-specialbuild/1.0.1633.3284/logicflows/icon.png","dataSources":["ReadVendor"],"dependencies":["d3c86e86-e32e-44f3-9859-d543b4e216e2","38f6ce89-f6a0-469e-9abb-69ef38e8bdee","5b2f7fbf-5094-4102-b77b-ee8c15373090"],"dependents":[],"parameterHints":{"workflowName":{"value":"f465dff8-52ae-4ee1-ab0f-c9a20528bc2a"},"workflowEntityId":{"value":"4a964bfd-ebd3-ed11-a7c7-002248049af9"},"d3c86e86-e32e-44f3-9859-d543b4e216e2":{"value":"shared_saperp"},"38f6ce89-f6a0-469e-9abb-69ef38e8bdee":{"value":"shared_commondataserviceforapps_2"},"5b2f7fbf-5094-4102-b77b-ee8c15373090":{"value":"shared_office365users_1"}},"parameterHintsV2":{"workflowName":{"value":"f465dff8-52ae-4ee1-ab0f-c9a20528bc2a"},"workflowEntityId":{"value":"4a964bfd-ebd3-ed11-a7c7-002248049af9"},"shared_saperp":{"value":"d3c86e86-e32e-44f3-9859-d543b4e216e2"},"shared_commondataserviceforapps_2":{"value":"38f6ce89-f6a0-469e-9abb-69ef38e8bdee"},"shared_office365users_1":{"value":"5b2f7fbf-5094-4102-b77b-ee8c15373090"}},"isOnPremiseConnection":false,"bypassConsent":false,"dataSets":{},"apiTier":"Standard","actions":["Run"]},"2f42e455-98a1-45d2-8843-79d9e6f607ae":{"id":"/providers/microsoft.powerapps/apis/shared_logicflows","displayName":"Logic flows","iconUri":"https://connectoricons-prod.azureedge.net/u/shgogna/logicflows-specialbuild/1.0.1633.3284/logicflows/icon.png","dataSources":["ReadRequisitionList"],"dependencies":["d3c86e86-e32e-44f3-9859-d543b4e216e2","38f6ce89-f6a0-469e-9abb-69ef38e8bdee","5b2f7fbf-5094-4102-b77b-ee8c15373090"],"dependents":[],"parameterHints":{"workflowName":{"value":"02b32510-4abf-4d52-985c-bd9997f9839d"},"workflowEntityId":{"value":"69a219b2-78d5-ed11-a7c7-0022480492d7"},"d3c86e86-e32e-44f3-9859-d543b4e216e2":{"value":"shared_saperp"},"38f6ce89-f6a0-469e-9abb-69ef38e8bdee":{"value":"shared_commondataserviceforapps_1"},"5b2f7fbf-5094-4102-b77b-ee8c15373090":{"value":"shared_office365users_1"}},"parameterHintsV2":{"workflowName":{"value":"02b32510-4abf-4d52-985c-bd9997f9839d"},"workflowEntityId":{"value":"69a219b2-78d5-ed11-a7c7-0022480492d7"},"shared_saperp":{"value":"d3c86e86-e32e-44f3-9859-d543b4e216e2"},"shared_commondataserviceforapps_1":{"value":"38f6ce89-f6a0-469e-9abb-69ef38e8bdee"},"shared_office365users_1":{"value":"5b2f7fbf-5094-4102-b77b-ee8c15373090"}},"isOnPremiseConnection":false,"bypassConsent":false,"dataSets":{},"apiTier":"Standard","actions":["Run"]}}</ConnectionReferences>
      <DatabaseReferences>{"default.cds":{"databaseDetails":{"referenceType":"Environmental","environmentName":"default.cds","overrideValues":{"status":"NotSpecified"}},"dataSources":{"Users":{"entitySetName":"systemusers","logicalName":"systemuser"},"SAP Menu Items":{"entitySetName":"mpa_sapmenuitems","logicalName":"mpa_sapmenuitem"},"SAP Localizations":{"entitySetName":"mpa_saplocalizations","logicalName":"mpa_saplocalization"},"SAP List of Values":{"entitySetName":"mpa_saplistofvalues","logicalName":"mpa_saplistofvalue"},"SAP Search Histories":{"entitySetName":"mpa_sapsearchhistories","logicalName":"mpa_sapsearchhistory"},"SAP Errors":{"entitySetName":"mpa_saperrors","logicalName":"mpa_saperror"}}}}</DatabaseReferences>
      <AppComponents>[]</AppComponents>
      <AppComponentDependencies>[]</AppComponentDependencies>
      <CanConsumeAppPass>1</CanConsumeAppPass>
      <CanvasAppType>0</CanvasAppType>
      <BypassConsent>0</BypassConsent>
      <AdminControlBypassConsent>0</AdminControlBypassConsent>
      <EmbeddedApp xsi:nil="true"></EmbeddedApp>
      <IntroducedVersion>1.0</IntroducedVersion>
      <CdsDependencies>{"cdsdependencies":[{"dependencyid":"63f9fe91-8819-ed11-b83e-000d3a315c79","componenttype":29,"componenttypeplatformname":"Workflow"},{"dependencyid":"cb4f0971-07d5-ed11-a7c7-0022480492d7","componenttype":29,"componenttypeplatformname":"Workflow"},{"dependencyid":"9df25ea5-81e0-ed11-a7c7-0022480492d7","componenttype":29,"componenttypeplatformname":"Workflow"},{"dependencyid":"21bad89b-ba19-ed11-b83e-000d3a315c79","componenttype":29,"componenttypeplatformname":"Workflow"},{"dependencyid":"71c043f3-25d3-ed11-a7c7-0022480492d7","componenttype":29,"componenttypeplatformname":"Workflow"},{"dependencyid":"0e9e01b5-6fe0-ed11-a7c6-002248049af9","componenttype":29,"componenttypeplatformname":"Workflow"},{"dependencyid":"4a964bfd-ebd3-ed11-a7c7-002248049af9","componenttype":29,"componenttypeplatformname":"Workflow"},{"dependencyid":"69a219b2-78d5-ed11-a7c7-0022480492d7","componenttype":29,"componenttypeplatformname":"Workflow"},{"logicalname":"systemuser","componenttype":1},{"logicalname":"mpa_sapmenuitem","componenttype":1},{"logicalname":"mpa_saplocalization","componenttype":1},{"logicalname":"mpa_saplistofvalue","componenttype":1},{"logicalname":"mpa_sapsearchhistory","componenttype":1},{"logicalname":"mpa_saperror","componenttype":1}]}</CdsDependencies>
      <IsCustomizable>1</IsCustomizable>
      <BackgroundImageUri>/CanvasApps/mpa_sapvendormanagement_42919_BackgroundImageUri</BackgroundImageUri>
      <DocumentUri>/CanvasApps/mpa_sapvendormanagement_42919_DocumentUri.msapp</DocumentUri>
    </CanvasApp>
  </CanvasApps>
  <connectionreferences>
    <connectionreference connectionreferencelogicalname="mpa_SAPDataverse">
      <connectionreferencedisplayname>SAP Dataverse Connection</connectionreferencedisplayname>
      <connectorid>/providers/Microsoft.PowerApps/apis/shared_commondataserviceforapps</connectorid>
      <description>Used by flows when creating an error exception record in Dataverse</description>
      <iscustomizable>1</iscustomizable>
      <statecode>0</statecode>
      <statuscode>1</statuscode>
    </connectionreference>
    <connectionreference connectionreferencelogicalname="mpa_SAPERP">
      <connectionreferencedisplayname>SAP ERP Connection</connectionreferencedisplayname>
      <connectorid>/providers/Microsoft.PowerApps/apis/shared_saperp</connectorid>
      <iscustomizable>1</iscustomizable>
      <statecode>0</statecode>
      <statuscode>1</statuscode>
    </connectionreference>
  </connectionreferences>
  <Languages>
    <Language>1033</Language>
  </Languages>
</ImportExportXml>