<environmentvariabledefinition schemaname="mpa_HardwareRequestAppURL">
  <description default="Used to store the URL of the Hardware Request canvas app">
    <label description="Used to store the URL of the Hardware Request canvas app" languagecode="1033" />
  </description>
  <displayname default="Hardware Request App URL">
    <label description="Hardware Request App URL" languagecode="1033" />
  </displayname>
  <introducedversion>1.0.0.0</introducedversion>
  <iscustomizable>1</iscustomizable>
  <isrequired>0</isrequired>
  <secretstore>0</secretstore>
  <type>100000000</type>
</environmentvariabledefinition>