<powerpagecomponent powerpagecomponentid="36dc505c-cae6-ee11-904d-000d3a33da23">
  <content>{
  "filecontent": null,
  "partialurl": "demo-profile-deleted",
  "feedbackpolicy": 756150000,
  "excludefromsearch": false,
  "hiddenfromsitemap": false,
  "enablerating": false,
  "isroot": false,
  "sharedpageconfiguration": true,
  "publishingstateid": "9137c988-52cc-46f0-8cea-e558f5887e5f",
  "pagetemplateid": "5303c14c-7ff4-494a-a44b-a19a62c9889a",
  "parentpageid": "94db5e36-8ed1-4567-baae-1b38a4b71d4c",
  "isofflinecached": false,
  "rootwebpageid": "6a332b56-cae6-ee11-904d-000d3a33da23",
  "copy": "{% include 'Vendor Details Template' numberofListRecord: \"5\" showRecordFlowUrl:\"/_api/cloudflow/v1.0/trigger/1f5b96c3-9e51-c5ea-abb3-a0b76f8bac3e\" %}\n&lt;div id=\"vendorIdDiv\"&gt;&lt;/div&gt;\n&lt;div id=\"imvksp\" class=\"row sectionBlockLayout text-start\" style=\"display: flex; flex-wrap: wrap; margin: 0px; min-height: auto; padding: 8px;\"&gt;\n  &lt;div id=\"iaj7sg\" class=\"container\" style=\"padding: 0px; display: flex; flex-wrap: wrap;\"&gt;&lt;div class=\"col-lg-12 columnBlockLayout\" style=\"flex-grow: 1; display: flex; flex-direction: column; min-width: 250px; word-break: break-word;\"&gt;&lt;/div&gt;&lt;/div&gt;\n&lt;/div&gt;\n"
}</content>
  <iscustomizable>1</iscustomizable>
  <name>Demo Profile Page-deleted</name>
  <powerpagecomponenttype>2</powerpagecomponenttype>
  <powerpagesiteid>
    <powerpagesiteid>99af4f03-6a66-4c36-963b-164265f26ce8</powerpagesiteid>
  </powerpagesiteid>
  <powerpagesitelanguageid>
    <powerpagesitelanguageid>732bd198-dcfc-406a-8b9e-0375589318f3</powerpagesitelanguageid>
  </powerpagesitelanguageid>
  <searchcontent>{% include 'Vendor Details Template' numberofListRecord: "5" showRecordFlowUrl:"/_api/cloudflow/v1.0/trigger/1f5b96c3-9e51-c5ea-abb3-a0b76f8bac3e" %}
&lt;div id="vendorIdDiv"&gt;&lt;/div&gt;
&lt;div id="imvksp" class="row sectionBlockLayout text-start" style="display: flex; flex-wrap: wrap; margin: 0px; min-height: auto; padding: 8px;"&gt;
  &lt;div id="iaj7sg" class="container" style="padding: 0px; display: flex; flex-wrap: wrap;"&gt;&lt;div class="col-lg-12 columnBlockLayout" style="flex-grow: 1; display: flex; flex-direction: column; min-width: 250px; word-break: break-word;"&gt;&lt;/div&gt;&lt;/div&gt;
&lt;/div&gt;
Demo Profile Page-deleted</searchcontent>
  <statecode>1</statecode>
  <statuscode>2</statuscode>
</powerpagecomponent>