<powerpagecomponent powerpagecomponentid="79ccf463-a6e0-4772-a129-f25ddb282a18">
  <content>{"source":"{% extends 'Layout 1 Column' %}\r\n\r\n{% block title %}\r\n  {% if page.children.size &gt; 0 %}\r\n    {% include 'Tab Header' %}\r\n  {% else %}\r\n    {% include 'Page Header' %}\r\n  {% endif %}\r\n{% endblock %}"}</content>
  <iscustomizable>1</iscustomizable>
  <name>Category</name>
  <powerpagecomponenttype>8</powerpagecomponenttype>
  <powerpagesiteid>
    <powerpagesiteid>99af4f03-6a66-4c36-963b-164265f26ce8</powerpagesiteid>
  </powerpagesiteid>
  <statecode>0</statecode>
  <statuscode>1</statuscode>
</powerpagecomponent>