<powerpagecomponent powerpagecomponentid="36174bf6-c7e1-ee11-904d-000d3a33da23">
  <content>{
  "source": "&lt;script&gt;\r\n   (function(webapi, $){\r\n    function safeAjax(ajaxOptions) {\r\n        var deferredAjax = $.Deferred();\r\n        shell.getTokenDeferred().done(function (token) {\r\n            // add headers for AJAX\r\n            if (!ajaxOptions.headers) {\r\n                $.extend(ajaxOptions, {\r\n                    headers: {\r\n                        \"__RequestVerificationToken\": token\r\n                    }\r\n                });\r\n            } else {\r\n                ajaxOptions.headers[\"__RequestVerificationToken\"] = token;\r\n            }\r\n            $.ajax(ajaxOptions)\r\n                .done(function(data, textStatus, jqXHR) {\r\n                    validateLoginSession(data, textStatus, jqXHR, deferredAjax.resolve);\r\n                }).fail(deferredAjax.reject); //AJAX\r\n        }).fail(function () {\r\n            deferredAjax.rejectWith(this, arguments); // on token failure pass the token AJAX and args\r\n        });\r\n        return deferredAjax.promise();\r\n    }\r\n    webapi.safeAjax = safeAjax;\r\n})(window.webapi = window.webapi || {}, jQuery)\r\n &lt;/script&gt;"
}</content>
  <iscustomizable>1</iscustomizable>
  <name>Portal API Wrapper</name>
  <powerpagecomponenttype>8</powerpagecomponenttype>
  <powerpagesiteid>
    <powerpagesiteid>99af4f03-6a66-4c36-963b-164265f26ce8</powerpagesiteid>
  </powerpagesiteid>
  <statecode>0</statecode>
  <statuscode>1</statuscode>
</powerpagecomponent>