<powerpagecomponent powerpagecomponentid="f1807e95-e73e-930e-c588-97a6315b3f70">
  <content>{
  "filecontent": null,
  "displayorder": 3,
  "customcss": "",
  "customjavascript": "",
  "pagetemplateid": "5303c14c-7ff4-494a-a44b-a19a62c9889a",
  "parentpageid": "c974b6d8-60bf-9a54-0ab8-3444f1c314bb",
  "partialurl": "Create-Invoice",
  "isroot": true,
  "title": "Create Invoice",
  "summary": "&lt;p&gt;This is a sample landing page designed to be a starting point for your website&lt;/p&gt;",
  "copy": "",
  "publishingstateid": "9137c988-52cc-46f0-8cea-e558f5887e5f",
  "enablerating": false,
  "enabletracking": false,
  "excludefromsearch": false,
  "hiddenfromsitemap": true,
  "sharedpageconfiguration": false
}</content>
  <iscustomizable>1</iscustomizable>
  <name>Create Invoice</name>
  <powerpagecomponenttype>2</powerpagecomponenttype>
  <powerpagesiteid>
    <powerpagesiteid>99af4f03-6a66-4c36-963b-164265f26ce8</powerpagesiteid>
  </powerpagesiteid>
  <searchcontent>Create InvoiceCreate Invoice</searchcontent>
  <statecode>0</statecode>
  <statuscode>1</statuscode>
</powerpagecomponent>