<powerpagecomponent powerpagecomponentid="7ba1875a-eee6-ee11-904d-000d3a33da23">
  <content>{"adx_flowapiurl":"https://bs5-supplierportaldev.powerappsportals.com/_api/cloudflow/v1.0/trigger/ed859a8e-75a2-b031-32c0-eb9c6032c31d","adx_flowtriggerurl":"https://unitedstates-002.azure-apim.net:443/apim/logicflows/ED859A8E75A2B03132C0EB9C6032C31D-D9E4340A55466E65/triggers/manual/run?api-version=2016-06-01","adx_metadata":"ed859a8e-75a2-b031-32c0-eb9c6032c31d","adx_CloudFlowConsumer_adx_webrole":["898380ee-66fb-45a2-8320-27e6e2ff6103"],"_adx_processid_value":"ba09fdd8-eae6-ee11-904d-000d3a33d34f"}</content>
  <iscustomizable>1</iscustomizable>
  <name>Power Pages CreateVendorInvoice</name>
  <powerpagecomponenttype>33</powerpagecomponenttype>
  <powerpagesiteid>
    <powerpagesiteid>99af4f03-6a66-4c36-963b-164265f26ce8</powerpagesiteid>
  </powerpagesiteid>
  <statecode>0</statecode>
  <statuscode>1</statuscode>
</powerpagecomponent>