<powerpagecomponent powerpagecomponentid="72e58f69-8102-ef11-a1fd-00224808e317">
  <content>{"value":"{\"invoices\":{\"type\":\"grid\",\"columns\":[{\"data\":\"InvoiceNumber\",\"title\":\"Invoice Number\"},{\"data\":\"CreatedOn\",\"title\":\"Created On\"},{\"data\":\"Amount\",\"title\":\"Amount\"},{\"data\":\"Status\",\"title\":\"Status\"},{\"data\":\"Currency\",\"title\":\"Currency\"}]}}","display_name":"InvoiceListMetadata","type":756150000}</content>
  <iscustomizable>1</iscustomizable>
  <name>InvoiceListMetadata</name>
  <powerpagecomponenttype>7</powerpagecomponenttype>
  <powerpagesiteid>
    <powerpagesiteid>99af4f03-6a66-4c36-963b-164265f26ce8</powerpagesiteid>
  </powerpagesiteid>
  <powerpagesitelanguageid>
    <powerpagesitelanguageid>732bd198-dcfc-406a-8b9e-0375589318f3</powerpagesitelanguageid>
  </powerpagesitelanguageid>
  <statecode>0</statecode>
  <statuscode>1</statuscode>
</powerpagecomponent>