<powerpagecomponent powerpagecomponentid="2edae81e-0fb9-455f-a6a0-4ad38fd89d9f">
  <content>{"display_name":"Account/Set Password/Email","type":756150000,"value":"Email"}</content>
  <iscustomizable>1</iscustomizable>
  <name>Account/SetPassword/Email</name>
  <powerpagecomponenttype>7</powerpagecomponenttype>
  <powerpagesiteid>
    <powerpagesiteid>99af4f03-6a66-4c36-963b-164265f26ce8</powerpagesiteid>
  </powerpagesiteid>
  <powerpagesitelanguageid>
    <powerpagesitelanguageid>732bd198-dcfc-406a-8b9e-0375589318f3</powerpagesitelanguageid>
  </powerpagesitelanguageid>
  <statecode>0</statecode>
  <statuscode>1</statuscode>
</powerpagecomponent>