<powerpagecomponent powerpagecomponentid="bc3440e6-cdd7-ee11-9079-000d3a33da23">
  <content>{
  "source": "{% fetchxml statedomain %}\r\n&lt;fetch version='1.0' output-format='xml-platform' mapping='logical'&gt;\r\n  &lt;entity name='mpa_saplistofvalue'&gt;\r\n    &lt;attribute name='mpa_saplistofvalueid' /&gt;\r\n    &lt;attribute name='mpa_value' /&gt;\r\n    &lt;attribute name='mpa_valuecode' /&gt;\r\n    &lt;attribute name='mpa_parentvalue' /&gt;\r\n    &lt;order attribute='mpa_value' descending='false' /&gt;\r\n    &lt;filter type='and'&gt;\r\n      &lt;condition attribute='mpa_domain' operator='eq' value='865420001' /&gt;\r\n      &lt;condition attribute='statecode' operator='eq' value='0' /&gt;\r\n    &lt;/filter&gt;\r\n    &lt;link-entity name='mpa_saplistofvalue' from='mpa_saplistofvalueid' to='mpa_parentvalue' visible='false' link-type='outer' alias='country'&gt;\r\n      &lt;attribute name='mpa_value' /&gt;\r\n      &lt;attribute name=\"mpa_valuecode\" /&gt;\r\n    &lt;/link-entity&gt;\r\n  &lt;/entity&gt;\r\n&lt;/fetch&gt;\r\n        \r\n{% endfetchxml %}\r\n{% if statedomain.results and statedomain.results.entities and statedomain.results.entities.size &gt; 0 %}\r\n  {% assign entityCode = statedomain.results.entities[0].objecttypecode %}\r\n{% endif %}\r\n{% assign statedomainResult = statedomain.results.entities %}\r\n{\r\n  \"Values\": [{% for state in  statedomainResult %}\r\n  {\r\n      \"value\": \"{{state.mpa_valuecode}}\",\r\n      \"label\": \"{{state.mpa_value}}\",\r\n      \"ParentCountry\": \"{{state.['country.mpa_valuecode']}}\",\r\n      \"ParentCountryLabel\": \"{{state.['country.mpa_value']}}\"\r\n  } \r\n  {% unless forloop.last %}, {% endunless %}\r\n  {% endfor %}\r\n  ] \r\n}\r\n",
  "mimetype": "Application/json"
}</content>
  <iscustomizable>1</iscustomizable>
  <name>StateValuesTemplate</name>
  <powerpagecomponenttype>8</powerpagecomponenttype>
  <powerpagesiteid>
    <powerpagesiteid>99af4f03-6a66-4c36-963b-164265f26ce8</powerpagesiteid>
  </powerpagesiteid>
  <statecode>0</statecode>
  <statuscode>1</statuscode>
</powerpagecomponent>