<powerbidataset uniquename="new_dataset_93848121-906b-4fed-9636-6421075d402f">
  <datasetobjectid>922128c5-13b3-47df-9142-18c9683e132c</datasetobjectid>
  <datasetoriginalobjectid>922128c5-13b3-47df-9142-18c9683e132c</datasetoriginalobjectid>
  <dataverseconnectionupdateenabled>1</dataverseconnectionupdateenabled>
  <iscustomizable>1</iscustomizable>
  <name>Hardware Request &amp; Management</name>
  <package mimetype="application/zip">package.pbipkg</package>
  <statecode>0</statecode>
  <statuscode>1</statuscode>
</powerbidataset>