<card cardid="aaa0a59b-7369-ee11-9ae7-00224808117c">
  <appdefinition>{"screens":{"main":{"template":{"type":"AdaptiveCard","body":[{"type":"TextBlock","size":"Medium","weight":"Bolder","text":"=LookUp('Hardware Requests','Hardware Request' = GUID(varHardwareRequestID)).Name","id":"txtHeader"},{"type":"TextBlock","id":"txtSubTitle","wrap":true,"text":"Your hardware request has been rejected.","size":"ExtraLarge","color":"Accent"},{"type":"TextBlock","text":"Unfortunately your hardware request has been rejected. See below for additional comments.","wrap":true,"id":"txtSubTitle2"},{"type":"TextBlock","id":"txtSubTitle3","wrap":true,"text":"Additional Comments","weight":"Bolder"},{"type":"TextBlock","id":"txtSubTitle4","wrap":true,"text":"=LookUp('Hardware Requests','Hardware Request' = GUID(varHardwareRequestID)).'Approval Comments'"}],"$schema":"http://adaptivecards.io/schemas/adaptive-card.json","version":"1.5","actions":[{"type":"Action.OpenUrl","id":"btnViewRequest","title":"View request","associatedInputs":"auto","verb":"onSelect_Button1","url":"=Concatenate(varHardwareRequestAppURL,\"&amp;hardwarerequest=\",varHardwareRequestID)"}]},"verbs":{"submit":"echo"}}},"sampleData":{"main":{}},"connections":{"eeaa0e43-89e2-e04a-b9b3-eba854640e09_mpa_hardwarerequest":{"apiName":"shared_commondataserviceforapps","name":"728671f38eb042928b4c16675a2802d8","apiId":"/providers/Microsoft.PowerApps/apis/shared_commondataserviceforapps","apiDisplayName":"Microsoft Dataverse","tablePluralName":"Hardware Requests","logicalName":"mpa_hardwarerequest","environment":"eeaa0e43-89e2-e04a-b9b3-eba854640e09","hasParameters":true}},"variables":{"varHardwareRequestID":{"type":"string","title":"","description":"","default":"","x-ms-cardapp":{"scope":"shared","input":"required"}},"varHardwareRequestAppURL":{"type":"string","title":"","description":"","default":"","x-ms-cardapp":{"scope":"shared","input":"required"}}},"flows":{},"locale":"en-US"}</appdefinition>
  <description>Request reviewed and rejected card</description>
  <iscustomizable>1</iscustomizable>
  <name>Request Reviewed &amp; Rejected</name>
  <statecode>0</statecode>
  <statuscode>1</statuscode>
</card>