<powerpagecomponent powerpagecomponentid="01086447-0604-ef11-a1fd-000d3a309ae7">
  <content>{
  "partialurl": "supplierportalcommon.js",
  "excludefromsearch": false,
  "hiddenfromsitemap": false,
  "contentdisposition": 756150000,
  "publishingstateid": "9137c988-52cc-46f0-8cea-e558f5887e5f",
  "parentpageid": "94db5e36-8ed1-4567-baae-1b38a4b71d4c"
}</content>
  <filecontent mimetype="application/javascript">SupplierPortalCommon.js</filecontent>
  <iscustomizable>1</iscustomizable>
  <name>SupplierPortalCommon.js</name>
  <powerpagecomponenttype>3</powerpagecomponenttype>
  <powerpagesiteid>
    <powerpagesiteid>99af4f03-6a66-4c36-963b-164265f26ce8</powerpagesiteid>
  </powerpagesiteid>
  <statecode>0</statecode>
  <statuscode>1</statuscode>
</powerpagecomponent>