<powerpagecomponent powerpagecomponentid="383813d9-b625-4812-9e2d-3cbeb88f26cb">
  <content>{"display_name":"About Footer","type":756150001,"value":"&lt;h4&gt;About Supplier Portal&lt;/h4&gt;&lt;p&gt;This site uses sample data and text, please update as per your requirement.&lt;/p&gt;"}</content>
  <iscustomizable>1</iscustomizable>
  <name>About Footer</name>
  <powerpagecomponenttype>7</powerpagecomponenttype>
  <powerpagesiteid>
    <powerpagesiteid>99af4f03-6a66-4c36-963b-164265f26ce8</powerpagesiteid>
  </powerpagesiteid>
  <powerpagesitelanguageid>
    <powerpagesitelanguageid>732bd198-dcfc-406a-8b9e-0375589318f3</powerpagesitelanguageid>
  </powerpagesitelanguageid>
  <statecode>0</statecode>
  <statuscode>1</statuscode>
</powerpagecomponent>