<powerpagecomponent powerpagecomponentid="3cd8da91-5067-4cb2-970d-4e5647c602ed">
  <content>{"display_name":"Profile/MarketPhone","type":756150000,"value":"Phone"}</content>
  <iscustomizable>1</iscustomizable>
  <name>Profile/MarketPhone</name>
  <powerpagecomponenttype>7</powerpagecomponenttype>
  <powerpagesiteid>
    <powerpagesiteid>99af4f03-6a66-4c36-963b-164265f26ce8</powerpagesiteid>
  </powerpagesiteid>
  <powerpagesitelanguageid>
    <powerpagesitelanguageid>732bd198-dcfc-406a-8b9e-0375589318f3</powerpagesitelanguageid>
  </powerpagesitelanguageid>
  <statecode>0</statecode>
  <statuscode>1</statuscode>
</powerpagecomponent>