<powerpagecomponent powerpagecomponentid="12633ea8-67c9-4281-bbc7-c0e3bb84f785">
  <content>{"display_name":"Page Published On Prefix","type":756150000,"value":"It was published"}</content>
  <iscustomizable>1</iscustomizable>
  <name>Page Published On Prefix</name>
  <powerpagecomponenttype>7</powerpagecomponenttype>
  <powerpagesiteid>
    <powerpagesiteid>99af4f03-6a66-4c36-963b-164265f26ce8</powerpagesiteid>
  </powerpagesiteid>
  <powerpagesitelanguageid>
    <powerpagesitelanguageid>732bd198-dcfc-406a-8b9e-0375589318f3</powerpagesitelanguageid>
  </powerpagesitelanguageid>
  <statecode>0</statecode>
  <statuscode>1</statuscode>
</powerpagecomponent>