<card cardid="e8ed3747-2467-ee11-9ae7-002248081105">
  <appdefinition>{"screens":{"main":{"template":{"type":"AdaptiveCard","body":[{"type":"TextBlock","size":"Medium","weight":"Bolder","text":"=LookUp('Hardware Requests','Hardware Request' = GUID(varHardwareRequestID)).Name","id":"txtHeader"},{"type":"TextBlock","text":"Your new hardware has been received!","wrap":true,"id":"txtSubTitle","size":"ExtraLarge","color":"Accent"},{"type":"TextBlock","id":"txtSubTitle2","wrap":true,"text":"Your new hardware has been delivered to us and we have created the following assets that are assigned to you as the owner."},{"type":"TextBlock","id":"txtSubTitle3","wrap":true,"weight":"Bolder","text":"Hardware Assets"},{"type":"TextBlock","id":"txtSubTitle4","wrap":true,"text":"=ThisItem.'Asset Number' &amp; \" - \"&amp; ThisItem.'Product'.Name","$data":"Filter('Assets','Hardware Request'.'Hardware Request' = GUID(varHardwareRequestID))"},{"type":"TextBlock","id":"txtSubTitle5","wrap":true,"text":"As a next step, we will coordinate delivering these items to you."}],"$schema":"http://adaptivecards.io/schemas/adaptive-card.json","version":"1.5","actions":[{"type":"Action.OpenUrl","id":"btnViewRequest","title":"Vew request","associatedInputs":"auto","verb":"onSelect_Button1","url":"=Concatenate(varHardwareRequestAppURL,\"&amp;hardwarerequest=\",varHardwareRequestID)"}]},"verbs":{"submit":"echo"}}},"sampleData":{"main":{}},"connections":{"eeaa0e43-89e2-e04a-b9b3-eba854640e09_mpa_hardwarerequest":{"apiName":"shared_commondataserviceforapps","name":"728671f38eb042928b4c16675a2802d8","apiId":"/providers/Microsoft.PowerApps/apis/shared_commondataserviceforapps","apiDisplayName":"Microsoft Dataverse","tablePluralName":"Hardware Requests","logicalName":"mpa_hardwarerequest","environment":"eeaa0e43-89e2-e04a-b9b3-eba854640e09","hasParameters":true},"6e611633-7458-eb46-b392-09faa6093d17_mpa_asset":{"apiName":"shared_commondataserviceforapps","name":"7fe273f9c5e847148bda78c8b3f93905","apiId":"/providers/Microsoft.PowerApps/apis/shared_commondataserviceforapps","apiDisplayName":"Microsoft Dataverse","tablePluralName":"Assets","logicalName":"mpa_asset","environment":"6e611633-7458-eb46-b392-09faa6093d17","hasParameters":true}},"variables":{"varHardwareRequestID":{"type":"string","title":"","description":"","default":"","x-ms-cardapp":{"scope":"shared","input":"required"}},"varHardwareRequestAppURL":{"type":"string","title":"","description":"","default":"","x-ms-cardapp":{"scope":"shared","input":"required"}}},"flows":{},"locale":"en-US"}</appdefinition>
  <description>Request received card</description>
  <iscustomizable>1</iscustomizable>
  <name>Request Received</name>
  <statecode>0</statecode>
  <statuscode>1</statuscode>
</card>