<botcomponent_workflowset>
  <botcomponent_workflow botcomponentid.schemaname="crce0_supplyChainCostReduction.component.Addanewrowintothetable" workflowid.workflowid="516562ef-5156-a9db-8d6f-502e03f1735d">
    <iscustomizable>1</iscustomizable>
  </botcomponent_workflow>
  <botcomponent_workflow botcomponentid.schemaname="crce0_supplyChainCostReduction.component.EmailDiscrepancyReport" workflowid.workflowid="7a143da1-bfad-9445-40af-cd4b0bccc91d">
    <iscustomizable>1</iscustomizable>
  </botcomponent_workflow>
  <botcomponent_workflow botcomponentid.schemaname="crce0_supplyChainCostReduction.component.ReadExcelContent" workflowid.workflowid="d1bf73ae-6361-ef11-a66f-000d3a595f79">
    <iscustomizable>1</iscustomizable>
  </botcomponent_workflow>
  <botcomponent_workflow botcomponentid.schemaname="crce0_supplyChainCostReduction.component.ReadInvoicefromEmail" workflowid.workflowid="13166fad-6364-ef11-a66f-0022480bed3a">
    <iscustomizable>1</iscustomizable>
  </botcomponent_workflow>
  <botcomponent_workflow botcomponentid.schemaname="crce0_supplyChainMultiAgent1.component.Addanewrowintothetable" workflowid.workflowid="516562ef-5156-a9db-8d6f-502e03f1735d">
    <iscustomizable>1</iscustomizable>
  </botcomponent_workflow>
  <botcomponent_workflow botcomponentid.schemaname="crce0_supplyChainMultiAgent1.component.Addanewrowintothetable_SqX" workflowid.workflowid="516562ef-5156-a9db-8d6f-502e03f1735d">
    <iscustomizable>1</iscustomizable>
  </botcomponent_workflow>
  <botcomponent_workflow botcomponentid.schemaname="crce0_supplyChainMultiAgent1.component.ReadExcelContent" workflowid.workflowid="d1bf73ae-6361-ef11-a66f-000d3a595f79">
    <iscustomizable>1</iscustomizable>
  </botcomponent_workflow>
  <botcomponent_workflow botcomponentid.schemaname="crce0_supplyChianMultiAgent2.component.ReadExcelContent" workflowid.workflowid="d1bf73ae-6361-ef11-a66f-000d3a595f79">
    <iscustomizable>1</iscustomizable>
  </botcomponent_workflow>
  <botcomponent_workflow botcomponentid.schemaname="crce0_supplyChianMultiAgent2.component.ReadMarketPrice" workflowid.workflowid="0e9a35cf-1965-ef11-a66f-6045bd072770">
    <iscustomizable>1</iscustomizable>
  </botcomponent_workflow>
  <botcomponent_workflow botcomponentid.schemaname="crce0_supplyChianMultiAgent2.component.Whenafileismodified_fzQfBMWQAwQOkEgtj1Der" workflowid.workflowid="823cb145-6981-ef11-ac1f-0022480469b2">
    <iscustomizable>1</iscustomizable>
  </botcomponent_workflow>
</botcomponent_workflowset>