<powerpagecomponent powerpagecomponentid="9c0e9790-cbd7-ee11-9079-000d3a33d34f">
  <content>{"adx_flowapiurl":"https://bs5-supplierportaldev.powerappsportals.com/_api/cloudflow/v1.0/trigger/ca6acfe2-830e-bc28-34bc-45c308e402b4","adx_flowtriggerurl":"https://unitedstates-002.azure-apim.net:443/apim/logicflows/CA6ACFE2830EBC2834BC45C308E402B4-D9E4340A55466E65/triggers/manual/run?api-version=2016-06-01","adx_metadata":"ca6acfe2-830e-bc28-34bc-45c308e402b4","adx_CloudFlowConsumer_adx_webrole":["898380ee-66fb-45a2-8320-27e6e2ff6103"],"_adx_processid_value":"dfecd0ad-fec5-ee11-9079-000d3a33d34f"}</content>
  <iscustomizable>1</iscustomizable>
  <name>Power Pages Update Vendor</name>
  <powerpagecomponenttype>33</powerpagecomponenttype>
  <powerpagesiteid>
    <powerpagesiteid>99af4f03-6a66-4c36-963b-164265f26ce8</powerpagesiteid>
  </powerpagesiteid>
  <statecode>0</statecode>
  <statuscode>1</statuscode>
</powerpagecomponent>