<powerpagecomponent powerpagecomponentid="dea5a27e-6aad-4123-991b-bbfc8653ba4a">
  <content>{"disablepagevalidation":false,"displayimageonly":false,"displayorder":2,"displaypagechildlinks":false,"openinnewwindow":false,"pageid":"5632e412-415f-454d-8f6b-149383ffe6d4","parentweblinkid":"de45ec81-e4a0-42f5-9f39-eccada8131c3","publishingstateid":"9137c988-52cc-46f0-8cea-e558f5887e5f","robotsfollowlink":true,"weblinksetid":"cf8e6bd4-52c2-4475-8f06-b0d8c3afce48"}</content>
  <iscustomizable>1</iscustomizable>
  <name>Subpage 2</name>
  <powerpagecomponenttype>5</powerpagecomponenttype>
  <powerpagesiteid>
    <powerpagesiteid>99af4f03-6a66-4c36-963b-164265f26ce8</powerpagesiteid>
  </powerpagesiteid>
  <statecode>0</statecode>
  <statuscode>1</statuscode>
</powerpagecomponent>