<ImportExportXml version="9.2.24112.220" SolutionPackageVersion="9.2" languagecode="1033" generatedBy="CrmLive" xmlns:xsi="http://www.w3.org/2001/XMLSchema-instance" OrganizationVersion="9.2.24112.220" OrganizationSchemaType="Standard" CRMServerServiceabilityVersion="9.2.24112.00220">
  <SolutionManifest>
    <UniqueName>mpa_CoffeeConnect</UniqueName>
    <LocalizedNames>
      <LocalizedName description="Coffee Connect" languagecode="1033" />
    </LocalizedNames>
    <Descriptions />
    <Version>1.0.0.15</Version>
    <Managed>0</Managed>
    <Publisher>
      <UniqueName>PowerAccelerator</UniqueName>
      <LocalizedNames>
        <LocalizedName description="Microsoft Power Accelerator" languagecode="1033" />
      </LocalizedNames>
      <Descriptions>
        <Description description="Publisher for the Microsoft Power Accelerator team." languagecode="1033" />
      </Descriptions>
      <EMailAddress xsi:nil="true"></EMailAddress>
      <SupportingWebsiteUrl xsi:nil="true"></SupportingWebsiteUrl>
      <CustomizationPrefix>mpa</CustomizationPrefix>
      <CustomizationOptionValuePrefix>86542</CustomizationOptionValuePrefix>
      <Addresses>
        <Address>
          <AddressNumber>1</AddressNumber>
          <AddressTypeCode>1</AddressTypeCode>
          <City xsi:nil="true"></City>
          <County xsi:nil="true"></County>
          <Country xsi:nil="true"></Country>
          <Fax xsi:nil="true"></Fax>
          <FreightTermsCode xsi:nil="true"></FreightTermsCode>
          <ImportSequenceNumber xsi:nil="true"></ImportSequenceNumber>
          <Latitude xsi:nil="true"></Latitude>
          <Line1 xsi:nil="true"></Line1>
          <Line2 xsi:nil="true"></Line2>
          <Line3 xsi:nil="true"></Line3>
          <Longitude xsi:nil="true"></Longitude>
          <Name xsi:nil="true"></Name>
          <PostalCode xsi:nil="true"></PostalCode>
          <PostOfficeBox xsi:nil="true"></PostOfficeBox>
          <PrimaryContactName xsi:nil="true"></PrimaryContactName>
          <ShippingMethodCode>1</ShippingMethodCode>
          <StateOrProvince xsi:nil="true"></StateOrProvince>
          <Telephone1 xsi:nil="true"></Telephone1>
          <Telephone2 xsi:nil="true"></Telephone2>
          <Telephone3 xsi:nil="true"></Telephone3>
          <TimeZoneRuleVersionNumber xsi:nil="true"></TimeZoneRuleVersionNumber>
          <UPSZone xsi:nil="true"></UPSZone>
          <UTCOffset xsi:nil="true"></UTCOffset>
          <UTCConversionTimeZoneCode xsi:nil="true"></UTCConversionTimeZoneCode>
        </Address>
        <Address>
          <AddressNumber>2</AddressNumber>
          <AddressTypeCode>1</AddressTypeCode>
          <City xsi:nil="true"></City>
          <County xsi:nil="true"></County>
          <Country xsi:nil="true"></Country>
          <Fax xsi:nil="true"></Fax>
          <FreightTermsCode xsi:nil="true"></FreightTermsCode>
          <ImportSequenceNumber xsi:nil="true"></ImportSequenceNumber>
          <Latitude xsi:nil="true"></Latitude>
          <Line1 xsi:nil="true"></Line1>
          <Line2 xsi:nil="true"></Line2>
          <Line3 xsi:nil="true"></Line3>
          <Longitude xsi:nil="true"></Longitude>
          <Name xsi:nil="true"></Name>
          <PostalCode xsi:nil="true"></PostalCode>
          <PostOfficeBox xsi:nil="true"></PostOfficeBox>
          <PrimaryContactName xsi:nil="true"></PrimaryContactName>
          <ShippingMethodCode>1</ShippingMethodCode>
          <StateOrProvince xsi:nil="true"></StateOrProvince>
          <Telephone1 xsi:nil="true"></Telephone1>
          <Telephone2 xsi:nil="true"></Telephone2>
          <Telephone3 xsi:nil="true"></Telephone3>
          <TimeZoneRuleVersionNumber xsi:nil="true"></TimeZoneRuleVersionNumber>
          <UPSZone xsi:nil="true"></UPSZone>
          <UTCOffset xsi:nil="true"></UTCOffset>
          <UTCConversionTimeZoneCode xsi:nil="true"></UTCConversionTimeZoneCode>
        </Address>
      </Addresses>
    </Publisher>
    <RootComponents>
      <RootComponent type="1" schemaName="mpa_coffeeconnectlocation" behavior="0" />
      <RootComponent type="1" schemaName="mpa_coffeeconnectmatch" behavior="0" />
      <RootComponent type="1" schemaName="mpa_coffeeconnectring" behavior="0" />
      <RootComponent type="1" schemaName="mpa_coffeeconnectsignup" behavior="0" />
      <RootComponent type="1" schemaName="mpa_coffeeconnectsuggestion" behavior="0" />
      <RootComponent type="9" schemaName="mpa_coffeeconnect_meetingfrequencypreference" behavior="0" />
      <RootComponent type="9" schemaName="mpa_coffeeconnect_ringtype" behavior="0" />
      <RootComponent type="9" schemaName="mpa_coffeeconnect_suggestionstatus" behavior="0" />
      <RootComponent type="9" schemaName="mpa_coffeeconnect_suggestiontype" behavior="0" />
      <RootComponent type="20" id="{486e47ce-420a-ee11-8f6e-000d3a341e63}" behavior="0" />
      <RootComponent type="20" id="{9b86a238-3d0a-ee11-8f6e-000d3a341e63}" behavior="0" />
      <RootComponent type="29" id="{0c5eb99c-8105-ee11-8f6e-000d3a341a1d}" behavior="0" />
      <RootComponent type="29" id="{2f5c7fb9-e7fb-ed11-8f6e-000d3a34301a}" behavior="0" />
      <RootComponent type="62" schemaName="mpa_CoffeeConnectAdmin" behavior="0" />
      <RootComponent type="80" schemaName="mpa_CoffeeConnectAdmin" behavior="0" />
      <RootComponent type="300" schemaName="mpa_CoffeeConnectApp" behavior="0" />
    </RootComponents>
    <MissingDependencies>
      <MissingDependency>
        <Required type="1" schemaName="mpa_eelocalization" displayName="Employee Experience Localization" solution="mpa_EmployeeExperienceBase (1.0.0.15)" />
        <Dependent type="300" schemaName="mpa_CoffeeConnectApp" displayName="Coffee Connect" />
      </MissingDependency>
      <MissingDependency>
        <Required type="61" schemaName="msdyn_/Images/AppModule_Default_Icon.png" displayName="msdyn_/Images/AppModule_Default_Icon.png" solution="AppModuleWebResources (2.5)" />
        <Dependent type="80" schemaName="mpa_CoffeeConnectAdmin" displayName="Coffee Connect Admin" />
      </MissingDependency>
    </MissingDependencies>
  </SolutionManifest>
</ImportExportXml>