<powerpagecomponent powerpagecomponentid="0b2996e3-38b9-406f-82c0-37ab48190621">
  <content>{"display_name":"Account/SignIn/PasswordLabel","type":756150000,"value":"Password"}</content>
  <iscustomizable>1</iscustomizable>
  <name>Account/SignIn/PasswordLabel</name>
  <powerpagecomponenttype>7</powerpagecomponenttype>
  <powerpagesiteid>
    <powerpagesiteid>99af4f03-6a66-4c36-963b-164265f26ce8</powerpagesiteid>
  </powerpagesiteid>
  <powerpagesitelanguageid>
    <powerpagesitelanguageid>732bd198-dcfc-406a-8b9e-0375589318f3</powerpagesitelanguageid>
  </powerpagesitelanguageid>
  <statecode>0</statecode>
  <statuscode>1</statuscode>
</powerpagecomponent>