<powerpagecomponent powerpagecomponentid="feb33a71-3170-4f58-a7f4-1bfafa597dfb">
  <content>{"display_name":"Profile/SecurityNav/ChangePassword","type":756150000,"value":"Change Password"}</content>
  <iscustomizable>1</iscustomizable>
  <name>Profile/SecurityNav/ChangePassword</name>
  <powerpagecomponenttype>7</powerpagecomponenttype>
  <powerpagesiteid>
    <powerpagesiteid>99af4f03-6a66-4c36-963b-164265f26ce8</powerpagesiteid>
  </powerpagesiteid>
  <powerpagesitelanguageid>
    <powerpagesitelanguageid>732bd198-dcfc-406a-8b9e-0375589318f3</powerpagesitelanguageid>
  </powerpagesitelanguageid>
  <statecode>0</statecode>
  <statuscode>1</statuscode>
</powerpagecomponent>