<powerpagecomponent powerpagecomponentid="60150079-6f5a-36f3-5219-53142d83271b">
  <content>{
  "filecontent": null,
  "displayorder": 2,
  "weblinksetid": "6b5715eb-aeb3-497e-a71a-281e4b61eca0",
  "pageid": "1e4af609-0760-2059-6a46-6317e11667d7",
  "publishingstateid": "9137c988-52cc-46f0-8cea-e558f5887e5f",
  "displaypagevalidation": false,
  "displayimageonly": false,
  "displaypagechildlinks": false,
  "openinnewwindow": false,
  "robotsfollowlink": true,
  "parentweblinkid": "16e33fea-df19-8fde-0a03-bb0702b8cf00"
}</content>
  <iscustomizable>1</iscustomizable>
  <name>Edit Profile</name>
  <powerpagecomponenttype>5</powerpagecomponenttype>
  <powerpagesiteid>
    <powerpagesiteid>99af4f03-6a66-4c36-963b-164265f26ce8</powerpagesiteid>
  </powerpagesiteid>
  <statecode>0</statecode>
  <statuscode>1</statuscode>
</powerpagecomponent>