<powerpagecomponent powerpagecomponentid="81c86edf-14fb-ee11-a1ff-000d3a33da23">
  <content>{"value":"&lt;div class=\"modal fade\" id=\"editInvoiceModal\" tabindex=\"-1\" aria-labelledby=\"exampleModalLabel\" aria-hidden=\"true\"&gt;\r\n    &lt;div class=\"modal-dialog modal-lg\"&gt;\r\n        &lt;div class=\"modal-content\"&gt;\r\n            &lt;div class=\"modal-header\"&gt;\r\n                &lt;h4 class=\"modal-title\" id=\"modalLabel\"&gt;Edit Invoice&lt;/h4&gt;\r\n                &lt;button type=\"button\" class=\"btn-close\" data-dismiss=\"modal\" aria-label=\"Close\"&gt;&lt;/button&gt;\r\n            &lt;/div&gt;\r\n            &lt;div class=\"modal-body\"&gt;\r\n                &lt;div id=\"invoiceformio\"&gt;&lt;/div&gt;\r\n            &lt;/div&gt;\r\n            &lt;div class=\"modal-footer\"&gt;\r\n                &lt;button type=\"button\" class=\"btn btn-secondary\" data-bs-dismiss=\"modal\"\r\n                    style=\"margin-top: auto;\"&gt;Close&lt;/button&gt;\r\n                &lt;section class=\"editInvoice\"&gt;&lt;/section&gt;\r\n            &lt;/div&gt;\r\n        &lt;/div&gt;\r\n    &lt;/div&gt;\r\n&lt;/div&gt;","type":756150001}</content>
  <iscustomizable>1</iscustomizable>
  <name>editinvoicemodal</name>
  <powerpagecomponenttype>7</powerpagecomponenttype>
  <powerpagesiteid>
    <powerpagesiteid>99af4f03-6a66-4c36-963b-164265f26ce8</powerpagesiteid>
  </powerpagesiteid>
  <powerpagesitelanguageid>
    <powerpagesitelanguageid>732bd198-dcfc-406a-8b9e-0375589318f3</powerpagesitelanguageid>
  </powerpagesitelanguageid>
  <statecode>0</statecode>
  <statuscode>1</statuscode>
</powerpagecomponent>