<ImportExportXml xmlns:xsi="http://www.w3.org/2001/XMLSchema-instance" OrganizationVersion="9.2.24111.216" OrganizationSchemaType="Standard" CRMServerServiceabilityVersion="9.2.24112.00220">
  <Entities></Entities>
  <Roles></Roles>
  <Workflows>
    <Workflow WorkflowId="{f3e5fb06-d728-ef11-840a-6045bda8cecd}" Name="Kudos App - Send New Kudo Notification Email" Description="Sends an email notification to a Kudos recipient and their manager when a Kudos is created via Power App">
      <JsonFileName>/Workflows/KudosApp-SendNewKudoNotificationEmail-F3E5FB06-D728-EF11-840A-6045BDA8CECD.json</JsonFileName>
      <Type>1</Type>
      <Subprocess>0</Subprocess>
      <Category>5</Category>
      <Mode>0</Mode>
      <Scope>4</Scope>
      <OnDemand>0</OnDemand>
      <TriggerOnCreate>0</TriggerOnCreate>
      <TriggerOnDelete>0</TriggerOnDelete>
      <AsyncAutodelete>0</AsyncAutodelete>
      <SyncWorkflowLogOnFailure>0</SyncWorkflowLogOnFailure>
      <StateCode>1</StateCode>
      <StatusCode>2</StatusCode>
      <RunAs>1</RunAs>
      <IsTransacted>1</IsTransacted>
      <IntroducedVersion>1.0.0.5</IntroducedVersion>
      <IsCustomizable>1</IsCustomizable>
      <BusinessProcessType>0</BusinessProcessType>
      <IsCustomProcessingStepAllowedForOtherPublishers>1</IsCustomProcessingStepAllowedForOtherPublishers>
      <BillingContext>[{"id":"mpa_kudosapp","type":"UnifiedApp","metadata":{"displayName":"Kudos App"}}]</BillingContext>
      <PrimaryEntity>none</PrimaryEntity>
      <LocalizedNames>
        <LocalizedName languagecode="1033" description="Kudos App - Send New Kudo Notification Email" />
      </LocalizedNames>
      <Descriptions>
        <Description languagecode="1033" description="Sends an email notification to a Kudos recipient and their manager when a Kudos is created via Power App" />
      </Descriptions>
    </Workflow>
  </Workflows>
  <FieldSecurityProfiles></FieldSecurityProfiles>
  <Templates />
  <EntityMaps />
  <EntityRelationships />
  <OrganizationSettings />
  <optionsets />
  <CustomControls />
  <EntityDataProviders />
  <CanvasApps>
    <CanvasApp>
      <Name>mpa_KudosApp</Name>
      <AppVersion>2024-06-12T17:56:57Z</AppVersion>
      <Status>Ready</Status>
      <CreatedByClientVersion>3.24054.19.0</CreatedByClientVersion>
      <MinClientVersion>3.24054.19.0</MinClientVersion>
      <Tags>{"primaryDeviceWidth":"640","primaryDeviceHeight":"1136","supportsPortrait":"true","supportsLandscape":"true","primaryFormFactor":"Phone","publisherVersion":"3.24054.19","minimumRequiredApiVersion":"2.2.0","hasComponent":"false","hasUnlockedComponent":"false","isUnifiedRootApp":"false","sienaVersion":"20240612T175139Z-3.24054.19.0","showStatusBar":"false"}</Tags>
      <IsCdsUpgraded>0</IsCdsUpgraded>
      <GalleryItemId xsi:nil="true"></GalleryItemId>
      <BackgroundColor>rgba(255, 255, 255, 1)</BackgroundColor>
      <DisplayName>Kudos App</DisplayName>
      <Description>Removed localization dependencies</Description>
      <CommitMessage xsi:nil="true"></CommitMessage>
      <Publisher></Publisher>
      <AuthorizationReferences>[]</AuthorizationReferences>
      <ConnectionReferences>{"a63d4a79-8b85-4b36-bf6e-3b5f6318519d":{"id":"/providers/microsoft.powerapps/apis/shared_office365users","displayName":"Office 365 Users","iconUri":"https://connectoricons-prod.azureedge.net/releases/v1.0.1686/1.0.1686.3706/office365users/icon.png","dataSources":["Office365Users"],"dependencies":[],"dependents":[],"parameterHints":{},"parameterHintsV2":{},"isOnPremiseConnection":false,"bypassConsent":false,"dataSets":{},"apiTier":"Standard","actions":["UserPhotoMetadata","UserPhoto_V2","UserProfile","SearchUser","DirectReports","Manager_V2"]},"9f47a159-5135-4d98-b955-c28bef7c3944":{"id":"/providers/microsoft.powerapps/apis/shared_logicflows","displayName":"Logic flows","iconUri":"https://connectoricons-prod.azureedge.net/u/patelronak/specialtrain-logicflows-2/1.0.1692.3734/logicflows/icon.png","dataSources":["KudosApp-SendNewKudoNotificationEmail"],"dependencies":["8a89917c-696e-4b8b-9de6-ac93b0b0a72f","6dfd3d93-57dd-4e2e-9507-46d08617745c","0f820f10-29dc-4d08-8700-0792cf02e7f4"],"dependents":[],"parameterHints":{"workflowName":{"value":"267bd674-bc00-420b-835d-205453b07ec1"},"workflowEntityId":{"value":"f3e5fb06-d728-ef11-840a-6045bda8cecd"},"workflowDisplayName":{"value":"Kudos App - Send New Kudo Notification Email"},"8a89917c-696e-4b8b-9de6-ac93b0b0a72f":{"value":"shared_commondataserviceforapps_1"},"6dfd3d93-57dd-4e2e-9507-46d08617745c":{"value":"shared_office365users_1"},"0f820f10-29dc-4d08-8700-0792cf02e7f4":{"value":"shared_office365_1"}},"parameterHintsV2":{"workflowName":{"value":"267bd674-bc00-420b-835d-205453b07ec1"},"workflowEntityId":{"value":"f3e5fb06-d728-ef11-840a-6045bda8cecd"},"workflowDisplayName":{"value":"Kudos App - Send New Kudo Notification Email"},"shared_commondataserviceforapps_1":{"value":"8a89917c-696e-4b8b-9de6-ac93b0b0a72f"},"shared_office365users_1":{"value":"6dfd3d93-57dd-4e2e-9507-46d08617745c"},"shared_office365_1":{"value":"0f820f10-29dc-4d08-8700-0792cf02e7f4"}},"isOnPremiseConnection":false,"bypassConsent":false,"dataSets":{},"apiTier":"Standard","actions":["Run"]},"8a89917c-696e-4b8b-9de6-ac93b0b0a72f":{"id":"/providers/microsoft.powerapps/apis/shared_commondataserviceforapps","displayName":"Microsoft Dataverse","iconUri":"https://connectoricons-prod.azureedge.net/releases/v1.0.1697/1.0.1697.3780/commondataserviceforapps/icon.png","dataSources":[],"dependencies":[],"dependents":["9f47a159-5135-4d98-b955-c28bef7c3944"],"parameterHints":{},"parameterHintsV2":{},"isOnPremiseConnection":false,"bypassConsent":false,"dataSets":{},"apiTier":"Premium"},"6dfd3d93-57dd-4e2e-9507-46d08617745c":{"id":"/providers/microsoft.powerapps/apis/shared_office365users","displayName":"Office 365 Users","iconUri":"https://connectoricons-prod.azureedge.net/releases/v1.0.1686/1.0.1686.3706/office365users/icon.png","dataSources":[],"dependencies":[],"dependents":["9f47a159-5135-4d98-b955-c28bef7c3944"],"parameterHints":{},"parameterHintsV2":{},"isOnPremiseConnection":false,"bypassConsent":false,"dataSets":{},"apiTier":"Standard"},"0f820f10-29dc-4d08-8700-0792cf02e7f4":{"id":"/providers/microsoft.powerapps/apis/shared_office365","displayName":"Office 365 Outlook","iconUri":"https://connectoricons-prod.azureedge.net/releases/v1.0.1686/1.0.1686.3706/office365/icon.png","dataSources":[],"dependencies":[],"dependents":["9f47a159-5135-4d98-b955-c28bef7c3944"],"parameterHints":{},"parameterHintsV2":{},"isOnPremiseConnection":false,"bypassConsent":false,"dataSets":{},"apiTier":"Standard"}}</ConnectionReferences>
      <DatabaseReferences>{"default.cds":{"databaseDetails":{"referenceType":"Environmental","environmentName":"default.cds","overrideValues":{"status":"NotSpecified"}},"dataSources":{"Kudos":{"entitySetName":"mpa_kudos","logicalName":"mpa_kudo"},"Users":{"entitySetName":"systemusers","logicalName":"systemuser"},"Opt-out Users":{"entitySetName":"mpa_optoutusers","logicalName":"mpa_optoutuser"},"Badges":{"entitySetName":"mpa_badges","logicalName":"mpa_badge"}}}}</DatabaseReferences>
      <AppComponents>[]</AppComponents>
      <AppComponentDependencies>[]</AppComponentDependencies>
      <CanConsumeAppPass>1</CanConsumeAppPass>
      <CanvasAppType>0</CanvasAppType>
      <BypassConsent>0</BypassConsent>
      <AdminControlBypassConsent>0</AdminControlBypassConsent>
      <EmbeddedApp xsi:nil="true"></EmbeddedApp>
      <IntroducedVersion>1.0</IntroducedVersion>
      <CdsDependencies>{"cdsdependencies":[{"dependencyid":"f3e5fb06-d728-ef11-840a-6045bda8cecd","componenttype":29,"componenttypeplatformname":"Workflow"},{"logicalname":"mpa_kudo","componenttype":1},{"logicalname":"systemuser","componenttype":1},{"logicalname":"mpa_optoutuser","componenttype":1},{"logicalname":"mpa_badge","componenttype":1}]}</CdsDependencies>
      <IsCustomizable>1</IsCustomizable>
      <BackgroundImageUri>/CanvasApps/mpa_KudosApp_BackgroundImageUri</BackgroundImageUri>
      <DocumentUri>/CanvasApps/mpa_KudosApp_DocumentUri.msapp</DocumentUri>
      <AdditionalUris>
        <AdditionalUri>/CanvasApps/mpa_KudosApp_AdditionalUris0_identity.json</AdditionalUri>
      </AdditionalUris>
    </CanvasApp>
  </CanvasApps>
  <Languages>
    <Language>1033</Language>
  </Languages>
</ImportExportXml>