﻿<?xml version="1.0" encoding="utf-8"?>
<ImportExportXml version="9.2.24013.196" SolutionPackageVersion="9.2" languagecode="1033" generatedBy="CrmLive" xmlns:xsi="http://www.w3.org/2001/XMLSchema-instance">
  <SolutionManifest>
    <UniqueName>mpa_AwardsAndRecognition</UniqueName>
    <LocalizedNames>
      <LocalizedName description="Awards &amp; Recognition" languagecode="1033" />
    </LocalizedNames>
    <Descriptions>
      <Description description="Awards and Recognition Solution Template " languagecode="1033" />
    </Descriptions>
    <Version>1.0.0.32</Version>
    <Managed>1</Managed>
    <Publisher>
      <UniqueName>PowerAccelerator</UniqueName>
      <LocalizedNames>
        <LocalizedName description="Microsoft Power Accelerator" languagecode="1033" />
      </LocalizedNames>
      <Descriptions>
        <Description description="Publisher for the Microsoft Power Accelerator team." languagecode="1033" />
      </Descriptions>
      <EMailAddress xsi:nil="true"></EMailAddress>
      <SupportingWebsiteUrl xsi:nil="true"></SupportingWebsiteUrl>
      <CustomizationPrefix>mpa</CustomizationPrefix>
      <CustomizationOptionValuePrefix>86542</CustomizationOptionValuePrefix>
      <Addresses>
        <Address>
          <AddressNumber>1</AddressNumber>
          <AddressTypeCode>1</AddressTypeCode>
          <City xsi:nil="true"></City>
          <County xsi:nil="true"></County>
          <Country xsi:nil="true"></Country>
          <Fax xsi:nil="true"></Fax>
          <FreightTermsCode xsi:nil="true"></FreightTermsCode>
          <ImportSequenceNumber xsi:nil="true"></ImportSequenceNumber>
          <Latitude xsi:nil="true"></Latitude>
          <Line1 xsi:nil="true"></Line1>
          <Line2 xsi:nil="true"></Line2>
          <Line3 xsi:nil="true"></Line3>
          <Longitude xsi:nil="true"></Longitude>
          <Name xsi:nil="true"></Name>
          <PostalCode xsi:nil="true"></PostalCode>
          <PostOfficeBox xsi:nil="true"></PostOfficeBox>
          <PrimaryContactName xsi:nil="true"></PrimaryContactName>
          <ShippingMethodCode>1</ShippingMethodCode>
          <StateOrProvince xsi:nil="true"></StateOrProvince>
          <Telephone1 xsi:nil="true"></Telephone1>
          <Telephone2 xsi:nil="true"></Telephone2>
          <Telephone3 xsi:nil="true"></Telephone3>
          <TimeZoneRuleVersionNumber xsi:nil="true"></TimeZoneRuleVersionNumber>
          <UPSZone xsi:nil="true"></UPSZone>
          <UTCOffset xsi:nil="true"></UTCOffset>
          <UTCConversionTimeZoneCode xsi:nil="true"></UTCConversionTimeZoneCode>
        </Address>
        <Address>
          <AddressNumber>2</AddressNumber>
          <AddressTypeCode>1</AddressTypeCode>
          <City xsi:nil="true"></City>
          <County xsi:nil="true"></County>
          <Country xsi:nil="true"></Country>
          <Fax xsi:nil="true"></Fax>
          <FreightTermsCode xsi:nil="true"></FreightTermsCode>
          <ImportSequenceNumber xsi:nil="true"></ImportSequenceNumber>
          <Latitude xsi:nil="true"></Latitude>
          <Line1 xsi:nil="true"></Line1>
          <Line2 xsi:nil="true"></Line2>
          <Line3 xsi:nil="true"></Line3>
          <Longitude xsi:nil="true"></Longitude>
          <Name xsi:nil="true"></Name>
          <PostalCode xsi:nil="true"></PostalCode>
          <PostOfficeBox xsi:nil="true"></PostOfficeBox>
          <PrimaryContactName xsi:nil="true"></PrimaryContactName>
          <ShippingMethodCode>1</ShippingMethodCode>
          <StateOrProvince xsi:nil="true"></StateOrProvince>
          <Telephone1 xsi:nil="true"></Telephone1>
          <Telephone2 xsi:nil="true"></Telephone2>
          <Telephone3 xsi:nil="true"></Telephone3>
          <TimeZoneRuleVersionNumber xsi:nil="true"></TimeZoneRuleVersionNumber>
          <UPSZone xsi:nil="true"></UPSZone>
          <UTCOffset xsi:nil="true"></UTCOffset>
          <UTCConversionTimeZoneCode xsi:nil="true"></UTCConversionTimeZoneCode>
        </Address>
      </Addresses>
    </Publisher>
    <RootComponents>
      <RootComponent type="1" schemaName="mpa_award" behavior="0" />
      <RootComponent type="1" schemaName="mpa_awardassessmentratings" behavior="0" />
      <RootComponent type="1" schemaName="mpa_group" behavior="0" />
      <RootComponent type="1" schemaName="mpa_groupmember" behavior="0" />
      <RootComponent type="1" schemaName="mpa_nominateduser" behavior="0" />
      <RootComponent type="1" schemaName="mpa_nomination" behavior="0" />
      <RootComponent type="1" schemaName="mpa_nominationperiod" behavior="0" />
      <RootComponent type="1" schemaName="mpa_nominationrating" behavior="0" />
      <RootComponent type="1" schemaName="systemuser" behavior="1" />
      <RootComponent type="20" id="{60c634b0-f9e9-ed11-a7c6-00224803a83a}" behavior="0" />
      <RootComponent type="20" id="{df5c04b6-7de4-ed11-a7c7-00224803a83a}" behavior="0" />
      <RootComponent type="29" id="{dc8891e5-d6e9-ed11-a7c6-00224803a83a}" behavior="0" />
      <RootComponent type="300" schemaName="mpa_AwardsAndRecognitionApp" behavior="0" />
      <RootComponent type="431" schemaName="mpa_award mpa_image" behavior="0" />
      <RootComponent type="432" schemaName="mpa_award" behavior="0" />
      <RootComponent type="61" schemaName="mpa_awardsandrecognition-appicon" behavior="0" />
      <RootComponent type="61" schemaName="mpa_awardsandrecognition-categoryicon" behavior="0" />
      <RootComponent type="61" schemaName="mpa_awardsandrecognition-groupicon" behavior="0" />
      <RootComponent type="61" schemaName="mpa_awardsandrecognition-membericon" behavior="0" />
      <RootComponent type="61" schemaName="mpa_awardsandrecognition-nominationicon" behavior="0" />
      <RootComponent type="61" schemaName="mpa_awardsandrecognition-nominationquestionicon" behavior="0" />
      <RootComponent type="61" schemaName="mpa_awardsandrecognition-periodicon" behavior="0" />
      <RootComponent type="61" schemaName="mpa_awardsandrecognition-scopequestionicon" behavior="0" />
      <RootComponent type="61" schemaName="mpa_awardsandrecognition-settingsicon" behavior="0" />
      <RootComponent type="61" schemaName="mpa_AwardsAppLogoSVG" behavior="0" />
      <RootComponent type="61" schemaName="mpa_GlobeIcon" behavior="0" />
      <RootComponent type="61" schemaName="mpa_icoAwards_Award" behavior="0" />
      <RootComponent type="61" schemaName="mpa_icoAwards_AwardRating" behavior="0" />
      <RootComponent type="61" schemaName="mpa_icoAwards_Group" behavior="0" />
      <RootComponent type="61" schemaName="mpa_icoAwards_GroupMember" behavior="0" />
      <RootComponent type="61" schemaName="mpa_icoAwards_NominatedUser" behavior="0" />
      <RootComponent type="61" schemaName="mpa_icoAwards_Nomination" behavior="0" />
      <RootComponent type="61" schemaName="mpa_icoAwards_NominationPeriod" behavior="0" />
      <RootComponent type="61" schemaName="mpa_icoAwards_NominationRating" behavior="0" />
      <RootComponent type="62" schemaName="mpa_AwardsandRecognitionAdministrationAp" behavior="0" />
      <RootComponent type="80" schemaName="mpa_AwardsandRecognitionAdministrationAp" behavior="0" />
      <RootComponent type="9" schemaName="mpa_nominationtype" behavior="0" />
      <RootComponent type="9" schemaName="mpa_recognitionscope" behavior="0" />
    </RootComponents>
    <MissingDependencies>
      <MissingDependency>
        <Required type="1" schemaName="mpa_eelocalization" displayName="Employee Experience Localization" solution="mpa_EmployeeExperienceBase (1.0.0.15)" />
        <Dependent type="300" schemaName="mpa_AwardsAndRecognitionApp" displayName="Awards and Recognition App" />
      </MissingDependency>
      <MissingDependency>
        <Required type="61" schemaName="mpa_GlobeIcon" displayName="mpa_GlobeIcon" solution="mpa_EmployeeExperienceBase (1.0.0.15)" />
        <Dependent type="61" schemaName="mpa_GlobeIcon" displayName="mpa_GlobeIcon" />
      </MissingDependency>
      <MissingDependency>
        <Required type="66" schemaName="MscrmControls.Rating.StarRatingControl" displayName="MscrmControls.Rating.StarRatingControl" solution="CustomControlsCore (9.2.24013.00196)" />
        <Dependent type="60" displayName="Information" parentDisplayName="Nomination Rating" id="{271d500e-f72c-494f-9308-9099887cb79c}" />
      </MissingDependency>
    </MissingDependencies>
  </SolutionManifest>
</ImportExportXml>