<appaction uniquename="mpa__Approve!9ff1dd369dd1480db59dcf7e74ac2832!mpa_AssetManagmentTracker!mpa_hardwarerequest!0">
  <appmoduleid>
    <uniquename>mpa_AssetManagmentTracker</uniquename>
  </appmoduleid>
  <buttonaccessibilitytext default="Approve request">
    <label description="Approve request" languagecode="1033" />
  </buttonaccessibilitytext>
  <buttonlabeltext default="Approve">
    <label description="Approve" languagecode="1033" />
  </buttonlabeltext>
  <buttontooltiptitle default="Approve">
    <label description="Approve" languagecode="1033" />
  </buttontooltiptitle>
  <context>1</context>
  <contextentity>
    <logicalname>mpa_hardwarerequest</logicalname>
  </contextentity>
  <contextvalue>mpa_hardwarerequest</contextvalue>
  <fonticon>ThumbsUp</fonticon>
  <hidden>0</hidden>
  <iscustomizable>1</iscustomizable>
  <isdisabled>0</isdisabled>
  <isgrouptitlehidden>0</isgrouptitlehidden>
  <location>0</location>
  <name>Approve!9ff1dd369dd1480db59dcf7e74ac2832</name>
  <onclickeventformulacomponentlibraryid>
    <name>mpa_HardwareRequestAdministrator_DefaultCommandLibrary</name>
  </onclickeventformulacomponentlibraryid>
  <onclickeventformulacomponentname>3bc54efe9811472c8047e1302b079d81</onclickeventformulacomponentname>
  <onclickeventformulafunctionname>OnSelect</onclickeventformulafunctionname>
  <onclickeventtype>1</onclickeventtype>
  <origin>0</origin>
  <parentappactionid>
    <uniquename>mpa__NewGroup!1b80cd710e21446687f4b113a6ef80ae!mpa_AssetManagmentTracker!mpa_hardwarerequest!0</uniquename>
  </parentappactionid>
  <sequence>5000.0000000000</sequence>
  <statecode>0</statecode>
  <statuscode>1</statuscode>
  <type>0</type>
  <visibilitytype>0</visibilitytype>
</appaction>