<powerpagecomponent powerpagecomponentid="0cb14e2d-4588-4b62-acfe-40fcb8249f33">
  <content>{"display_name":"Account/Register/External Authentication Failed/Access Denied","type":756150000,"value":"Sign in cancelled."}</content>
  <iscustomizable>1</iscustomizable>
  <name>Account/Register/ExternalAuthenticationFailed/AccessDenied</name>
  <powerpagecomponenttype>7</powerpagecomponenttype>
  <powerpagesiteid>
    <powerpagesiteid>99af4f03-6a66-4c36-963b-164265f26ce8</powerpagesiteid>
  </powerpagesiteid>
  <powerpagesitelanguageid>
    <powerpagesitelanguageid>732bd198-dcfc-406a-8b9e-0375589318f3</powerpagesitelanguageid>
  </powerpagesitelanguageid>
  <statecode>0</statecode>
  <statuscode>1</statuscode>
</powerpagecomponent>