<environmentvariabledefinition schemaname="mpa_SAPSPRAS">
  <defaultvalue>EN</defaultvalue>
  <description default="Language Key from T0002">
    <label description="Language Key from T0002" languagecode="1033" />
  </description>
  <displayname default="SAP SPRAS">
    <label description="SAP SPRAS" languagecode="1033" />
  </displayname>
  <introducedversion>1.0.0.30</introducedversion>
  <iscustomizable>1</iscustomizable>
  <isrequired>0</isrequired>
  <secretstore>0</secretstore>
  <type>100000000</type>
</environmentvariabledefinition>