{"__Version":"0.1","App":"43446ff0-f6a2-4212-9127-51cbe0a1ddac","Test_7F478737223C4B69":"13e0d366-f2cc-454c-a1a0-6fc0794d836c","Host":"9bf6b5dd-6070-49ac-b71c-5e736882d878","compStepperHorizontal":"f130b208-97b1-4fc5-9cc2-6e2ef6dc9103","galStepperH":"01d52d0f-7f66-49f6-a2ca-ed02edca0aa5","galleryTemplate2":"a7003528-039a-4e65-aed4-73934d7beb61","imgStepperDot_H":"6c320918-f06a-4fc5-a3cd-5c0c73b4965e","imgStepperLine_H":"21102b5b-ec58-4f88-9495-40fec29caf30","txtStepperLabel_H":"35396ff5-f750-43d5-9421-b6b635a1a0b7","compLeftNavigation":"284c6c65-a837-4e7d-970b-a796c69d66f4","btnToggleLeftNav":"1d2401a3-8616-4679-a808-492e92f6dd8a","icnLeftNav_collapse":"ce497f53-a98c-496a-abbc-e29db483e6b3","galLeftNavMainMenuItems":"bbce6719-7c7a-4489-accf-69c7c485426c","galleryTemplate2_4":"9f2b4df2-8b63-41c7-ab59-28fb52d14575","galLeftNavSubMenu":"8f147d04-fec9-46b5-b067-34f2728de3b3","galleryTemplate2_5":"935b24cf-8f9f-4487-8acc-c794e90a4324","shpLeftNavSelected":"7aa65e1b-8766-4868-af2a-d598a0ba08fa","btnClickZone":"5ab072c3-f779-43cf-a085-fd59d5903a5f","txtMenuItem":"1fae4abb-a915-40a9-ac88-8584bc3f7df2","imgLeftNavMenuItem":"ee36899e-b6e8-499e-bce8-eae6551c2bdb","txtMenuGroup":"ee23dbc3-86d3-402a-874f-7e22054d92c9","compPurchaseOrderSearch":"75189d6d-5579-4ffd-a879-2dece8fbb4bd","conPage_PO":"285e536e-9e89-4fc2-abfb-f838086c1fa3","conMain_PO":"c665e80e-16e4-4e35-ab1c-ce9a854cceee","conSearchHeader_PO":"4f0e2fce-674e-49ff-a672-10a11ff105a2","txt_H1_PurchaseOrder":"6d3a79de-11e6-4639-8bb9-dfcf97fbe4be","tabSearchTabs_PO":"3f9fa253-e228-4f9a-8a20-6763541e3f56","conSearchAll_PO":"3d2047f7-ebbe-47fd-8576-8baf7b306069","conSearchBody_PO":"cac7bfd7-3d31-492d-919b-76f34eb65096","conSearchFormTab_PO":"5ff610fc-a639-4ed4-b9b2-a4fcea4c9329","conSearchFormBody_PO":"25d5d489-0088-4501-af4c-27630c5d5aa0","conPurchaseOrderFields":"33c5ee9a-00cc-45f4-b3d4-c6175cadcc17","conOrderNumber":"483a1524-1015-4856-b381-ad1448c84252","lblOrderNumber":"7a09602b-8143-42c9-90a3-728ce9c7c4a9","txtOrderNumber":"4ad83dd2-ed00-4c83-b9ca-b213c39297fb","conCreatedFrom":"1a96b808-a1eb-4218-a58e-f363cc0344db","lblCreatedFrom":"e7a7a989-b3d0-4001-837f-b46ce34a90bd","dteCreatedFrom":"f5c58b91-531e-4533-a83b-eed28fda9b10","conCreatedTo":"e4fada89-0431-4bd6-8793-ea5294c21f92","lblCreatedTo":"c26c7541-d633-4cba-bee8-838a57a9d381","dteCreatedTo":"8af471b9-c340-4b70-a532-5f7b3a1733cb","conVendorFields_PO":"cbbb8d88-2d52-4ac4-92a0-06a6e6132d6a","lblVendorName_PO":"c1796d82-95df-438b-abc3-95859c616051","conVendorSearchButton_PO":"10cbbe5a-0914-4957-bad1-736c6064d288","txtVendorSearchName_PO":"a018d7e9-1cc0-4a69-9b7d-7fbc93a6500a","btnSearchVendorNumber":"8f06cb5b-a8a7-406d-9841-4f909666e1b3","btnAdvancedSearchVendor":"7320f2eb-b8e1-487e-9937-d161b4f9a09f","conSearchButtons_Material_1":"5f0ecbf2-de92-45d2-87cd-c287ecff89b7","btnClearSearch_Material_1":"e855b2cc-cad7-4370-a802-6e4db86e66c9","btnSearchAll_Material_1":"e52a7303-8bd2-4567-beb5-da7d21030477","conMaterialSearchResults_1":"47abb433-a6a1-4fa2-b0cb-ca7d3e63f444","conMaterialSearchResult_1":"e508cb98-4713-454b-85ce-70cec6e9d110","conPurchaseOrderSearchCommandBar":"6e95cc25-10c2-4e56-952e-f9b8057afd78","lblMaterialSearchCommandBar_1":"ad2e5bf5-5cab-443c-85de-1c9729d88c68","txtMaterialResultsFilter_1":"41c72d8c-2f1f-40b7-a220-97a3a9567a15","shpPurchaseOrderDivider":"c0ab07cd-55e4-4c1f-9c4c-abf7dc3e0f27","tblPurchaseOrderSearchResults":"4571a380-bb23-4541-a15b-3d5bee628605","OrderNumber1":"a7ad2797-c014-418f-a449-f2806e7a146c","Vendor2_1":"e51c3134-9bd6-4d18-b6d8-5646dfa46ab1","_VendorName2":"ff36f400-c796-4611-922a-f95db4cf4d6b","CompanyCode1":"3baba412-3eea-484c-bcf2-a5b884082ec7","PurchasingOrganization1":"e217a41b-f325-4186-82f1-28a7476c8291","PurchasingGroup1":"1beb1c5a-1d52-4c3e-bd13-ce2d974828c4","_Amount21":"57ecc663-cc19-4958-8a02-0d4b4a03a0df","_FormattedDate1":"6f784564-b810-4745-bb8d-1f2ae62a882c","conMaterialRecentlySearchedTab_1":"5008d78e-51b2-4dcd-96f2-f94672f26691","conMaterialRecentlySearchedResults_Material_1":"55a78437-6f48-45f7-a915-a09df55908c8","conMaterialRecentlySearchedCommand_1":"7eaee92f-cc49-44e8-ab44-923c5d0784f8","lblMaterialRecentlySearchedCommandBar_1":"c15d6d71-dbc3-46e8-8bf7-1c9f7ba34c8f","conMaterialRecentlySearchedCommandBarFilter_1":"017badca-181f-4dc0-ba6e-c991dd124ee0","txtMaterialRecentlySearchedResultsFilter_1":"6316330c-b214-4d24-ba95-b1a222daebfc","shpVendorRecentlySearchedDivider_5":"f7177b95-196b-4cef-acbc-e0ef1e70ea0a","tblRecentSearchPurchaseOrders":"58c1ea5a-ad53-446a-8f49-2840b7a4d9dd","mpa_name2_1":"b8bf0177-f956-42a0-8473-072c6ccf75ff","mpa_lastsearchedon2_1":"d0b865ec-3e63-4122-af4b-13a0bb24eede","spnSearchProcessing_PO":"41e92894-5387-48b6-b761-2d29e505eba7","compHeaderCompound":"349005e5-26d4-4b89-97dc-5dea2494047d","Rectangle1_1":"4ec907f9-8d2f-4307-ab90-da9258a4d0f9","btnBack_1":"43159f31-8c31-4181-922a-88148d1229cc","comp_Header_1":"99e5a836-67a4-43b4-8de4-a9a7dd272494","compVendorSearch":"7eef629d-d726-4c9a-9281-d48432bc4fa0","conPage_Vendor":"94cab7b3-cae7-4923-910e-de6463427430","conMain_Vendor":"dcd02075-5e37-4ffe-ac3b-ca2e17e13fa4","conSearchHeader_Vendor":"db3faf26-b171-4667-be1a-50bde2e2ccb2","txt_H1_VendorSearch":"a1342900-7c0d-446a-8aa7-01da04427982","tabSearchTabs_Vendor":"42e8f3c5-a898-4305-9fba-4029f8c2c5db","conVendorSearchAll_Vendor":"1509d588-23a4-476d-beab-3b3246e5c9b5","conSearchBody_6":"280a70fd-84f0-48f5-bb13-163990cf92c4","conSearchFormTab_6":"36e917fa-c580-4130-b359-ede410ddb1ff","conSearchFormBody_5":"2e35f1d7-6ad3-4939-bf1a-8003390c8ecc","conVendorFields_4":"7ee4849d-2c3e-424b-8cc0-63dfa3fbe66a","lblVendorName_3":"431b4bfd-70e0-4320-8ad4-de2092dc25a4","txtVendorSearchName_3":"93602ee6-8c79-4fa0-8177-92b92a6f2b7d","conAddressFields_3":"ed2e9898-93c4-4c3f-bb42-996edcb24fef","conStreet_3":"bdcc6606-c1d2-48c0-a0ed-f7493ccec6c7","lblStreet_3":"5fa9bd4a-3c90-4dd0-8588-12aafe9a9988","txtVendorSearchStreet_3":"ee3c47fb-f97e-4412-b392-1c6ed74e7b85","conCity_3":"a97ae421-0434-493e-b57a-2e40c17cbf3e","lblCity_3":"0baa8319-5fb9-42ed-b8c1-73b3dc989b34","txtVendorSearchCity_3":"8a44c448-9352-4c90-b62b-4fd6ba4e63a4","conCountry_3":"80e9322f-a007-43e2-a870-cac765d90f04","lblCountry_3":"90af8891-9342-449f-bbb6-beceabe7494f","txtCountry_3":"129e8ed4-a468-44a3-8473-99f0dd04f835","cmbVendorSearchCountry_3":"27fedfdf-7ad1-4eb6-a026-8a8ba66466fd","Display Value1_3":"cba801ab-2a14-40e2-8fdf-02a4ebc7bf4d","Description1_3":"a166c3e9-3437-4fb2-8a1d-a410fb0f7eb4","Domain1_3":"4b87bb88-94ef-4d02-973c-3361a089f0bd","Language1_3":"ee02bbd6-56ba-4faa-b4df-c34e9d44c66a","Value Code1_3":"e35b64aa-2f57-42ef-abe1-a075103c6513","conState_3":"cd93ff3c-1790-4071-aa47-6964847fd9ea","lblState_3":"a70ac939-237f-4565-9980-5c697129b398","txtState_3":"56a1025c-d331-4728-869b-66cb5a7c7cd5","cmbVendorSearchState_3":"9e8f1e0f-94db-41e9-9c08-004937e036fe","mpa_value1":"0863526d-995b-4bc7-bdc3-86062efc9fb9","conZip_3":"fd2a2d87-5a99-4230-9f87-382d17c2cfbb","txtZipCode_3":"071f8629-7224-4b9f-b013-c78ce0971e3b","txtVendorSearchPostalCode_3":"6db8bb06-93df-4dc9-b8ea-8adf6d266733","conSearchButtons_3":"3dd17be0-959c-43a1-a477-8e698c9baec8","btnClearSearch_5":"f048f94b-b70d-4c5b-91bb-7f2f6221fa2b","btnSearchVendorAll_5":"74bbbefa-8049-4dce-a4a7-a6101cc2badf","conSearchResults_6":"efe7d4c0-4be1-4779-b1e1-66d2518bafce","conVendorSearchResults_2":"dfac37cd-1e62-41be-945c-67308d3178d3","conVendorSearchAllCommandBar_2":"cd91f7e0-4dd4-48f5-adab-4af3cbe94076","lblVendorSearchAllCommandBar_3":"a2dc21a7-ae7e-432e-adc3-9d5b9d62802c","txtVendorSearchResultsFilter_3":"35e1a693-a651-4a7d-aa24-09cb7d21c424","shpVendorSearchAllDivider_2":"4c21c22c-1e85-437c-8329-769fa79dc979","tblVendorSearchResults":"1b3cb6d6-ec64-4132-ab87-e36378752947","Vendor1":"ece2d472-6cb8-432c-a6df-a727d2f5ac94","VendorName1":"05695e42-6f81-44d2-a9c8-434e6de049a9","Street1":"6f11a3a0-d490-4203-940e-b9c7f6ba196c","City1":"9488c734-857b-41fc-ba36-315dbfce9393","Region1":"636b4ab0-03e8-4107-ab3c-9d1908fed103","Country2":"d7cd7c51-7d58-4be0-9385-c3a7c37197aa","PostalCode2":"f401fb66-5c81-404f-b704-f5fd9ae618ca","conVendorRecentlySearched_Vendor":"c8d4e1c6-6df3-467c-aec4-d1bff2c6a730","conVendorRecentlySearchedResults_3":"bb5e9046-584e-4e72-8ede-52246aeb7f58","conVendorRecentlySearchedCommandBar_3":"3e4caada-752d-4d88-b641-3e2de8a02059","lblVendorRecentlySearchedCommandBar_4":"9dcc84f8-ebd3-4079-89dc-dd1b6121f3b6","conVendorRecentlySearchedCommandBarFilter_4":"44e35c9b-769f-4f90-baf6-892c40f1aab8","txtVendorRecentlySearchedResultsFilter_4":"f8cddd08-dc54-4332-8b16-644476dd3fa2","shpVendorRecentlySearchedDivider_3":"37edcf04-0107-43b8-9118-3d902b2ad4e6","tblRecentSearchVendors":"175bd8d5-704f-4feb-bbbd-0913f127b680","mpa_objectid1":"1acef1dc-e141-4af8-aa1f-9527b23335c7","mpa_name1":"2f973170-8d82-4480-9aa0-31682bf728b9","mpa_lastsearchedon1":"f8e0e952-2060-4529-8098-c3d2e05d1864","spnSearchProcessing_Vendor":"c67d70b3-edbb-4758-951c-7ab3e028bb81","compGoodsReceiptSearch":"b9bbe2da-0485-4c9d-bb21-a7e10b688fe9","conPage_GoodsReceipt":"dcf125f6-4a1a-4ebe-beaa-9104bd896437","conMain_GoodsReceipt":"b1e11cfa-08f0-483e-a22d-182a8dd7ad12","conSearchHeader_GoodsReceipt":"5ab49e81-c540-4566-9cea-da0b81a3bd96","txt_H1_VendorSearch_6":"7ff0ae3e-024f-4201-8363-3a3097bc4b72","tabSearchTabs_GoodsReceipt":"76834ce7-834c-4d37-bbc1-a8653bf1a948","conVendorSearchAll_GoodsReceipt":"2f7ebee6-70f6-483b-b0a7-b32f1483a8a5","conSearchBody_GoodsReceipt":"4f8fc06a-bdd3-44b5-a32d-36f122ee4e6e","conSearchFormTab_GoodsReceipt":"40a27091-a57e-4745-9209-6923de73d498","conSearchFormBody_GoodsReceipt":"e6742e7f-f5c4-4320-8c0d-19b004546133","conGoodsReceiptSearchAllVendor":"7f0ad8a0-ad0a-4ff4-a447-ca37acf43a93","lblGoodsReceiptSearchAllVendor":"5f7fd2b1-218f-4be0-819b-ece260b72b55","conVendorSearchButton":"c027f40d-f821-481d-ae8e-b394b765034d","txtGoodsReceiptSearchAllVendor":"aaf2498d-8244-4f8f-9bd8-e877ddf80ad5","btnGoodsReceiptSearchAllVendor":"978e83bc-b74d-41e0-b426-8290a39e98b3","btnGoodsReceiptSearchAllVendorAdvanced":"7c1a8a97-5ee3-433e-a09a-0a54827ee60c","conGoodsReceiptSearchAllPurchaseOrder":"358766fc-0b49-4fb9-a9ca-2a287e28419c","lblGoodsReceiptSearchAllPurchaseOrder":"13e5871c-3acc-4c87-b4ba-40ab81fa5cfd","txtGoodsReceiptSearchAllPurchaseOrder":"bd6b157b-715a-492a-9f21-5deddba729af","conGoodsReceiptSearchAllMaterial":"1b070eb9-2968-4e79-812e-c3ff17630362","lblGoodsReceiptSearchAllMaterial":"d864ee77-6e9f-47a0-a520-75302bffa8f6","txtGoodsReceiptSearchAllMaterial":"63734f60-6d8d-4f46-91b5-57a871f44076","conGoodsReceiptDateSearch":"a6769d24-1a13-4e06-bbef-afeccfb5693b","conGoodsReceiptSearchAllDateFrom":"5614b59f-fa65-45b6-b893-6a31163da07c","lblGoodsReceiptSearchAllDateFrom":"1a74f5db-b9d7-4cec-9ce8-7b49e9976481","dteGoodsReceiptSearchAllDateFrom":"9da7d484-d884-4c9c-90d7-3a1b63e2f8ed","conGoodsReceiptSearchAllDateTo":"5b0969e9-ae4b-41b7-96df-9fccf522107d","lblGoodsReceiptSearchAllDateTo":"a8799438-6e94-4725-9e81-bff6d65a8cb3","dteGoodsReceiptSearchAllDateTo":"a513efd0-59a8-4228-9ac8-5e8742d2044c","conGoodsReceiptSearchAllButtons":"c1fe635f-e931-4a3e-9d6f-4ccb5ed55ec8","btnGoodsReceiptSearchAllCommandBarDone":"73e1af67-f756-4816-aef4-5538ed997d4e","btnGoodsReceiptSearchAllCommandBarSearch":"ac90fb0b-922f-45ca-8f05-dca3cc642278","conSearchResults_7":"f956d46e-7347-4856-a806-de722396dfc1","conGoodsReceiptSearchAllResults":"1fc45f50-69ae-4dfe-8c92-86d87a76ce4d","conGoodsReceiptSearchAllCommandBar":"4b641e0e-7cd0-4278-81e4-b42897954ed9","lblGoodsReceiptSearchAllCommandBar":"a48e7a2b-d972-4afe-8743-bdae3ee5e76c","txtGoodsReceiptSearchResultsFilter":"28318d50-bb0a-4d10-bc2e-b806a3909088","shpGoodsReceiptSearchAllDivider":"3ae77087-c2a9-443c-81d3-1a8b0f99c6aa","tblGoodsReceiptSearchResults":"f3aed840-5d7e-46cc-8fe3-9503cd2644c9","MaterialDocument1":"0e40cc25-1ce9-4796-868b-314754c641f8","FiscalYear1":"9b268ffd-281f-4d0b-9cb6-15651c50085f","Vendor2":"a5da4d1a-4d3c-46ce-b90a-9e92a17b74e8","PurchaseOrder1":"2d84aaf4-d244-4cd4-a2b6-f6950e279e5a","MovementType1":"2ad85ef4-a9d1-42b9-96aa-83a028f8cd0f","Material1":"721645ae-e70a-46b5-b503-73893f648461","Location1":"5d615545-d448-48de-b9cb-ab51cf7add99","_FormattedDate2":"9fff8fce-f9e5-47ed-895c-3ff1614b44c8","conGoodsReceiptRecentlySearched":"c7ff89a8-7d95-41a7-8ed4-30fcff0fc193","GoodsReceiptRecentlySearchedResults":"39ebdde7-daa1-4c8e-a670-9fb88cf36800","conGoodsReceiptRecentlySearchedCommandBar":"3f967d86-b233-4b2f-a2f2-f953f62909e4","lblGoodsReceiptRecentlySearchedCommandBar":"4e5864de-d84d-481b-a3ff-0d53946a3168","txtGoodsReceiptRecentlySearchedCommandBarFilter":"05199658-a529-4233-9b19-cc5b860315e3","shpGoodsReceiptRecentlySearchedDivider":"39561938-ae35-47d5-b800-ec1a075c7f1a","tblRecentSearchGoodsReceiptResult":"5bcd9e27-cf89-43c5-b8a6-4a427304e326","mpa_name2":"31f1cf16-aada-406a-bf56-01a5d105b8e4","mpa_lastsearchedon2":"dfcc2fb1-9fb5-4dd5-8607-1601e74d48dd","mpa_attribute12":"41dcf0e8-adfe-4d6a-bdf1-dea160bec052","spnSearchProcessing_GoodsReceipt":"5222ac4b-66a8-4a1a-94a0-fc3f5d41833b","Purchase Order Search Screen":"85070f37-88c4-4e4c-ae04-a941553e6bdd","imgBackgroundGradient_OrderSearch":"09e7036c-fdb6-43e0-85d7-d4d74d4202e0","cmpHeaderCompound_OrderSearch":"5eb00f53-8a65-4f90-9fc2-f3f0d378788e","conPageContainer_OrderSearch":"022d2eff-e7a3-49a0-a178-6683716bb51c","cmpPurchaseOrderSearch":"8de520ab-43f3-4a17-96da-35d9159408a0","cmpLeftNavigation_OrderSearch":"1e36d4f1-f081-4f8e-b7f4-7d2952ce8d35","Vendor Information Screen":"67c68967-fd75-4663-b411-ce393a1e0110","imgBackgroundGradient_Info":"9ff70493-cf8d-4e45-97c6-96c82c810192","spnProcessing_Info":"a4950737-1a83-49cb-8091-883e05511cba","cmpHeaderCompound_Info":"4c7cf5e0-f3d8-4bf4-8ef6-2ab8697b5fd7","conPageContainer_Info":"ae748cfa-1c73-49d0-85b5-cf81f943e7ab","conMainContainer_Info":"7f6c7afd-3187-4d26-aa9a-2d66f4165277","conHeaderContainer_Info":"f70b840c-27c5-4862-865f-09916e50992a","lbl_H1_Vendor":"eb03a0a6-5657-48fe-9434-3a8dc1940178","lblSubtitleVendor_2":"9b967ac2-3680-444e-bf2c-29813ad4f1dc","cmpStepperHorizontal_Info":"4fcc8f5a-1ca9-4bd5-af0e-2c8438b17ca8","conPurchaseOrder_Info":"c7a38980-8878-443f-b50d-add08d55b69c","lblFindPurchaseOrder_Info":"c08c5bb4-4a7e-4480-b381-274d5a9ffaba","conPurchaseOrderForm_Info":"b2aa1c56-7783-462e-871a-737810ca28aa","conPurchaseOrderSearch_Info":"b909ff44-6810-4a98-9cd2-7b8eb34d00d5","lblPurchaseOrder_Info":"1576ae05-d95f-4518-91ae-d2173dc39b3d","conPurchaseOrderButtonSearch_Info":"1e433ba3-c4cd-4d0c-8683-f3c1695445a0","txtPurchaseOrder_Info":"3c0198f1-30ec-4b4c-938b-572dfec20e85","btnSearchPurchaseOrder_Info":"49389aa6-c3f0-44b1-a415-236ec6f5c996","btnAdvancedSearch_Info":"e4a81799-092f-42cf-9076-375a72ffc3c4","conGoodsReceiptDetails_Info":"017aa367-9cb4-4cc6-aa72-527447566218","conForm_Info":"290dcd5d-8524-49c1-923a-caeef4560db9","conFormFields_Info":"7661a12d-706a-4297-9b17-319e66dd5f03","conFIelds_Info":"3c8fe981-a2f6-4722-90bd-bc69262325f1","conVendor_Info":"deb6f53e-a4ea-4a2b-a994-468953197460","lblVendor_Info":"4cfecf5a-2bf9-43d0-961c-45bf21f18350","txtVendor_Info":"e7fd0eb8-47ff-42f8-8f0b-9ae316ead719","conVendorName_Info":"89b9f65c-7ee5-4a86-95f5-eff41978752e","lblVendorName_Info":"69673fbb-9f7f-4ade-8a4b-1ddf0f4aecb2","txtVendorName_Info":"00a5643f-0e14-420d-9468-63c1170cf456","conDeliveryNote_Info":"c40fc21b-bba4-4e04-ae7f-8f91cd2ffdbc","lblDeliveryNote_Info":"156036f7-ce87-4ac1-b4db-90b5b13de429","txtDeliveryNote_Info":"afc78a74-9ed9-407c-89cc-9e7ccbf77c9f","conButtons_Info":"5c25e4ff-2054-4088-945d-c9bc6385e3ad","btnCancel_Info":"bfac1af5-f54f-4f23-8b08-e0394e26360f","btnNext_Info":"137594ee-f912-4dce-82bc-ba22792c3a7f","cmpLeftNavigation_Info":"cc6dbdc9-eee6-475e-877b-ea1120c9dbb1","Review Screen":"a0f4e9af-7453-42b8-8498-879222766cea","imgBackgroundGradient_Review":"ceb8df69-87e4-4b81-89b6-5691004ce64f","spnProcessing_Review":"2fccdb5c-f43a-4681-9bf5-f6baa629945b","cmpHeaderCompound_Review":"c5e83246-ea9d-4ee1-8e45-c504672f7780","conPageContainer_Review":"c6ae5bfd-fedb-4513-a1ee-4f2d38f0a1ed","conMainContainer_Review":"b1e423a5-2d45-47fc-931e-e25a40d3ba17","conHeaderContainer_Review":"c156459b-6107-4a3b-813e-225bd7ce8588","lblH1Vendor_1":"49485079-9485-41df-8308-faed5718c254","lblSubtitleVendor_1":"af26f73f-fee1-4b6b-bb4c-068f42138f83","cmpStepperHorizontal_Review":"578e256b-c788-4fc6-90e2-c1c807a9eced","conReviewGoods_Review":"7c8e5221-061d-4f3f-a8d7-70ec5e84e832","conPurchaseOrder_Review":"0ce79490-c3ac-45be-90c2-f99562ee0336","lblPurchaseOrder_Review":"eeffb6ba-8e78-4c34-9bb4-1c9e617b2023","lblPurchaseOrderValue_Review":"07e0fc6c-e59e-426b-9299-d545bb2d5707","conVendor_Review":"eb822ca2-915d-4a81-a3d4-281ae6dad2d2","lblVendor_Review":"dcf54442-3044-4d04-ae6f-c5343e071e59","lblVendorValue_Review":"0bc10647-9b7d-46f3-a6a7-09728be014bd","conVendorName_Review":"17536147-90bb-414d-a49e-d40fa56aea7d","lblVendorName_Review":"62951e6b-20e0-4bf0-9618-b37fba614570","lblVendorNameValue_Review":"41390f0e-06ea-4609-9a41-317b15e9f1a5","conDeliveryNote_Review":"ae854f8b-4b91-4f24-8585-fde1c7266a37","lblDeliveryNote_Review":"ededb0d3-ef37-4980-bd0a-636681511b9d","lblDeliveryNoteValue_Review":"f07d942c-8b30-469a-bd3a-e951adf139d1","conReviewItems_Review":"460e2fe7-e946-4eff-b0e0-6eab53396838","conReviewItemsContent_Review":"a1f68954-ba49-43bd-8ccd-b9c10b35ee3a","lblSubtitleProductItems_Review":"3550890b-69e7-42d4-bc7f-e899e162885f","conGalleryHeader":"ea50ac3c-d735-4cc1-b379-9d48e55525bb","conItem_Review":"48bdda02-798a-4d23-ac7a-2a0c383918a2","txtReviewGalleryHeaderItem":"f7bac707-6b8c-4792-9605-ed8caa8b066d","conStorageLocation_Review":"6d6b24d9-380c-4e38-a82d-326b0e36e2d1","txtReviewGalleryHeaderStorageLocation":"27183376-2822-42e8-b9a3-2a1a16ead90d","conMaterial_Review":"93c306d5-f9ab-457d-9013-de2b7b368a91","txtReviewGalleryHeaderMaterial":"2041d72c-13b4-4ff9-acbb-62f397582ddd","conDescription_Review":"25d9adab-4d01-4aad-93c5-b4bb5790abc4","txtReviewGalleryHeaderDescription":"63e42954-c32f-4377-ba0e-97bd5e219e80","conUnitPrice_Review":"72431432-37c1-42f4-82bc-e9dbf6e69b57","txtReviewGalleryHeaderUnitPrice":"998d7f20-28e7-4ac0-8731-b3546fac828b","conTotal_Review":"042061ae-a1a3-46a9-9653-503c8bce9ad6","txtReviewGalleryHeaderTotal":"a3414fba-1f10-466f-be57-85aa972d75cf","galItems":"52162b91-652d-427a-952a-e8893b3e26e5","galleryTemplate4":"e75c1fa4-6bc9-4060-a742-1a16f314a7ba","conReviewGalleryItems":"18df6267-4894-4317-a3a6-23746eb1044b","conReviewGalleryItem":"914b4a93-7ae2-42b8-809c-ea18b02a915d","txtReviewGalleryItem":"b4aa574b-9bc7-4482-a65b-a2df468d0911","conReviewGalleryStorageLocation":"39553782-93be-4488-857c-e00ea595ea78","txtReviewGalleryStorageLocation":"e114114c-fc82-4097-91e9-cf8cfa97c08f","conReviewGalleryMaterial":"70d03463-174d-48d4-bf67-b06e533e0bf4","txtReviewGalleryMaterial":"7b1d9423-7530-43f4-967d-d29a114cda6a","conReviewGalleryDescription":"4a5d6bbc-0c91-4e83-ab68-7b254910da73","txtReviewGalleryDescription":"a2f5c9be-2c48-427b-967f-2c8ee2653285","conReviewGalleryUnitPrice":"7d49e4c9-8631-47b8-b6f0-d44620df993e","txtReviewGalleryUnitPrice":"de8c8e41-ef75-41b5-be5f-2d25ffa008b9","conReviewGalleryTotal":"583ba02d-bf28-4ec2-acc2-7a4707149e04","txtReviewGalleryTotal":"4d297111-731d-44b9-b9ad-93111c32ba42","conButtons_Review":"4276d7d0-7748-4525-a526-e77ecd3306cc","btnCancelReview":"5cd2f00e-66c2-4d3c-82ef-85f919a8dec7","btnNextReview":"c969a3fb-5d17-49d9-9c2e-419eeff2431f","cmpLeftNavigation_Review":"9169a4d9-27b6-46e7-ac97-7e3c0ff38849","Landing Screen":"00f25bf9-a911-41b8-b1d7-124af2837023","imgBackgroundGradient_Landing":"b9bfc26e-2f54-4509-a177-8ba34efcd5aa","cmpHeaderCompound_Landing":"962ef351-3b58-43d0-a423-ae0b72a8590f","cmpLeftNavigation_Landing":"8d8a511e-6c21-43fc-b845-469f1111c0af","conPageContainer_Landing":"38417bc2-eb82-41c7-8dd2-47c363e9a472","conMainContainer_Landing":"fed6bfdc-b266-4cf2-812d-db71202d5fae","conHeader_Landing":"607f04b9-fd67-4229-a3b5-21b905284f9e","conHeaderLeft_Landing":"8355c00e-f401-4d64-8a43-1df433442101","conHeaderContent_Landing":"fc087f41-bbb8-4cf2-9e52-f2013fde4cdf","lbl_H1_Landing":"7e6808e1-e21a-415c-9ede-b3df36dd1dc0","lbl_H2_Landing":"2cb85d65-c0e6-4841-86c8-0dfb3f771ad2","conHeaderRight_Landing":"7c93b2c0-e50c-4798-865d-d11ab9c20a87","conHeaderButtons_Landing":"04ca6b3e-e67f-4de4-925c-cff50e0cdb88","btnNew_Landing":"266de425-792c-495d-a1bb-8b49f285e1a8","btnSearch_Landing":"fc3a446d-0bc9-432e-a4d2-2e21e4625e5b","conRecents_Landing":"6a32c144-9773-40d5-a746-43bb9a7e2706","conRecentsHeader_Landing":"e03e2988-3639-43fd-bfc7-a8fba58c2223","conSearchContainer_Landing":"2e0d247b-9f2a-4d24-bf58-447fce675f3a","txtSearchReceipt_Landing":"92dc5397-69ef-4c4b-9933-886c698cb637","cmbFiscalYear_Landing":"8f902a66-179c-4601-84e7-77e7b95dc348","btnSearchOrders_Landing":"a3bbd21d-d7ec-45fd-ab70-d5c07fee6eed","conRecentsHeaderLeft_Landing":"0b200a39-41c3-4152-b12f-4b6ddb69e6cc","lblRecentHeader_Landing":"fdaa7b84-a799-413c-a097-f8b51f020fea","conRecentList_Landing":"34fbdbf0-4f97-4d37-93a6-a639440851ae","tblRecentList":"007fcc50-abf2-45e8-b5ee-5222a485a671","Object ID1":"21ded186-42d5-4b69-8803-feb9b587d516","Attribute 11":"1e7cf965-a977-468e-9d7f-9f5a5f98e841","Last Searched On1":"13bb8bf5-8947-44b7-9465-abd277380102","_VendorName1":"703dfff8-1e24-44fd-8784-68b098d73677","spnProcessing_Landing":"72c68f5d-23d1-4f1e-a2f1-585141150f7a","Product Line Items Screen":"17538b0a-e44d-4207-9943-49148044e17e","imgBackgroundGradient_LineItems":"3c17bb11-fbac-47b7-b69a-554d0135cc17","spnProcessing_LineItems":"4b89472c-1c16-41b7-8371-382c3fc2111c","cmpHeaderCompound_LineItems":"ea3bfc03-5ec9-432c-acde-dd8f44537ad5","conPageContainer_LineItems":"a3f5e84a-a714-46aa-95be-5508763ded2b","conMainContainerLineItems":"3d8d1ec8-b8bc-4654-a2f7-2c33bb83c593","conHeaderContainer_LineItems":"ea243080-5677-47f9-b6b9-310cb49781b8","lblH1LineItems":"5cf0eb80-ca93-48e0-a89c-a480d2e2180c","lblSubtitleLineItems":"0d814018-5fe4-49f2-94f1-263a4e3b7fc2","cmpStepperHorizontal_LineItems":"fd5f1f15-2129-4dec-9f42-a3b2fcd03985","conItemEdit_LineItems":"58c60ca9-4523-4b99-8c07-ea21e9c076df","conItemEditSection":"8f5e824f-4ed4-46fd-b129-1abc569ba9bc","conLocation_LineItems":"06e7330d-b161-406f-9b4b-10f2314ee7c4","lblGoodsReceiptItemDetailsDataLocationEdit":"10c71ec4-8c84-492a-b1c0-59b5abb2b12a","cmbGoodsReceiptItemDetailsDataLocationEdit":"cbffc5d2-180a-49ce-84d7-34558df46795","Display Value1_1":"443fda24-b763-4b9a-acd8-07910b47a980","Description1_1":"4c06a5d7-4a97-46c9-a104-94778edf891b","Domain1_1":"42544d65-b7f3-4280-9a4c-516402fecb43","Language1_1":"3ef3efd5-00f7-48be-9f56-39380ab9a658","Value Code1_1":"b7aa23c7-7c44-441c-8187-f9ed46d5a8c1","conStorageLocation_LineItems":"3786e93b-6f66-4b1b-8b84-cf933badc3bb","lblGoodsReceiptItemDetailsDataStorageLocationEdit":"0df80756-9031-4b4f-a985-086a00a0fd71","cmbGoodsReceiptItemDetailsDataStorageLocationEdit":"fdfb557a-0f1b-4165-a379-08e59eec5b76","Display Value2_1":"062cab74-eb9b-4f09-b788-8a2ec49e2433","Description2_1":"6e7a6da1-9002-473f-9fb1-4e74d19ae05c","Domain2_1":"f8f4e0af-e33a-4277-8011-759ef06d3617","Language2_1":"1006849b-a5a1-4ed8-8d36-fa8bb1b34366","Value Code2_1":"d1f9dd8c-8131-44a9-b90f-69f692ae2fe2","conMaterial_LineItems":"d785f690-05ff-415d-8882-f405c1debc2a","lblGoodsReceiptItemDetailsDataMaterialEdit":"9b14da80-5783-4b3b-a7aa-02dd071077aa","txtGoodsReceiptItemDetailsDataMaterialEdit":"abacfee4-3220-499b-bbfd-f1190c4e3635","conDescription_LineItems":"8f19d373-4d2d-4096-8311-20319b4f37e3","lblGoodsReceiptItemDetailsDataDescriptionEdit":"e7626d23-3f0b-4ced-9bb7-6d0ee2873d94","txtGoodsReceiptItemDetailsDataDescriptionEdit":"6082d5f5-ac44-4c9b-a1f6-5a1f3d5010f6","conUnit_LineItems":"ce84fdda-4fcc-401c-9ee6-9089ca6fe886","lblGoodsReceiptItemDetailsDataUnitEdit":"ea9b5e6f-a077-4891-b32a-f7bf58fc00b1","txtGoodsReceiptItemDetailsDataUnitEdit":"fd3bad51-2f1e-48e9-bd5f-2a465fda9ed7","conQuantity_LineItems":"7873f78c-be10-40d4-ac43-0e449f27ed0d","lblGoodsReceiptItemDetailsDataExpectedQuantityEdit":"98996036-3d57-4cca-a52b-0ac62336ae21","txtGoodsReceiptItemDetailsDataExpectedQuantityEdit":"a446c29d-ca05-4033-93f2-7e610ed34f98","conRecieved_LineItems":"d880c4cd-3cc2-42f6-967a-109d2415f6a1","lblGoodsReceiptItemDetailsDataReceivedQuantityEdit":"ea91849d-ff69-4b3c-898b-434e77d27b63","txtGoodsReceiptItemDetailsDataReceivedQuantityEdit":"e71c3e58-d4c0-4139-8c6a-28e500f63970","conUnitPrice_LineItems":"e9dd7e3e-f0a6-4ed7-aa00-3d54fb2ae8ab","lblGoodsReceiptItemDetailsDataReceivedUnitPriceEdit":"19abdec2-5afe-4b03-9840-42e397f88272","txtGoodsReceiptItemDetailsDataReceivedUnitPriceEdit":"9fbc2e66-c8b3-49f1-ba02-f508d62bd01c","conTotal_LineItems":"251fcaab-4938-4a06-8ab3-230d06c4cee4","lblGoodsReceiptItemDetailsDataReceivedTotalPriceEdit":"155afd60-b488-4fa2-bcd2-89cae8c9dddd","txtGoodsReceiptItemDetailsDataReceivedTotalPriceEdit":"7a4e72ee-e589-4d45-874b-9aeacda21a31","conFormButtons_LineItems":"da604b59-e7ff-4ad3-9c27-cb2e8cab6daf","btnCancel_LineItems":"0e6bb879-15f8-4b3b-bf15-6e8d8dfe7529","btnUpdate_LineItems":"6376a0fd-4164-46a3-a8dd-02a6de67ace8","conGoodsReceiptItems_LineItems":"067c6700-39a0-4f3d-a4e0-442b938a53a2","conTableCommandBar_LineItems":"66139e44-2cf5-4f60-8f2e-39d11b7316e8","lblTableHeader_LineItems":"e5fde204-36eb-4f11-a34c-a011cff9b047","conCommandBarButtons_LineItems":"fad5ae2b-e367-4781-af8b-65254bfa279d","btnCommandEdit_LineItems":"87e52b1b-e941-4a40-96ce-419d9f4db0ba","btnCommandDelete_LineItems":"88aee2f4-7d4d-4a8e-80f9-7b6453253626","conTable_LineItems":"400c7d8f-dfaa-48d9-bf70-9fe84a976dca","tblLineItems":"5bb2c57f-7c40-4705-a55b-d6a814464fa9","ItemNumber1_2":"11eae022-a9aa-43ce-8b8e-78aa41fc365d","Location1_1":"a0efc954-5fbe-429f-ae58-f36bbd1eb58d","MaterialNumber1_1":"bad19bd2-2348-4d9a-aa86-2c8b7a02faf3","Description6":"9dbb0bf6-6b16-4bd8-9717-7b02e700c044","StorageLocation2":"088993a6-4438-4feb-8e9e-635aa23d43f2","Expected1":"c98d597f-ddeb-4c7f-b175-03c652a26733","Delivered1":"c37e3160-9b7a-4444-87a7-2f707a1fa91c","UnitOfMeasure1":"f768510f-d87b-4993-8d4a-a393fadc7f68","UnitPrice1":"353e01e7-71d7-43da-bb14-79bf407e23b1","TotalPrice2":"0e54ddd5-5597-479f-8425-1f01759ee0f8","PurchaseOrderItemNumber1":"4f76dee9-1e20-4e39-9262-6d8fb8937d7e","conButtonsLineItems":"8772fb01-f106-4a09-9b88-b233bd368eb6","btnBack_LineItems":"43852692-2d01-469e-986e-f5fe11a727df","btnNext_LineItems":"f3927c5c-2425-4e9d-8640-8a0ada608d10","cmpLeftNavigation_LineItems":"c5159c90-bd9e-4d33-b970-6d3efef54bb9","Goods Receipt Search Screen":"c2efee94-fa77-4355-897e-491933e2139a","imgBackgroundGradient_ReceiptSearch":"3838fd31-01ad-4090-85c2-8e12bc1f4740","cmpHeaderCompound_ReceiptSearch":"1d5a4397-f385-430f-9902-ea0b3f6343be","conPageContainer_ReceiptSearch":"fd60ec84-fcf5-462f-87c5-c06aab0cabec","cmpGoodsReceiptSearch":"e40664c4-8ce1-45e8-a84c-a3dea717e363","cmpLeftNavigation_ReceiptSearch":"93bf59af-3c3f-4755-8ffc-3c197ac76cf9","View Good Receipt Details Screen":"ea6da45b-6967-4e57-9c43-dc943a05196a","imgBackgroundGradient_Details":"dc579140-33ac-4777-9940-41a1beb2e974","cmpHeaderCompound_Details":"d7481787-cc86-4826-aae6-b82a410501b7","spnProcessing_Details":"1987fb00-0363-455b-9df7-3a8533894415","conPageContainer_Details":"2d6ec08a-980e-42de-b1ba-c0546f12a816","conMainContainer_Details":"de8f30f9-6d06-4663-9fef-0747d421e2ca","conHeader_Details":"90aa342a-578c-4f11-a91f-62000b8abc68","conHeaderLeft_Details":"d3c5df0e-fc86-4a56-8e5b-6bfe48eab4c0","conHeaderContent_Details":"17294860-3a63-424d-817f-40704deda525","lblHeading_Details":"95062f6f-f5b2-4767-a18f-3f94f5e3adeb","conHeaderRight_Details":"9029c7b8-3462-4e2e-8d68-ad321da81372","conHeaderButtons_Details":"c0b9f806-ce1e-4175-9efb-9613bc578bb1","btnNew_Details":"661e15d7-b875-4c89-aaa1-64167aa573e9","btnSearch_Details":"2ab4a54b-c7be-4dd0-b3d8-9a5ec9f70a08","conGoodsReceiptDetails":"f597f966-954d-4e18-aa24-38d774d4da3d","tabViewTabs":"fad5f2fa-5437-49a1-9788-a305d71d72f0","TabName1_1":"9aa5969f-2b41-432f-9093-b0aa7001278d","conViewDetailsContent":"1a549f25-421d-4507-86fd-dde828b5d186","conGoodsReceiptContents":"25d5105e-600c-4dbe-980b-821edc7c8cf7","conGoodsReceiptForm":"6d4cb1ec-0028-4905-a6e7-466d93e14ade","conRequisitionDetailsPurchaseOrder":"bbc4ef82-c09f-4b5e-b296-446bd11a3f5c","lblPurchaseOrder":"39425d82-e1e7-4191-aeb1-d9f6465b65be","conOutlinePurchaseOrderNumber":"c16cd36e-0674-4160-9415-ce179eb7fd44","btnPurchaseOrder":"0a4030e1-8657-4416-98df-48d4c071f2f7","conVendor":"d49aab27-c842-4128-bb20-4ea840d11122","lblVendor":"f5470381-725d-44b2-9f39-4fc716506ce9","conOutlineVendor":"e9fc5b15-3013-49d8-bd0f-66a3f77573d5","btnVendor":"568409cd-27dc-4343-af60-da8a4025ff57","conVendorName":"88defb10-7932-4166-abc8-ce55a28aef36","lblVendorName":"894ceccf-72bc-4e2f-8f2e-ed36593e146b","txtVendorName":"881bb68d-d6cc-4623-8a4c-6e7ff0cd778c","conCreatedOn":"3d525da9-d2c9-4e5c-a99d-1a92120dd375","lblCreatedOn":"c6f73dd4-fc68-43f3-9ec6-7441effdead9","txtCreatedOn":"b1b696e1-34a8-402a-b149-fea6e5e679bd","conCreatedBy":"bf7dba33-a1ff-4e4d-81cf-912cde413b70","lblCreatedBy":"1472ccfc-6268-4d89-bec7-83bb879f77b1","txtCreatedBy":"6d5ab145-dde4-4189-8dfc-796f3d55d9ff","conStatus":"1afee8b6-99dd-46a7-991f-5f23e41c23a9","lblStatus":"a7fe4f34-6569-425d-a9ab-94067ee72e88","txtStatus":"cd3cfce0-fcdf-487b-9a09-e0eaba6f07cd","conPostingDate":"9db13950-1ba3-4671-b1c8-0845a5be8db2","lblPostingDate":"1b020ca2-8dc0-468a-935a-3fc6e09b1275","txtPostingDate":"64ff7633-c15e-4ab9-a558-6d3d1b3869f6","conDocumentDate":"3bda39cf-6614-4ee0-a968-f8f2fbb3baef","lblDocumentDate":"a4573c56-28dd-425b-8054-ef65a5fcb2aa","txtDocumentDate":"01cc9e83-8816-444a-b0af-35c33374bacb","conDocumentType":"c8308602-72ad-4288-a0fc-18562a625de9","lblDocumentType":"8a2e9dc7-73c9-4071-bb7e-447346f09e15","txtDocumentType":"41766b67-f831-4417-a47a-3f12ffae3e33","conDeliveryNote":"9171c784-99a1-4735-8c72-c01a728a3114","lblDeliveryNote":"cb7c566a-0bd8-4e02-9aea-ce6c5e7bc8e4","txtDeliveryNote":"180c5393-16c9-4af9-97b3-fd09b5e769db","conGoodsReceiptItemsDetails":"5b955343-3728-4f05-9f1b-7f59668fc97c","conGoodsReceiptItemsDetailsCommandBar":"4c3a5aad-cb37-4192-ae65-27a7d2b98350","lblTableHeader_GoodsReceiptItems":"b141432b-85c9-4293-9485-4b1e75a70d80","btnCommandView_GoodsReceiptItems":"69b8fea0-ed56-4951-a688-ab302ab60094","conTable_GoodsReceiptItems":"b7acad49-b73c-4b5b-81dd-d517cbf7329d","tblGoodsReceiptItems":"cffa335a-f36a-47b4-83ae-d2fd2f61abfa","PurchaseOrderItemNumber2":"879839b6-5724-4efc-bf13-c6bd3f8ce220","Location3":"c67a1b0e-f9aa-4787-9402-39a86d50ed8d","StorageLocation1":"b25b8ef6-1ae5-4c73-afb8-678683bc15ff","MaterialNumber1":"43076800-c1e4-42bd-9e6e-a446538424e8","Description4":"90546057-e593-49c4-88b5-d2c9b4edbbf7","UnitOfMeasure2":"f01dc8c5-13f5-46fe-87ba-2c3dde527d4f","TotalPrice1":"b22c7435-4033-4180-8f6c-e0034b2d3eaf","_QuantityReceived1":"695eacdd-df79-4e67-8407-9d3c0f4f6655","ItemNumber2":"ce4d65f7-294e-4852-a60b-e3ee017e91db","cmpLeftNavigation_Details":"2d8c12a3-ac59-45c4-a3f2-4a83f844c4ca","Success Screen":"978d1fcc-2a8a-4906-a3d6-b39c960e4e80","imgBackgroundGradient_Success":"7929fb05-d54d-4951-b5a3-e491ad3fba14","conPopup_Success":"3e1986d3-c405-4f82-9559-108fa209c655","conPopupContent_Success":"dc352987-5d1b-45f9-a47e-06bc570b7666","lblPopupTitle_Success":"237a3ff0-7261-4a4a-a44c-bddb617ceff0","lblPopupDescription_Success":"089be20c-ba13-4cbb-82b1-7a16ad05d028","btnBackPopup":"5cb56eea-0ab1-4c2b-bada-8b1a424c4b92","spnProcessing_Success":"6b3df643-b0da-41b1-ae58-744ff4ec1770","cmpHeaderCompound_Success":"2b4f022f-7c5e-4f26-a49c-28f5902d205d","Item Details Screen":"6f71e70e-e6f0-4332-8485-f7ff23780d4a","imgBackgroundGradientItem_Details":"ee28ba4a-67a3-4014-903d-0927d268266a","cmpHeaderCompound_Item":"cce399fb-4e4d-4d66-9686-fc3a40cdb1de","conPageContainer_Item":"7a18b57e-c69d-4a35-9bc0-9b5e42844457","conMainContainer_Item":"cf46fa28-2a7b-4d62-80fe-854f8edae42b","conHeaderContainer_Item":"c7ea2fa7-16c7-4674-817d-c6239142f7a6","lblH1Item":"33dfbfa2-a0d2-4ce3-a0e6-4147906a61a7","conVendorSection_Item":"288da8df-0451-445a-a300-e3f629649851","conGoodsReceiptItemDetailsDataPOItemNumber":"0cdb83d1-795c-4474-beeb-d14b672d0778","lblGoodsReceiptItemDetailsDataPOItemNumber":"39c51529-21bc-4304-814e-10574864f094","cmbGoodsReceiptItemDetailsDataPOItemNumber":"aa326a82-0110-4ef4-aa29-d3b7804023cd","ItemNumber1":"93d15f76-53dd-45d4-bc02-8452359280ec","conGoodsReceiptItemDetailsDataLocation":"14eb3389-588b-4fd4-a948-d0e396b31815","lblGoodsReceiptItemDetailsDataLocation":"c6d8d5ae-9dab-4166-8282-5adb52107bfd","cmbGoodsReceiptItemDetailsDataLocation":"9a4add43-c008-454c-8970-3d814455fb61","Display Value1":"598a6abc-ced4-451f-8a6c-f924065e7b79","conGoodsReceiptItemDetailsDataStorageLocation":"e95d967a-f559-4b25-9f97-7a6fab86a3ad","lblGoodsReceiptItemDetailsDataStorageLocation":"667b646d-a80a-45b7-9aca-2f327ee107b6","cmbGoodsReceiptItemDetailsDataStorageLocation":"ea67ad5e-0932-4c0b-b177-395d26771523","Value Code1":"cbce1e57-ef45-45a2-a607-2dc2efd50d50","conGoodsReceiptItemDetailsDataMaterial":"f6d8e0b3-8de5-43cf-978b-edcbf38669a6","lblGoodsReceiptItemDetailsDataMaterial":"81a0cdf8-5798-43a0-955b-06e3c7327416","txtGoodsReceiptItemDetailsDataMaterial":"7674433a-8926-45d0-ba95-228782c54575","conGoodsReceiptItemDetailsDataDescription":"b725e60e-56b5-4d7b-a9c2-b2d45c971ae8","lblGoodsReceiptItemDetailsDataDescription":"c1f2ff4f-54d8-4f42-b000-148bf1e2b611","txtGoodsReceiptItemDetailsDataDescription":"f1437ed4-ccbb-4a1a-806e-22176ac4cb74","conGoodsReceiptItemDetailsDataReceivedQuantity":"386d30d6-979b-4956-beb1-8e74adf022e9","lblGoodsReceiptItemDetailsDataReceivedQuantity":"244ec8b3-5f3a-4a5a-951c-90054b40f70c","txtGoodsReceiptItemDetailsDataReceivedQuantity":"20df1a85-e401-46fd-a980-e8ef858013ed","conGoodsReceiptItemDetailsDataExpectedQuantity":"de2e892c-2465-40c5-bd7d-6ba601c2d54f","lblGoodsReceiptItemDetailsDataExpectedQuantity":"0e3a679e-5bc2-48e2-bde7-2a2961ebb985","txtGoodsReceiptItemDetailsDataExpectedQuantity":"f5dbb798-b3e1-4f40-9add-3bd278808b9e","conGoodsReceiptItemDetailsDataReceivedUnitPrice":"422a85dd-4b11-4dac-a8df-39b93fbe7745","lblGoodsReceiptItemDetailsDataReceivedUnitPrice":"356fc2b9-cb54-49ed-acba-14a9cf57a746","txtGoodsReceiptItemDetailsDataReceivedUnitPrice":"41ecce4b-e67c-4c6a-ad39-4cf35328cc4d","conGoodsReceiptItemDetailsDataReceivedUnit":"8de5f449-5e57-4a9d-90e3-b1c0703a940a","lblGoodsReceiptItemDetailsDataReceivedUnit":"e7c0e794-e021-4a68-a023-029c950b596b","txtGoodsReceiptItemDetailsDataReceivedUnit":"f0afcfd3-7528-4683-9d17-bbd2acb5006d","conGoodsReceiptItemDetailsDataReceivedTotalPrice":"113804ce-be01-4459-9cd1-4dfec2615757","lblGoodsReceiptItemDetailsDataReceivedTotalPrice":"32200876-84c3-4268-8d0e-131256411b53","txtGoodsReceiptItemDetailsDataReceivedTotalPrice":"cc06f252-e45c-4666-b9b9-837cad3ebfe8","cmpLeftNavigation_Item":"9b449fb9-62d6-41c9-b0a6-0d04f2a482d2","Vendor Search Screen":"75ab79af-d4c4-492b-9a50-cb05a9e9f7d9","imgBackgroundGradient_VendorSearch":"6618581f-34d7-4f7c-b4f2-879c78736c47","cmpHeaderCompound_VendorSearch":"d2f1ceb3-7be3-43ce-9fc7-0de6359f46dd","conPageContainer_VendorSearch":"8c734f49-8287-4bdb-8512-b27ecce9d9b2","compVendorSearch_MODERN_1":"1ee7a9cd-ba2e-440a-bf79-54988a67dcae","cmpLeftNavigation_VendorSearch":"14108579-d70a-43bc-ae72-6eb7767d4996"}