{"__Version":"0.1","App":"43446ff0-f6a2-4212-9127-51cbe0a1ddac","Test_7F478737223C4B69":"13e0d366-f2cc-454c-a1a0-6fc0794d836c","Host":"9bf6b5dd-6070-49ac-b71c-5e736882d878","compLeftNavigation":"284c6c65-a837-4e7d-970b-a796c69d66f4","btnToggleLeftNav":"1d2401a3-8616-4679-a808-492e92f6dd8a","icnLeftNav_collapse":"ce497f53-a98c-496a-abbc-e29db483e6b3","galLeftNavMainMenuItems":"bbce6719-7c7a-4489-accf-69c7c485426c","galleryTemplate2_4":"9f2b4df2-8b63-41c7-ab59-28fb52d14575","galLeftNavSubMenu":"8f147d04-fec9-46b5-b067-34f2728de3b3","galleryTemplate2_5":"935b24cf-8f9f-4487-8acc-c794e90a4324","shpLeftNavSelected":"7aa65e1b-8766-4868-af2a-d598a0ba08fa","btnClickZone":"5ab072c3-f779-43cf-a085-fd59d5903a5f","txtMenuItem":"1fae4abb-a915-40a9-ac88-8584bc3f7df2","imgLeftNavMenuItem":"ee36899e-b6e8-499e-bce8-eae6551c2bdb","txtMenuGroup":"ee23dbc3-86d3-402a-874f-7e22054d92c9","compVendorPaymentSearch":"b187a404-cf85-44e6-8e97-8d970808ad59","conPage_PaymentSearch":"4b6edef0-a091-4fbf-9e37-17f27ad20be8","conMain_PaymentSearch":"54e6b5fa-c341-4855-834b-40c7dd834edd","conSearchHeader_PaymentSearch":"68704d2a-2677-46e2-8f88-5eb5f94fd319","txt_H1_VendorSearch_2":"a0d91675-e048-43bf-bf59-ff3ddb8a2e48","tabSearchTabs_PaymentSearch":"46f4882c-9555-43d0-aebe-5a8fb53b345c","conRecentlySearched_PaymentSearch":"2e00676a-5b35-433d-88f3-e5ed0c19646c","conVendorPaymentRecentlySearchedResults":"e474bb47-108c-462e-8dac-613c6f07a070","conVendorPaymentRecentlySearchedCommandBar":"c78c887c-3603-4ff4-9b46-de87907a0ad3","lblVendorPaymentRecentlySearchedCommandBar":"02ecff5c-043d-4d50-8d16-4058f8c35e66","conVendorPaymentRecentlySearchedCommandBarFilter":"66c953d3-d644-4515-9728-cecba20f538e","txtVendorPaymentRecentlySearchedCommandBarFilter":"121d3b5b-798f-46de-98dc-7e7f5f9f3d0d","shpVendorPaymentRecentlySearchedCommandBarFilterDivider":"a7b1d290-44ee-46f1-96ee-44ce179a552b","shpVendorPaymentRecentlySearchedResultsDivider":"d9962204-859a-4c06-9ac7-ebe57b91b9ed","galRecentlySearchedVendorPayments":"9da53a8e-92d1-4c60-b6ab-e2bafd114b4d","mpa_lastsearchedon2":"a10bd2ed-6918-478b-9af6-74413bee6dc7","mpa_attribute12":"c3bfb085-786b-4341-a893-ebbba9ca659c","mpa_objectid2":"1db8b743-9198-4bdb-bac3-e10943550b2a","conVendorSearchAll_PaymentSearch":"54aec986-1fca-4028-8566-8f2b01a69e9a","conSearchBody_2":"c089c996-f04f-41a4-909d-8e5f54e26c28","conSearchFormTab_2":"583526a9-5a7b-42dc-b477-3d01bab8368e","conSearchFormBody_2":"cd3b80a5-f79c-4d68-9b60-469ae6a13b55","conVendorFields_2":"961e1ff5-fb55-4db9-aa53-0f7da618be81","lblVendorPaymentSearchAllVendor":"095858f3-c555-4afb-aeca-c5a0a08834a8","conVendorSearch_PaymentSearch":"4274ba4a-7c59-44a6-8fc2-2c2b9ea625ea","txtVendorPaymentSearchAllVendor":"167402fe-6f9e-4d72-b4c4-b020744fbf90","btnVendorNumberSearch":"6f417784-1a35-4821-a774-f4dc28c09da8","btnAdvancedSearch_PaymentSearch":"888cd46d-3c48-4a37-8660-42524c9ffd3b","conDueFrom":"599c0ca8-6090-489d-af75-6655d16f2d55","lblVendorPaymentSearchAllDateFrom":"58f988fd-5a4e-4447-97c7-9a4c3c7a84ad","dteVendorPaymentSearchAllDateFrom":"b1bff0db-1a9c-4c9d-ade1-7cba2660796b","conDueTo":"82c84eff-8c6b-465e-805e-4ef98ca7c5ce","lblVendorPaymentSearchAllDateTo":"5e71de3c-3533-45b6-b440-f5cc36607173","dteVendorPaymentSearchAllDateTo":"055af708-017c-4eb2-aadd-fc806dc437c1","conVendorPaymentSearchButtons":"5033a468-0d19-4ff1-9418-6b59bf1685ed","conVendorPaymentSearchButtonsClear":"ce225e0d-2e35-4959-870f-68bab2b8ae62","btnVendorPaymentSearchButtonsSearch":"ac62da4c-5c1d-4d23-af8f-a8148bc09941","conSearchResults_2":"b7e21015-0761-4953-b6d1-4aa4cd2a39b4","conVendorPaymentSearchAllResults":"840bbe49-dd66-4a79-856d-5914206d4d5a","conVendorPaymentSearchAllResultsCommandBar":"41b53c37-adbb-4b4b-9a65-1a22c67ad0f3","lblVendorPaymentSearchAllResultsCommandBar":"bd128e2d-df78-4b16-b4d2-1adbac1c8ef9","txtVendorPaymentSearchAllResultsCommandBarFilter":"ff4354df-8ccd-43f5-bbc4-f4564b527466","shpVendorPaymentSearchAllResultsDivider":"1f49efc0-2da9-4549-b608-e1e4a7ddd3b6","tblVendorPaymentSearchResults":"228d7939-c81c-48be-8761-144e3664db16","Payment1":"d66c8bb5-b260-45d3-bb10-98a3bafa9821","Vendor1":"692e6181-73be-498e-a4b3-a0043bdc8188","_VendorName1":"0e49f608-f8d0-46ba-b535-a18ddb18f7ff","Status1":"2b6cb4b7-5449-4a1a-af39-712c9f6dfc0c","Company1":"aa56c2e6-56f3-41a0-abd9-25f44f784808","_FormattedDate1":"0402d2b8-7197-40d5-9bd3-1656b268f59f","Amount21":"354cdad3-b1c8-41a5-b15f-2e0369f98594","compHeaderCompound":"1addc058-eec6-4b2d-893c-3c20b8ddbd32","shpRectangle":"acef6a78-4ed6-4ded-91b9-62a049852997","btnBack_Header":"99fa6725-ef60-4ab9-8cba-81b0faa527df","comp_Header":"21332b73-af0b-430d-88d8-0c7c72530c89","compVendorSearch":"1e363e46-7c43-40cb-8894-cd79f02667e8","conPage_VendorSearch":"82192b9c-7f35-4a35-ae9f-c269cb02ba23","conMain_VendorSearch":"d50c89da-165f-4ad7-a90c-2082aeb6a40f","conSearchHeader_VendorSearch":"65426d67-b620-4526-911c-c24df3dd5b07","txt_H1_VendorSearch_5":"af5c95c2-51dd-4dff-b1fd-41f579880471","tabSearchTabs_VendorSearch":"a2c84199-7563-4cdb-b624-cb5bf25bd2ed","conRecentlySearched_VendorSearch":"f4f93f62-84ab-47e3-8f18-c00965896035","conVendorRecentlySearchedResults_3":"c17916f9-5dff-4e2f-a7fc-03f09bb1d25e","conVendorRecentlySearchedCommandBar_3":"3ab5f0d1-fa20-40ae-81ab-84beb85266e7","lblVendorRecentlySearchedCommandBar_4":"ee2b6b9d-78fd-4784-8cbf-4acc983b9d60","conVendorRecentlySearchedCommandBarFilter_4":"114e04a9-ad11-4eeb-b68a-bc5b7a68d946","txtVendorRecentlySearchedResultsFilter_4":"7219d9f9-5752-4135-a44a-c0d8a04c00a3","shpVendorRecentlySearchedDivider_3":"f6d4137c-8c7e-4b78-b769-93e7f9085e11","tblRecentSearchVendors":"baf38c07-fd64-4fbb-a82f-857690a534fa","mpa_objectid1":"550a7db5-54ee-463b-9a25-5d4a16abd9f0","mpa_name1":"0c9348bd-89de-4535-9e02-9df2120d5d42","mpa_lastsearchedon1":"23c1e2c8-270c-423e-ae36-d815590aef35","conVendorSearchAll_VendorSearch":"f9adf471-7646-4b52-b09a-9d526145ec13","conSearchBody_6":"9ea6c3e4-a291-4d9f-88a2-248e3c855d4d","conSearchFormTab_6":"ddaf1e6f-60f1-42dd-bd49-f58a8a247016","conSearchFormBody_5":"42f624ac-f09e-4a9d-b240-2e52688d74b4","conVendorFields_4":"eb8db962-0ab3-4e29-9b41-681762b4321c","lblVendorName_3":"e5e00236-67ec-4685-bc31-b15e587ee1e8","txtVendorSearchName_3":"faeb2e54-7635-4230-b977-41ea049b2a96","conAddressFields_3":"362becb7-1566-4ecd-afe4-7d4e5e32f090","conStreet_3":"aea39987-9438-46c9-9e69-d780d1ea5bd0","lblStreet_3":"c79fa9ed-133f-4632-90ab-8bf176044e27","txtVendorSearchStreet_3":"74ed6ae5-a383-4465-bbf9-7dcbddd99bd1","conCity_3":"9c902f4f-b734-4b01-9058-2a9e82128a36","lblCity_3":"651df2a0-7047-47e0-95a1-4f5931145ede","txtVendorSearchCity_3":"c395f59f-a06c-4417-ba61-16d78f0a8719","conCountry_3":"ea143942-1c94-4b79-b0ed-ca08295b9119","lblCountry_3":"f4e8d330-cf88-4b53-968f-909ddbf85ebe","txtCountry_3":"52fd6628-941c-4913-880a-e8b3ddd0654e","cmbVendorSearchCountry_3":"8321ead4-2cca-47c4-98af-a6e63617f1fd","Display Value1_3":"8ea875ea-b1f8-4175-a368-f8c815be0bfe","Description1_3":"96286f9f-565e-40fc-9175-792e221af6a9","Domain1_3":"3432cb98-f97c-4266-8e28-03c628b43889","Language1_3":"4ddc5791-188f-4c58-b369-ac107e3a923b","Value Code1_3":"c7dd113f-a3ef-4db8-87dd-5500720677a5","conState_3":"c6d9f855-72d3-445d-bec1-ed434db9dabc","lblState_3":"08fb148e-854c-4662-b8e9-889a07367bc4","txtState_3":"6f05fc06-2edd-4443-a9a6-a6379172bb7d","cmbVendorSearchState_3":"0fc8fcf7-e692-403f-b1a0-0a1d7de160db","mpa_value1":"efdcc0bb-8a92-4984-9be6-a3d10957d8bd","mpa_valuecode1":"8307d54e-5945-41d2-88fc-b438f308b825","conZip_3":"0079f2e5-e17f-4987-aaf3-6c3e90ef8241","txtZipCode_3":"c59409ce-23ee-422f-81e0-983f224dc07e","txtVendorSearchPostalCode_3":"e1488a11-bdf1-4181-b020-badfff3186dc","conSearchButtons_3":"88d29b13-501c-46d5-be11-2ded9e76d04d","btnClearSearch_5":"caa8ea96-3353-45f5-9863-103b39eef9f6","btnSearchVendorAll_5":"0d77083a-5d99-458e-a5c4-0e5ee349bbe3","conSearchResults_6":"2dced8a3-3803-408a-a1fd-e81179853851","conVendorSearchResults_2":"dea90eb5-5c87-47d7-844b-65105debba1a","conVendorSearchAllCommandBar_2":"57f5684e-42b3-44de-bb2d-b19d7d34f4e2","lblVendorSearchAllCommandBar_3":"b3a030fa-5c59-48fe-98a1-bb9301ae7932","txtVendorSearchResultsFilter_3":"08c1479f-aeea-4b71-9df3-530e54281d9f","shpVendorSearchAllDivider_2":"f54c34f7-2917-4c3f-96e6-1ab382413516","tblVendorSearchResults":"0e6b41a1-8628-4a81-b1d6-54eb331e33c8","Vendor1_1":"af68f3bc-56c1-4feb-8349-0f95afdffca3","VendorName1":"046738e3-7156-426e-a052-c33383207e33","Street1":"6a88fec0-294a-4a17-a5e3-44919680e4f3","City1":"182453dd-b922-4b95-bc22-3c5655f12be8","Region1":"a7f22d49-98fd-4b1f-8327-6ca8d3fbbc49","Country2":"bcf3464c-36c3-4005-8094-eb49130a7dba","PostalCode2":"c3736207-c68c-4293-9ad9-a3873db0149c","compStepperHorizontal":"7e97f226-0296-4c48-8579-17af83a467af","galStepperH":"4d9f89a4-621b-4e78-ab4f-aa10677c339f","galleryTemplate2":"283d41a2-240e-43f6-9a9d-de331547dba3","imgStepperDot_H":"f442e93d-ded1-4da9-8720-3226891999b6","imgStepperLine_H":"b8dee9d1-063b-4f35-993b-b10d7c7a1faf","txtStepperLabel_H":"624b3a04-15eb-4465-bf2d-63d49e97c573","Landing Screen":"00f25bf9-a911-41b8-b1d7-124af2837023","imgBackgroundGradientLanding":"b9bfc26e-2f54-4509-a177-8ba34efcd5aa","cmpHeaderCompound_Landing":"e9380646-6b70-40cd-9e3f-2ca44aa7e6f7","cmpLeftNavigation_Landing":"8d8a511e-6c21-43fc-b845-469f1111c0af","conPageContainer_Landing":"86d27e17-5124-46f0-955b-b2728d5d8424","conMainContainer_Landing":"44361d92-60e2-4b71-a274-2082125a5050","conHeader_Landing":"32e10790-2432-4c2f-8731-ad8c90629146","conHeaderLeft_Landing":"57e2a4a2-5bb5-4631-90cb-49a366afa3ca","conHeaderContent_Details_1":"d7dec9f1-a2f2-468b-8978-8820e39ebde9","lbl_H1_Landing_1":"dbd91ced-e65d-4479-8b8c-2b8b90c3171e","lbl_H2_Landing_1":"a9b92273-cb1e-4610-a55c-81064a96b198","conHeaderRight_Landing":"965f8f48-5613-43ef-b613-cf7c08b03b77","conHeaderButtons_Landing":"23d10793-30ee-456e-b11f-e2bd9edcb994","btnSearch_Landing":"f53ef9ec-9996-4aa1-aaf4-4402c59cdadc","conRecents_Landing":"f4248cda-6c48-402d-b4e9-e151f8f74377","conRecentsHeader_Landing":"583d769b-ca64-4b1e-90f9-7f6f2ee722ad","conSearchOrders_Landing":"3e1ca7f3-a7ce-48ce-a41b-91bbb667a78a","cmbCompanyCode":"18e739c0-9975-48ab-a684-f780b7b66bfc","Display Value7":"287c6bcd-e735-4991-86a8-e4d27900ed4c","Language7":"c167a8b9-990d-485d-a101-3d76e6ad070f","Value Code7":"a42f6ff6-1051-46fa-9ef0-a5cecb1ea712","Domain7":"97344d39-1a1d-43d6-9b7c-47af44e71306","Description8":"dcf0abfa-18c8-42c1-b076-f13ad0eb1b51","Created On1":"50a46c74-09fc-41ef-8e15-e56667649711","Modified On4":"c150876e-d10c-48c4-89b0-8de152cb4cec","cmbFiscalYear":"914ef1e2-d5b6-4914-b77d-d8ac6b533d48","txtSearchOrders":"0fca0aac-0401-46b0-8a74-cd3b92f58901","btnSearchOrders":"fcfd5a51-f23e-4e1f-b209-32cee4ec4d32","conRecentsHeaderLeft_Landing":"8a6a95a3-3c04-41e5-ac33-eeb0893714e0","lblRecentHeader":"ed180628-8ad4-4ac7-81ec-746e63819734","conRecentList_Landing":"bcbe5c65-e96d-4a09-b965-556d9e1ca04e","tblRecentList":"87580c71-0808-484e-85f2-39acd03e0dea","Object ID1":"4089c112-e25e-4967-a98c-d39ccbbdd5e5","_VendorName2":"66b61b17-4760-4d1b-9bbd-6902a92cceb1","mpa_attribute11":"5c05a0d7-3c4b-4521-911f-5cee43310845","mpa_lastsearchedon3":"d7e979a9-671a-4eaa-8e06-194845de0c2c","spnLoading_Landing":"7b34a667-d1fd-42f2-8182-0b3e5f694f6d","View Payment Details Screen":"ea6da45b-6967-4e57-9c43-dc943a05196a","imgBackgroundGradient_Details":"dc579140-33ac-4777-9940-41a1beb2e974","cmpHeaderCompound_Details":"c6ba1c8d-38f1-4380-a44e-06eb8890261a","cmpLeftNavigation_Details":"2d8c12a3-ac59-45c4-a3f2-4a83f844c4ca","conPageContainer_Details":"2d6ec08a-980e-42de-b1ba-c0546f12a816","conMainContainer_Details":"de8f30f9-6d06-4663-9fef-0747d421e2ca","conHeader_Details":"50ac1331-8742-4e8b-97f7-d2f406d2faba","lblHeading_Details":"a08e99f2-3d6d-435a-b214-2caf13656502","conPaymentSection_Details":"f4ee972d-aab9-40a0-a304-2356ba1f6c00","tabOptionlist_Details":"cb8c172f-0982-4771-9bbd-b31a4a0deff2","TabName1":"972d62d6-d005-4f7c-a220-c43f1c52886c","conPaymentForm_Details":"69b7b499-c94e-41f6-89e3-f6093870432b","conPaymentFields_Details":"53df8568-c179-4876-9069-4481b42610e2","conVendor_Details":"12ed18c1-4093-467c-a4d0-183756696ed6","lblVendor_Details":"19ebe44a-6c6c-44db-9ce1-2bc85e2003d5","conVendorButton_Details":"2ea1e864-5994-4efe-b1e4-0f4d35da3622","btnVendor_Details":"bf104619-c59a-423a-b008-0bbd63ee3b36","txtVendor_Details":"a920704d-57ab-4ca0-bbd9-70f189a4d847","conVendorName_Details":"6d970cd5-97bd-42d0-b9a9-80199013c249","lblVendorName_Details":"26e017de-e1d9-472c-9ca6-804fcfea3337","txtVendorName_Details":"f3fe62b5-9181-4cad-ac71-ecdb23140352","conInvoice_Details":"79c116ba-36bf-49c4-bd5d-18b6b57eb409","lblInvoice_Details":"27215631-1317-41ad-843c-c7b8890d5b33","conInvoiceButton_Details":"44cbc387-30d4-44ea-a62b-e809890b774c","btnInvoice_Details":"e268f26c-45ed-41c9-b38c-93107ac9a28e","txtInvoice_Details":"c59fa89c-1799-4afe-b8e3-a6c429045524","conTotal_Details":"da8c15ea-ad5c-4903-90eb-2e25b31024ea","lblTotal_Details":"006e19b0-ab8e-4f31-a865-f82bf1882d9a","txtTotal_Details":"e7756262-f866-457f-948d-2c5a94008b97","conCurrency_Details":"855c4ae8-bbff-4821-ad74-cc93b0ab7476","lblCurrency_Details":"4462b356-c761-4453-8c0f-2054957fbc22","cmbCurrency_Details":"5a8fb95a-b5a0-4bc9-a30e-9d0f61415143","Display Value2_2":"00a8ebe2-1656-4f81-9cae-90c122210f2b","Description2_2":"be78c257-4671-4481-bc55-6a873ac63f44","Domain2_2":"0413cf8c-8299-438d-82ba-5d7681f9602d","Language2_2":"e77e0e16-3d5d-4289-8e80-50d6047ddc2d","Value Code2_2":"47471a22-1133-43dc-a738-e742be640a49","conDocumentType_Details":"824585b9-a408-45c5-83e3-987c51122fb2","lblDocumentType_Details":"a4fb91f1-c17f-4b46-8f80-865e12952615","cmbDocumentType_Details":"0c6987e1-cc19-4b7d-9dce-855e38eb2eb9","Display Value4":"490bdbf1-04f0-4874-9cc2-95c609b6eb19","Language4":"0db3cab0-e4f6-4195-bba4-bc7654de92f3","Value Code4":"5027e2d4-12cc-447f-bd79-af280c62142f","Domain4":"5ff2ccc1-25f3-4b03-9554-1e7319c61b37","Description5":"0d70bec8-62ea-4605-a3c5-8d517c12550a","Created On2":"88d0d208-389f-4c22-9dd6-107fceb27ac2","Modified On1":"d4095a00-4bc6-412f-9269-c9beebf32896","conPostingDate_Details":"49e5ffa0-2eaf-4df6-a16b-04f23979507e","lblPostingDate_Details":"4df11062-e28e-4bb1-9937-5bbc90d0d1a1","dtePostingDate_Details":"787584c3-ba4d-4d2d-bf31-53a4e53e62ef","conDocumentDate_Details":"313e7f53-b97e-469b-94a1-d46338c81423","lblDocumentDate_Details":"fc12ad28-63ca-4970-943a-71515a62cc17","dteDocumentDate_Details":"8c8acbb9-d091-4257-9a15-62cbe4e238c1","conBaselineDate_Details":"e7860f7c-0c08-4e71-9249-592034b6b07b","lblBaselineDate_Details":"56b4d998-4262-490a-9c7b-a823e081d83a","dteBaselineDate_Details":"675b892f-7b38-418e-a1b4-7ee53e610eb3","conCompanyCode_Details":"b865d6e6-a4e7-40e0-8e60-b14ed062c405","lblCompanyCode_Details":"39b7bbbc-bcc9-46fc-9628-23d89c76ebf8","cmbCompanyCode_Details":"3430cbbe-f3d5-4c56-9e27-984021ca2b30","Display Value5":"b064f4fe-1ae9-4ede-9db4-ca4bf7a519e4","Language5":"e62ab268-b49c-40f3-902f-f03b71022e3f","Value Code5":"99ce7296-9db2-40e3-a7cb-b4bd7379b6c7","Domain5":"ecbe10d5-7b62-4eca-90df-dbb9f03ec486","Description6":"17883882-d238-4345-b41b-bae9392e0525","Created On3":"59cfced8-1cf0-4b18-9efa-4dc2d49eac65","Modified On2":"89c7f0df-3929-4e0c-8e2a-141027b91b9a","conFiscalYear_Details":"aedd409a-4a17-4511-ae5b-bbf2a7ed3cee","lblFiscalYear_Details":"94adb76b-97ad-4589-9190-c1c4fb7029fe","txtFiscalYear_Details":"3c4511cf-2768-4657-a437-8e3af716d1c0","conCreatedBy_Details":"ad1acdc4-7f6e-4f97-9fae-fafeebec6f4d","lblCreatedBy_Details":"2b13f0dd-014a-41ad-ac18-0de6e0dc3003","txtCreatedBy_Details":"cfc1370a-6265-47d7-b509-f4275432012a","conPaymentStatus_Details":"04ecdff0-718c-4221-872e-3fb912c097ab","lblPaymentStatus_Details":"10bea613-da48-415e-8214-baba13fda082","cmbPaymentStatus_Details":"8b2af3b0-5614-4361-9384-b9699fd3f205","Display Value6":"82db66d1-09a4-43d2-8292-b716bc31f838","Language6":"4ef000db-c882-42f3-a75d-b80dd7bc7662","Value Code6":"f0a37044-dec8-4daa-8a3e-1d50680a9cac","Domain6":"941bd039-6afe-42f4-bd82-874721639a26","Description7":"6b1e3b9a-72cd-41bd-9062-6378ab8bc1cd","Created On4":"c68812ac-442b-407d-ba9a-a241c04fa290","Modified On3":"28974c3f-7653-4400-a1a9-c3ead9d0ce98","conPaymentItems_Details":"1d5b8068-d155-4aa4-b09b-123bf069019c","conTableCommandBar_Details":"7655c965-39fe-414d-8a4a-c1cea9c9be23","lblTableHeader_RequisitionItems":"2ad83480-7db0-4cfe-ae32-1c0fbc3bf16e","conCommandButtonView_RequisitionItems":"97b02751-2856-4c3c-b4ce-8681d1e540f9","btnCommandView_RequisitionItems":"2d14075c-5b39-48bd-8793-4b015d9bc873","conTable_Details":"315f24eb-6fb5-41e8-b1c6-75e652fd0ff8","tblLineItems_Details":"e67c9bfc-bfce-451a-9f76-ac8c839f11b0","Item1":"1ddb8296-7544-4ca4-8d12-9c8e0f169ef2","Type1":"0f3dd03b-dba1-4a62-adbc-d6c6b1dd699c","GlAccount1":"72c25c1f-5e28-4003-81b0-46cfebc2745d","Description4":"d95263a0-c1c3-4ab6-bf5a-b47ce8e114c2","Amount1":"7e273503-88ae-48a2-9434-ea012e4b9b33","PurchaseOrder1":"99c09842-abce-4a50-8019-55d51d9c8c95","btnVendorPaymentsSearchLogic_Details_Hidden":"8c03c590-6805-4a66-97a1-3d010c46764f","spnProcessing_Details":"7fd8130a-b2e1-4f1d-b964-780af4ab1163","Item Details Screen":"6f71e70e-e6f0-4332-8485-f7ff23780d4a","imgBackgroundGradient_Item":"ee28ba4a-67a3-4014-903d-0927d268266a","cmpHeaderCompound_Item":"81542c81-adf5-41bd-8840-fe76407da263","cmpLeftNavigation_Item":"9b449fb9-62d6-41c9-b0a6-0d04f2a482d2","conPageContainer_Item":"7a18b57e-c69d-4a35-9bc0-9b5e42844457","conMainContainer_Item":"cf46fa28-2a7b-4d62-80fe-854f8edae42b","conHeaderContainer_Item":"c7ea2fa7-16c7-4674-817d-c6239142f7a6","lblH1Item":"33dfbfa2-a0d2-4ce3-a0e6-4147906a61a7","conPaymentItemForm_Item":"62653751-2be8-425a-840d-bb6195679c2f","conFormFields_Item":"9e05b603-c7b5-4129-9f7c-9c5262407547","conCompanyCode_Item":"b87ac490-4341-408d-872a-3034daeb62af","lblCompanyCode_Item":"d4c801b2-a313-45a5-8166-f7c8313b997e","cmbCompanyCode_Item":"c6278934-b5bf-4f90-b1e5-492a0d1c255f","Display Value1":"8fe847a6-1da0-4948-b2b6-946d99951a34","Description1":"6df54036-fe92-4525-a0bd-fd4cea547938","Domain1":"61183c8a-30a8-4204-b4a8-267ad32c144b","Language1":"4ea8a5f1-ef53-41c8-b956-c400b755c1e2","Value Code1":"7e85c9b0-6e53-4700-8668-9dbcc3cff88d","conGLAccount_Item":"3965beb3-1c31-411d-8d76-ca722c43159d","lblGLAccount_Item":"681a8074-55c8-43a6-902d-08fe76d64fa5","txtGLAccount_Item":"9da2b4f5-a339-4799-8b71-ad11153a6603","conTotalPrice_Item":"ae0f1510-9ada-4434-9765-c40175fe2891","lblTotalPrice_Item":"482ae5ad-58c6-4a5b-a36f-bdb1f3ce6e74","txtTotalPrice_Item":"a3fecac0-6c8b-4bcb-ac18-3b025c4770c6","conPaymentType_Item":"ca53ace8-3bc0-4dcc-860a-3b502a619e34","lblPaymentType_Item":"1cfc6e96-3a9b-45da-8411-e513c1639e7b","cmbPaymentType_Item":"461a7a36-cc12-4027-82fc-fa36da78b2fb","Display Value2":"b504d398-98ff-4a37-871b-517275a17696","Description2":"e918e44c-00bd-44bd-9a0e-fd45611a8d63","Domain2":"684e946f-56df-4c9a-b408-b8aa01f14bfa","Language2":"975dc6a5-0bcc-48ee-b0f2-8a84ab5dcda7","Value Code2":"7bef75e8-b0f8-4b21-aed5-4cb245ba393b","conPurchaseOrder_Item":"3a7c7011-5574-45ba-bc1e-0916c2780a79","lblPurchaseOrder_Item":"df61b164-5d48-4cf5-8560-f41258b9c2dc","conPurchaseOrderButton_Item":"56904322-9a75-4293-91d9-ba751da79998","btnPurchaseOrder_Item":"3d93f50c-2e31-430b-8a43-f9ecc6be5de9","txtPurchaseOrder_Item":"6e79e8ac-3e0d-4d4c-9dbc-cdd7d0b119b4","conPurchaseOrderItem_Item":"6050cf5f-6f41-4629-949b-108016c7943f","lblPurchaseOrderItem_Item":"6a43af8d-8e5d-4566-91c4-bddf0f8cc192","txtPurchaseOrderItem_Item":"98a7fe30-d8bf-4440-a51a-c0812ef1cb65","conFiscalYear_Item":"90dd0ad2-a7dd-4480-af53-239d65f30a58","lblFiscalYear_Item":"e83dbb56-7017-454f-bd88-115c5345f664","txtFiscalYear_Item":"1d61ddd9-005d-4384-acf6-1f92bbba67c4","conBaselineDate_Item":"e07ee073-2642-464b-be27-6abc54e91542","lblBaselineDate_Item":"e225f4f6-3786-4d7f-8332-8a6d3735f5bf","txtBaselineDate_Item":"f09d42a7-e36c-4618-9089-d962c51bcf2d","conClearingDate_Item":"aa16cf37-48ad-4308-a91d-5947c749b06b","lblClearingDate_Item":"b8c26c4f-b8d6-4b4e-ad72-378dee28557e","txtClearingDate_Item":"25b3cf3c-378d-4f4a-9f58-b52cf9b736a0","conPaymentStatus_Item":"b60abb5c-ef81-4e96-8e9d-572049fd15fe","lblPaymentStatus_Item":"d355eb47-6f29-46a8-b742-495abf109be1","cmbPaymentStatus_Item":"8a47a813-218d-40bc-bae5-f46505da8ef2","Display Value3":"c5035e35-030a-4f83-8c17-110896699cb8","Description3":"193d72b9-c5d3-45af-af7e-c1b189b656cf","Domain3":"670e357a-f1c4-4ad6-94c0-52bf80aaeada","Language3":"82c771c4-fe63-4297-842f-8555a2973ecb","Value Code3":"a00a97a8-65b9-4105-a340-6fd499fbefd4","spnProcessing_Item":"f548bd85-48f6-496f-90d3-68e5238a9fd5","Payment Search Screen":"75ab79af-d4c4-492b-9a50-cb05a9e9f7d9","imgBackgroundGradient_PaymentSearch":"6618581f-34d7-4f7c-b4f2-879c78736c47","cmpHeaderCompound_PaymentSearch":"b8a434f8-e17f-46ad-8a0c-3ba164b1abd9","cmpLeftNavigation_PaymentSearch":"14108579-d70a-43bc-ae72-6eb7767d4996","conPaymentsSearch":"924344da-75c1-4cf2-9d2a-83e5847b5d0c","cmpVendorPaymentSearch":"99995a47-25fc-4b0f-846b-12f36bdf1308","spnProcessing_PaymentSearch":"38dca34e-55c2-4b70-8bda-60ae44dfeba3","Vendor Search Screen":"67fd0a79-25d3-4d43-ba1b-bfb48bbbd819","imgBackgroundGradient_VendorSearch":"b591dc39-e262-4938-8efe-b7e5aecf41e5","cmpHeaderCompound_VendorSearch":"4bd739b6-dcae-4553-b6fa-b3a45b7194c2","cmpLeftNavigation_VendorSearch":"b8e1abe6-734e-4d04-be60-a37846d9dcde","conVendorSearch":"d85b8dda-caca-4b9d-8726-22b8e5c6d682","cmpVendorSearch":"0baae628-46fa-49eb-afeb-9108d093ae10","spnProcessing_VendorSearch":"7ed54c30-be10-4928-929a-5ec2f5f417b8"}