<powerpagecomponent powerpagecomponentid="f7ce3e1c-4b77-48ab-8d48-07268e5bd9f0">
  <content>{
  "filecontent": null,
  "copy": "&lt;div data-component-theme=\"portalThemeColor3\" id=\"i2hlxl\" class=\"row sectionBlockLayout\" style=\"padding: 8px; margin: 0px; display: flex; flex-wrap: wrap; height: 15px; min-height: 15px;\"&gt;&lt;/div&gt;\n&lt;div id=\"ilvu85\" class=\"row sectionBlockLayout\" style=\"padding: 8px; margin: 0px; display: flex; flex-wrap: wrap; text-align: left; min-height: auto;\"&gt;\n  &lt;div id=\"i9cmo1\" class=\"container\" style=\"padding: 0px; display: flex; flex-wrap: wrap;\"&gt;\n    &lt;div id=\"i3ibp1\" class=\"col-lg-12 columnBlockLayout\" style=\"word-break: break-word; flex-grow: 1; display: flex; flex-direction: column; min-width: 300px;\"&gt;\n      &lt;h2&gt;Pages&lt;/h2&gt;\n      &lt;p&gt;This section can be used to introduce the contents of the subpages and encourage your target audience to explore those pages. If this content gets too long, consider splitting it into two smaller paragraphs.&lt;/p&gt;\n    &lt;/div&gt;\n  &lt;/div&gt;\n&lt;/div&gt;\n&lt;div id=\"i6uiwq\" class=\"row sectionBlockLayout\" style=\"padding: 8px; margin: 0px; display: flex; flex-wrap: wrap; text-align: left; min-height: auto;\"&gt;\n  &lt;div id=\"ioi9nf\" class=\"container\" style=\"padding: 0px; display: flex; flex-wrap: wrap;\"&gt;\n    &lt;div id=\"imko1u\" class=\"col-lg-6 columnBlockLayout\" style=\"word-break: break-word; flex-grow: 1; display: flex; flex-direction: column; min-width: 300px;\"&gt;\n      &lt;img src=\"/Circle-1.png\" alt=\"\" name=\"Circle-1.png\" id=\"i1ebo7\" style=\"width: 108px; height: 108px; max-width: 100%; margin-left: auto; margin-right: auto;\" /&gt;\n      &lt;h3 id=\"iun55t\" style=\"text-align: center;\"&gt;Subpage 1&lt;/h3&gt;\n      &lt;p id=\"ipakle\" style=\"text-align: center;\"&gt;Create a short description or engaging message to motivate your audience to take action&lt;/p&gt;\n    &lt;/div&gt;\n    &lt;div id=\"id87m2\" class=\"col-lg-6 columnBlockLayout\" style=\"word-break: break-word; flex-grow: 1; display: flex; flex-direction: column; min-width: 300px;\"&gt;\n      &lt;img src=\"/Circle-2.png\" alt=\"\" name=\"Circle-2.png\" id=\"iloxr5\" style=\"width: 108px; height: 108px; max-width: 100%; margin-left: auto; margin-right: auto;\" /&gt;\n      &lt;h3 id=\"ig607c\" style=\"text-align: center;\"&gt;Subpage 2&lt;/h3&gt;\n      &lt;p id=\"igmy44\" style=\"text-align: center;\"&gt;Create a short description or engaging message to motivate your audience to take action&lt;/p&gt;\n    &lt;/div&gt;\n  &lt;/div&gt;\n&lt;/div&gt;\n&lt;div data-component-theme=\"portalThemeColor1\" id=\"ipyssz\" class=\"row sectionBlockLayout\" style=\"padding: 8px; margin: 0px; display: flex; flex-wrap: wrap; text-align: left; min-height: auto;\"&gt;\n  &lt;div id=\"ilso2p\" class=\"container\" style=\"padding: 0px; display: flex; flex-wrap: wrap;\"&gt;\n    &lt;div id=\"imusxw\" class=\"col-lg-12 columnBlockLayout\" style=\"word-break: break-word; flex-grow: 1; display: flex; flex-direction: column; min-width: 300px;\"&gt;\n      &lt;div id=\"i9psoy\" class=\"row sectionBlockLayout\" style=\"padding: 8px; margin: 0px; display: flex; flex-wrap: wrap; min-height: 120px;\"&gt;&lt;/div&gt;\n      &lt;h1 id=\"i709ae\" style=\"text-align: center;\"&gt;Introduce another idea&lt;/h1&gt;\n      &lt;p id=\"i8ecjt\" style=\"text-align: center;\"&gt;This section can be used to offer supporting information or introduce a new idea. It’s best to keep it relevant to the contents of the page so it doesn’t feel out of place.&lt;/p&gt;\n      &lt;div id=\"i5ht3g\" class=\"row sectionBlockLayout\" style=\"padding: 8px; margin: 0px; display: flex; flex-wrap: wrap; min-height: 120px;\"&gt;&lt;/div&gt;\n    &lt;/div&gt;\n  &lt;/div&gt;\n&lt;/div&gt;\n&lt;div data-component-theme=\"portalThemeColor2\" id=\"igqxwr\" class=\"row sectionBlockLayout\" style=\"padding: 8px; margin: 0px; display: flex; flex-wrap: wrap; min-height: 28px;\"&gt;&lt;/div&gt;\n&lt;div data-component-theme=\"portalThemeColor6\" id=\"iaxfoj\" class=\"row sectionBlockLayout\" style=\"padding: 8px; margin: 0px; display: flex; flex-wrap: wrap; min-height: 52px;\"&gt;&lt;/div&gt;\n",
  "displayorder": 2,
  "enablerating": false,
  "enabletracking": false,
  "excludefromsearch": false,
  "feedbackpolicy": 756150000,
  "hiddenfromsitemap": false,
  "isroot": false,
  "pagetemplateid": "5303c14c-7ff4-494a-a44b-a19a62c9889a",
  "parentpageid": "94db5e36-8ed1-4567-baae-1b38a4b71d4c",
  "partialurl": "page",
  "publishingstateid": "9137c988-52cc-46f0-8cea-e558f5887e5f",
  "rootwebpageid": "796c7d01-6a26-4c52-9185-95bf0a21f7a4",
  "sharedpageconfiguration": false,
  "summary": "&lt;p&gt;This page has a full-size layout (no sidebar).&lt;/p&gt;",
  "title": "Pages"
}</content>
  <iscustomizable>1</iscustomizable>
  <name>Pages-deleted</name>
  <powerpagecomponenttype>2</powerpagecomponenttype>
  <powerpagesiteid>
    <powerpagesiteid>99af4f03-6a66-4c36-963b-164265f26ce8</powerpagesiteid>
  </powerpagesiteid>
  <powerpagesitelanguageid>
    <powerpagesitelanguageid>732bd198-dcfc-406a-8b9e-0375589318f3</powerpagesitelanguageid>
  </powerpagesitelanguageid>
  <searchcontent>Pages&lt;div data-component-theme="portalThemeColor3" id="i2hlxl" class="row sectionBlockLayout" style="padding: 8px; margin: 0px; display: flex; flex-wrap: wrap; height: 15px; min-height: 15px;"&gt;&lt;/div&gt;
&lt;div id="ilvu85" class="row sectionBlockLayout" style="padding: 8px; margin: 0px; display: flex; flex-wrap: wrap; text-align: left; min-height: auto;"&gt;
  &lt;div id="i9cmo1" class="container" style="padding: 0px; display: flex; flex-wrap: wrap;"&gt;
    &lt;div id="i3ibp1" class="col-lg-12 columnBlockLayout" style="word-break: break-word; flex-grow: 1; display: flex; flex-direction: column; min-width: 300px;"&gt;
      &lt;h2&gt;Pages&lt;/h2&gt;
      &lt;p&gt;This section can be used to introduce the contents of the subpages and encourage your target audience to explore those pages. If this content gets too long, consider splitting it into two smaller paragraphs.&lt;/p&gt;
    &lt;/div&gt;
  &lt;/div&gt;
&lt;/div&gt;
&lt;div id="i6uiwq" class="row sectionBlockLayout" style="padding: 8px; margin: 0px; display: flex; flex-wrap: wrap; text-align: left; min-height: auto;"&gt;
  &lt;div id="ioi9nf" class="container" style="padding: 0px; display: flex; flex-wrap: wrap;"&gt;
    &lt;div id="imko1u" class="col-lg-6 columnBlockLayout" style="word-break: break-word; flex-grow: 1; display: flex; flex-direction: column; min-width: 300px;"&gt;
      &lt;img src="/Circle-1.png" alt="" name="Circle-1.png" id="i1ebo7" style="width: 108px; height: 108px; max-width: 100%; margin-left: auto; margin-right: auto;" /&gt;
      &lt;h3 id="iun55t" style="text-align: center;"&gt;Subpage 1&lt;/h3&gt;
      &lt;p id="ipakle" style="text-align: center;"&gt;Create a short description or engaging message to motivate your audience to take action&lt;/p&gt;
    &lt;/div&gt;
    &lt;div id="id87m2" class="col-lg-6 columnBlockLayout" style="word-break: break-word; flex-grow: 1; display: flex; flex-direction: column; min-width: 300px;"&gt;
      &lt;img src="/Circle-2.png" alt="" name="Circle-2.png" id="iloxr5" style="width: 108px; height: 108px; max-width: 100%; margin-left: auto; margin-right: auto;" /&gt;
      &lt;h3 id="ig607c" style="text-align: center;"&gt;Subpage 2&lt;/h3&gt;
      &lt;p id="igmy44" style="text-align: center;"&gt;Create a short description or engaging message to motivate your audience to take action&lt;/p&gt;
    &lt;/div&gt;
  &lt;/div&gt;
&lt;/div&gt;
&lt;div data-component-theme="portalThemeColor1" id="ipyssz" class="row sectionBlockLayout" style="padding: 8px; margin: 0px; display: flex; flex-wrap: wrap; text-align: left; min-height: auto;"&gt;
  &lt;div id="ilso2p" class="container" style="padding: 0px; display: flex; flex-wrap: wrap;"&gt;
    &lt;div id="imusxw" class="col-lg-12 columnBlockLayout" style="word-break: break-word; flex-grow: 1; display: flex; flex-direction: column; min-width: 300px;"&gt;
      &lt;div id="i9psoy" class="row sectionBlockLayout" style="padding: 8px; margin: 0px; display: flex; flex-wrap: wrap; min-height: 120px;"&gt;&lt;/div&gt;
      &lt;h1 id="i709ae" style="text-align: center;"&gt;Introduce another idea&lt;/h1&gt;
      &lt;p id="i8ecjt" style="text-align: center;"&gt;This section can be used to offer supporting information or introduce a new idea. It’s best to keep it relevant to the contents of the page so it doesn’t feel out of place.&lt;/p&gt;
      &lt;div id="i5ht3g" class="row sectionBlockLayout" style="padding: 8px; margin: 0px; display: flex; flex-wrap: wrap; min-height: 120px;"&gt;&lt;/div&gt;
    &lt;/div&gt;
  &lt;/div&gt;
&lt;/div&gt;
&lt;div data-component-theme="portalThemeColor2" id="igqxwr" class="row sectionBlockLayout" style="padding: 8px; margin: 0px; display: flex; flex-wrap: wrap; min-height: 28px;"&gt;&lt;/div&gt;
&lt;div data-component-theme="portalThemeColor6" id="iaxfoj" class="row sectionBlockLayout" style="padding: 8px; margin: 0px; display: flex; flex-wrap: wrap; min-height: 52px;"&gt;&lt;/div&gt;
Pages-deleted</searchcontent>
  <statecode>0</statecode>
  <statuscode>1</statuscode>
</powerpagecomponent>