<powerbidataset uniquename="new_dataset_444e634b-eac8-4a10-a941-366109131aa0">
  <datasetobjectid>e5c7a968-6a33-4b24-9d9e-429714f6fd7a</datasetobjectid>
  <datasetoriginalobjectid>e5c7a968-6a33-4b24-9d9e-429714f6fd7a</datasetoriginalobjectid>
  <dataverseconnectionupdateenabled>0</dataverseconnectionupdateenabled>
  <iscustomizable>1</iscustomizable>
  <name>Expense Reimbursement Report</name>
  <package mimetype="application/zip">package.pbipkg</package>
  <statecode>0</statecode>
  <statuscode>1</statuscode>
</powerbidataset>