<powerpagecomponent powerpagecomponentid="854912ba-c88a-4e30-9c27-de39a0d4aee6">
  <content>{
  "powerpagesitelanguageid": "732bd198-dcfc-406a-8b9e-0375589318f3",
  "filecontent": null,
  "display_name": "Footer",
  "type": 756150001,
  "value": "&lt;p class=\"smallText\" id=\"is9ifm\"&gt;Copyright ©&lt;/p&gt;\n&lt;p class=\"smallText\"&gt;{{ now | date: 'yyyy' }}&lt;/p&gt;\n&lt;p class=\"smallText\" id=\"i1qk1x\"&gt;. All rights reserved.&lt;/p&gt;\n"
}</content>
  <iscustomizable>1</iscustomizable>
  <name>Footer</name>
  <powerpagecomponenttype>7</powerpagecomponenttype>
  <powerpagesiteid>
    <powerpagesiteid>99af4f03-6a66-4c36-963b-164265f26ce8</powerpagesiteid>
  </powerpagesiteid>
  <powerpagesitelanguageid>
    <powerpagesitelanguageid>732bd198-dcfc-406a-8b9e-0375589318f3</powerpagesitelanguageid>
  </powerpagesitelanguageid>
  <statecode>0</statecode>
  <statuscode>1</statuscode>
</powerpagecomponent>