<powerpagecomponent powerpagecomponentid="419b21d4-cb37-45ed-bc93-bcb5b66e1f0f">
  <content>{"display_name":"Account/Conversion/Page Copy","type":756150001,"value":"&lt;p&gt;You have signed in with an account that is no longer supported. To continue using this portal, you must migrate to a different account. Select the button below to sign in with a new or existing supported account.&lt;/p&gt;"}</content>
  <iscustomizable>1</iscustomizable>
  <name>Account/Conversion/PageCopy</name>
  <powerpagecomponenttype>7</powerpagecomponenttype>
  <powerpagesiteid>
    <powerpagesiteid>99af4f03-6a66-4c36-963b-164265f26ce8</powerpagesiteid>
  </powerpagesiteid>
  <powerpagesitelanguageid>
    <powerpagesitelanguageid>732bd198-dcfc-406a-8b9e-0375589318f3</powerpagesitelanguageid>
  </powerpagesitelanguageid>
  <statecode>0</statecode>
  <statuscode>1</statuscode>
</powerpagecomponent>