﻿<?xml version="1.0" encoding="utf-8"?>
<PvsPackageData>
  <ProviderName>Microsoft</ProviderName>
  <PackageFile>package.zip</PackageFile>
  <SolutionAnchorName>mpa_VisitorRegistration_managed.zip</SolutionAnchorName>
  <StartDate>01/01/2019</StartDate>
  <EndDate>01/01/2050</EndDate>
  <SupportedCountries>AD,AE,AF,AG,AI,AL,AM,AO,AQ,AR,AS,AT,AU,AW,AX,AZ,BA,BB,BD,BE,BF,BG,BH,BI,BJ,BL,BM,BN,BO,BR,BS,BT,BV,BW,BY,BZ,CA,CC,CD,CF,CG,CH,CI,CK,CL,CM,CN,CO,CR,CV,CW,CX,CY,CZ,DE,DJ,DK,DM,DO,DZ,EC,EE,EG,ER,ES,ET,FI,FJ,FK,FM,FO,FR,GA,GB,GD,GE,GF,GG,GH,GI,GL,GM,GN,GP,GQ,GR,GS,GT,GU,GW,GY,HK,HM,HN,HR,HT,HU,ID,IE,IL,IM,IN,IO,IQ,IS,IT,JE,JM,JO,JP,KE,KG,KH,KI,KM,KN,KR,KW,KY,KZ,LA,LB,LC,LI,LK,LR,LS,LT,LU,LV,LY,MA,MC,MD,ME,MF,MG,MH,MK,ML,MM,MN,MO,MP,MQ,MR,MS,MT,MU,MV,MW,MX,MY,MZ,NA,NC,NE,NF,NG,NI,NL,NO,NP,NR,NU,NZ,OM,PA,PE,PF,PG,PH,PK,PL,PM,PN,PR,PS,PT,PW,PY,QA,RE,RO,RS,RU,RW,SA,SB,SC,SE,SG,SH,SI,SJ,SK,SL,SM,SN,SO,SR,ST,SV,SZ,TC,TD,TF,TG,TH,TJ,TK,TL,TM,TN,TO,TR,TT,TV,TW,TZ,UA,UG,UM,US,UY,UZ,VA,VC,VE,VG,VI,VN,VU,WF,WS,YE,YT,ZA,ZM,ZW</SupportedCountries>
  <LearnMoreLink>https://aka.ms/LearnVisitorRegistrationTemplate</LearnMoreLink>
  <Locales>
    <PackageLocale Code="1033" IsDefault="true">
      <Logo>logo32x32.png</Logo>
      <Terms>
        <PackageTerm File="TermsOfUse.html" />
      </Terms>
    </PackageLocale>
  </Locales>
</PvsPackageData>