<powerpagecomponent powerpagecomponentid="d1670f59-372c-44b8-8427-51b0750b5189">
  <content>{"disablepagevalidation":false,"displayimageonly":false,"displayorder":1,"displaypagechildlinks":false,"openinnewwindow":false,"pageid":"94db5e36-8ed1-4567-baae-1b38a4b71d4c","publishingstateid":"9137c988-52cc-46f0-8cea-e558f5887e5f","robotsfollowlink":true,"weblinksetid":"6b5715eb-aeb3-497e-a71a-281e4b61eca0"}</content>
  <iscustomizable>1</iscustomizable>
  <name>Home</name>
  <powerpagecomponenttype>5</powerpagecomponenttype>
  <powerpagesiteid>
    <powerpagesiteid>99af4f03-6a66-4c36-963b-164265f26ce8</powerpagesiteid>
  </powerpagesiteid>
  <statecode>0</statecode>
  <statuscode>1</statuscode>
</powerpagecomponent>