<appaction uniquename="mpa__Approval!e932eed00ef64709b85649440b92812a!mpa_AssetManagmentTracker!mpa_hardwarerequest!0">
  <appmoduleid>
    <uniquename>mpa_AssetManagmentTracker</uniquename>
  </appmoduleid>
  <buttonlabeltext default="Approve">
    <label description="Approve" languagecode="1033" />
  </buttonlabeltext>
  <context>1</context>
  <contextentity>
    <logicalname>mpa_hardwarerequest</logicalname>
  </contextentity>
  <contextvalue>mpa_hardwarerequest</contextvalue>
  <fonticon>$clientsvg:Accept</fonticon>
  <hidden>0</hidden>
  <iscustomizable>1</iscustomizable>
  <isdisabled>0</isdisabled>
  <isgrouptitlehidden>0</isgrouptitlehidden>
  <location>0</location>
  <name>Approval!e932eed00ef64709b85649440b92812a</name>
  <onclickeventformulacomponentlibraryid>
    <name>mpa_HardwareRequestAdministrator_DefaultCommandLibrary</name>
  </onclickeventformulacomponentlibraryid>
  <onclickeventformulacomponentname>03e971dcaa254266a8c863bf1542ce84</onclickeventformulacomponentname>
  <onclickeventformulafunctionname>OnSelect</onclickeventformulafunctionname>
  <onclickeventtype>1</onclickeventtype>
  <origin>0</origin>
  <sequence>100100043.1250000000</sequence>
  <statecode>0</statecode>
  <statuscode>1</statuscode>
  <type>2</type>
  <visibilityformulacomponentlibraryid>
    <name>mpa_HardwareRequestAdministrator_DefaultCommandLibrary</name>
  </visibilityformulacomponentlibraryid>
  <visibilityformulacomponentname>03e971dcaa254266a8c863bf1542ce84</visibilityformulacomponentname>
  <visibilityformulafunctionname>Visible</visibilityformulafunctionname>
  <visibilitytype>1</visibilitytype>
</appaction>