<duplicaterule uniquename="drae8e9abe11df38220c8c88f3de0951e557cd4921ee344e30f073314eacdd441a">
  <baseentityname>mpa_onboarders</baseentityname>
  <description>Duplicate detection rule to match if there is an existing Active Onboarder with the same Email</description>
  <excludeinactiverecords>1</excludeinactiverecords>
  <iscasesensitive>0</iscasesensitive>
  <iscustomizable>1</iscustomizable>
  <matchingentityname>mpa_onboarders</matchingentityname>
  <name>Onboarder with the same Onboarder Email</name>
  <duplicateruleconditions>
    <duplicaterulecondition baseattributename="mpa_email" matchingattributename="mpa_email" operatorcode="0" uniquerulename="drae8e9abe11df38220c8c88f3de0951e557cd4921ee344e30f073314eacdd441a">
      <ignoreblankvalues>0</ignoreblankvalues>
      <iscustomizable>1</iscustomizable>
    </duplicaterulecondition>
  </duplicateruleconditions>
</duplicaterule>