<powerpagecomponent powerpagecomponentid="150bded6-d0c3-4d5d-8a9e-38e46d3ea068">
  <content>{
  "filecontent": null,
  "disablepagevalidation": false,
  "displayimageonly": false,
  "displayorder": 4,
  "displaypagechildlinks": false,
  "openinnewwindow": false,
  "pageid": "d89eafa0-f5be-4230-ae8c-db4098b9042d",
  "publishingstateid": "9137c988-52cc-46f0-8cea-e558f5887e5f",
  "robotsfollowlink": true,
  "weblinksetid": "6b5715eb-aeb3-497e-a71a-281e4b61eca0"
}</content>
  <iscustomizable>1</iscustomizable>
  <name>Contact us</name>
  <powerpagecomponenttype>5</powerpagecomponenttype>
  <powerpagesiteid>
    <powerpagesiteid>99af4f03-6a66-4c36-963b-164265f26ce8</powerpagesiteid>
  </powerpagesiteid>
  <statecode>1</statecode>
  <statuscode>2</statuscode>
</powerpagecomponent>