<powerpagecomponent powerpagecomponentid="c5af707d-919b-4045-bc2f-bbb114e45995">
  <content>{
  "filecontent": null,
  "disablepagevalidation": false,
  "displayimageonly": false,
  "displayorder": 1,
  "displaypagechildlinks": false,
  "openinnewwindow": false,
  "pageid": "17715d2d-46ae-43a9-94b2-0c91390ea202",
  "parentweblinkid": "03c1d1d2-9efc-4884-99b3-7e81a619835c",
  "publishingstateid": "9137c988-52cc-46f0-8cea-e558f5887e5f",
  "robotsfollowlink": true,
  "weblinksetid": "6b5715eb-aeb3-497e-a71a-281e4b61eca0"
}</content>
  <iscustomizable>1</iscustomizable>
  <name>Subpage 1</name>
  <powerpagecomponenttype>5</powerpagecomponenttype>
  <powerpagesiteid>
    <powerpagesiteid>99af4f03-6a66-4c36-963b-164265f26ce8</powerpagesiteid>
  </powerpagesiteid>
  <statecode>1</statecode>
  <statuscode>2</statuscode>
</powerpagecomponent>