<powerpagecomponent powerpagecomponentid="cf09c0ee-29f2-447f-b12e-3cda1ebfaa46">
  <content>{"display_name":"Account/Signin/Terms And Conditions Heading","type":756150000,"value":"Terms and Conditions"}</content>
  <iscustomizable>1</iscustomizable>
  <name>Account/Signin/TermsAndConditionsHeading</name>
  <powerpagecomponenttype>7</powerpagecomponenttype>
  <powerpagesiteid>
    <powerpagesiteid>99af4f03-6a66-4c36-963b-164265f26ce8</powerpagesiteid>
  </powerpagesiteid>
  <powerpagesitelanguageid>
    <powerpagesitelanguageid>732bd198-dcfc-406a-8b9e-0375589318f3</powerpagesitelanguageid>
  </powerpagesitelanguageid>
  <statecode>0</statecode>
  <statuscode>1</statuscode>
</powerpagecomponent>