<powerpagecomponent powerpagecomponentid="f181d50f-c882-41b1-93f2-b7c7938de35f">
  <content>{"display_name":"Account/SignIn/RememberMeLabel","type":756150000,"value":"Remember Me"}</content>
  <iscustomizable>1</iscustomizable>
  <name>Account/SignIn/RememberMeLabel</name>
  <powerpagecomponenttype>7</powerpagecomponenttype>
  <powerpagesiteid>
    <powerpagesiteid>99af4f03-6a66-4c36-963b-164265f26ce8</powerpagesiteid>
  </powerpagesiteid>
  <powerpagesitelanguageid>
    <powerpagesitelanguageid>732bd198-dcfc-406a-8b9e-0375589318f3</powerpagesitelanguageid>
  </powerpagesitelanguageid>
  <statecode>0</statecode>
  <statuscode>1</statuscode>
</powerpagecomponent>