<powerpagecomponent powerpagecomponentid="f1e8cd7e-9a39-45b1-8fd1-67c5044b989e">
  <content>{"display_name":"Account/Signin/Terms And Conditions Button Text","type":756150000,"value":"Continue"}</content>
  <iscustomizable>1</iscustomizable>
  <name>Account/Signin/TermsAndConditionsButtonText</name>
  <powerpagecomponenttype>7</powerpagecomponenttype>
  <powerpagesiteid>
    <powerpagesiteid>99af4f03-6a66-4c36-963b-164265f26ce8</powerpagesiteid>
  </powerpagesiteid>
  <powerpagesitelanguageid>
    <powerpagesitelanguageid>732bd198-dcfc-406a-8b9e-0375589318f3</powerpagesitelanguageid>
  </powerpagesitelanguageid>
  <statecode>0</statecode>
  <statuscode>1</statuscode>
</powerpagecomponent>