<powerpagecomponent powerpagecomponentid="c091f19b-aa47-4d1f-bd1a-7ac54ce65b44">
  <content>{"source":"{% assign poll_name = poll_name %}\r\n{% assign poll_placement_name = poll_placement_name %}\r\n\r\n{% if poll_name %}\r\n  {% assign poll_by_name = polls[poll_name] %}\r\n  &lt;div class=\"poll\" data-url=\"{{ poll_by_name.poll_url }}\" data-submit-url=\"{{ poll_by_name.submit_url }}\"&gt;&lt;/div&gt;\r\n{% elseif poll_placement_name %}\r\n  {% assign placement = polls.placements[poll_placement_name] %}\r\n  {% include \"Random Poll\" placement:placement %}\r\n{% endif %}"}</content>
  <iscustomizable>1</iscustomizable>
  <name>Poll</name>
  <powerpagecomponenttype>8</powerpagecomponenttype>
  <powerpagesiteid>
    <powerpagesiteid>99af4f03-6a66-4c36-963b-164265f26ce8</powerpagesiteid>
  </powerpagesiteid>
  <statecode>0</statecode>
  <statuscode>1</statuscode>
</powerpagecomponent>