<powerpagecomponent powerpagecomponentid="ec903bf2-1f03-4953-9198-708069550aaa">
  <content>{"display_name":"Profile/SecurityNav/Set Password","type":756150000}</content>
  <iscustomizable>1</iscustomizable>
  <name>Profile/SecurityNav/SetPassword</name>
  <powerpagecomponenttype>7</powerpagecomponenttype>
  <powerpagesiteid>
    <powerpagesiteid>99af4f03-6a66-4c36-963b-164265f26ce8</powerpagesiteid>
  </powerpagesiteid>
  <powerpagesitelanguageid>
    <powerpagesitelanguageid>732bd198-dcfc-406a-8b9e-0375589318f3</powerpagesitelanguageid>
  </powerpagesitelanguageid>
  <statecode>0</statecode>
  <statuscode>1</statuscode>
</powerpagecomponent>