<powerpagecomponent powerpagecomponentid="ccfc2541-6981-4eb7-aa1c-c66e94fa6d28">
  <content>{"display_name":"Search/Facet/All","type":756150000,"value":"All"}</content>
  <iscustomizable>1</iscustomizable>
  <name>Search/Facet/All</name>
  <powerpagecomponenttype>7</powerpagecomponenttype>
  <powerpagesiteid>
    <powerpagesiteid>99af4f03-6a66-4c36-963b-164265f26ce8</powerpagesiteid>
  </powerpagesiteid>
  <powerpagesitelanguageid>
    <powerpagesitelanguageid>732bd198-dcfc-406a-8b9e-0375589318f3</powerpagesitelanguageid>
  </powerpagesitelanguageid>
  <statecode>0</statecode>
  <statuscode>1</statuscode>
</powerpagecomponent>