{
  "SchemaVersion": "1.0",
  "solutionParameters": {
    "mpa_ParkingReservation": {
      "EnvironmentVariables": [],
      "ConnectionReferences": [
        {
          "LogicalName": "mpa_PowerAppsInnovationCenterDataverse",
          "ConnectionId": "",
          "ConnectorId": "/providers/Microsoft.PowerApps/apis/shared_commondataserviceforapps"
        },
        {
          "LogicalName": "mpa_PowerAppsInnovationCenterOutlook",
          "ConnectionId": "",
          "ConnectorId": "/providers/Microsoft.PowerApps/apis/shared_office365"
        }
      ]
    }
  }
}