{
  "modelVersion": "1.0.0.0",
  "catalogItemDefinition": {
    "id": "e1ef041a-1c54-4b57-b6d2-6ed2beda01e6",
    "displayName": "Parking Reservation",
    "description": "Parking Reservation App template simplifies management of parking spaces and enables reservations.",
    "offerDetails": {
      "type": "Component_Collection",
      "deploymentType": "Normal",
      "engineeringName": {
        "firstName": "Power Platform Template Support",
        "lastName": "",
        "email": "powertemplatesupport@microsoft.com",
        "phoneNumber": "14257062128"
      },
      "supportName": {
        "firstName": "Power Platform Template Support",
        "lastName": "",
        "email": "powertemplatesupport@microsoft.com",
        "phoneNumber": "14257062128"
      },
      "PostInstallOperation": {
        "OperationType": 0,
        "StudioType": 0,
        "ComponentLogicalName": "mpa_ParkingReservation"
      },
      "CatalogVisibility": 131072
    }
  }
}