<powerpagecomponent powerpagecomponentid="40f8e6a3-29e8-ee11-904d-000d3a33d34f">
  <content>{"source":"{% assign showRecordFlowUrlValue = showRecordFlowUrl %}\r\n{% assign numberofListRecordValue = numberofListRecord |integer %}\r\n\r\n{% include 'snippet' snippet_name:'customJSFiles' %}\r\n\r\n&lt;script&gt;\r\n     document.addEventListener(\"DOMContentLoaded\", function () {\r\n        if (localStorage.getItem(\"vendordetails\") === null) {\r\n            console.log(\"localstorage is empty.\");\r\n            RenderProfileForm();\r\n        }\r\n        else\r\n        {\r\n            var vendors =   localStorage.getItem(\"vendordetails\");\r\n            var vendorJson= JSON.parse(vendors);\r\n            var vendorJsonHeader = vendorJson.Header.first();\r\n            document.getElementById(\"VendorId\").innerHTML=vendorJsonHeader.Vendor;\r\n            document.getElementById(\"VendorName\").innerHTML=vendorJsonHeader.VendorName;\r\n        }\r\n       \r\n \r\n     function RenderProfileForm() {\r\n        var showRecordFlowUrlValue = \"{{showRecordFlowUrlValue}}\"\r\n             shell.ajaxSafePost({\r\n                type: 'POST',\r\n                contentType: \"application/json\",\r\n                url: showRecordFlowUrlValue,\r\n                data: JSON.stringify({ \"eventData\": JSON.stringify({}) }),\r\n                processData: false,\r\n                global: false,\r\n            }).done(function (response) {\r\n                const res = JSON.parse(response);\r\n                if (res) {\r\n                 localStorage.setItem(\"vendordetails\", res.vendordetails);\r\n                 var vendors =   localStorage.getItem(\"vendordetails\");\r\n                console.log(\"vendors\");\r\n                var vendorJson= JSON.parse(vendors);\r\n                var vendorJsonHeader = vendorJson.Header.first();\r\n                \r\n                document.getElementById(\"VendorId\").innerHTML=vendorJsonHeader.Vendor;\r\n                document.getElementById(\"VendorName\").innerHTML=vendorJsonHeader.VendorName;\r\n               \r\n                }\r\n            }).fail(function () {\r\n            });\r\n           \r\n        }\r\n  \r\n\r\n});\r\n&lt;/script&gt;\r\n\r\n "}</content>
  <iscustomizable>1</iscustomizable>
  <name>Vendor Details Template</name>
  <powerpagecomponenttype>8</powerpagecomponenttype>
  <powerpagesiteid>
    <powerpagesiteid>99af4f03-6a66-4c36-963b-164265f26ce8</powerpagesiteid>
  </powerpagesiteid>
  <statecode>0</statecode>
  <statuscode>1</statuscode>
</powerpagecomponent>