<botcomponent_workflowset>
  <botcomponent_workflow botcomponentid.schemaname="mpa_wellnessCopilot.topic.ConversationStart" workflowid.workflowid="991487ec-770c-ef11-9f89-00224834774f">
    <iscustomizable>1</iscustomizable>
  </botcomponent_workflow>
  <botcomponent_workflow botcomponentid.schemaname="mpa_wellnessCopilot.topic.OptinoroutofWellnessReminders" workflowid.workflowid="991487ec-770c-ef11-9f89-00224834774f">
    <iscustomizable>1</iscustomizable>
  </botcomponent_workflow>
</botcomponent_workflowset>