{
  "properties": {
    "connectionReferences": {
      "shared_office365": {
        "runtimeSource": "embedded",
        "connection": {
          "connectionReferenceLogicalName": "mpa_powerappsinnovationcenteroutlook"
        },
        "api": {
          "name": "shared_office365"
        }
      },
      "shared_commondataserviceforapps_1": {
        "runtimeSource": "embedded",
        "connection": {
          "connectionReferenceLogicalName": "mpa_powerappsinnovationcenterdataverse"
        },
        "api": {
          "name": "shared_commondataserviceforapps"
        }
      }
    },
    "definition": {
      "$schema": "https://schema.management.azure.com/providers/Microsoft.Logic/schemas/2016-06-01/workflowdefinition.json#",
      "contentVersion": "1.0.0.0",
      "parameters": {
        "$connections": {
          "defaultValue": {},
          "type": "Object"
        },
        "$authentication": {
          "defaultValue": {},
          "type": "SecureObject"
        }
      },
      "triggers": {
        "manual": {
          "metadata": {
            "operationMetadataId": "1c5bc1ba-44a6-4beb-811b-f48883f21dbd"
          },
          "type": "Request",
          "kind": "Button",
          "inputs": {
            "schema": {
              "type": "object",
              "properties": {
                "text": {
                  "title": "Calendar ID",
                  "type": "string",
                  "x-ms-dynamically-added": true,
                  "description": "Please enter your input",
                  "x-ms-content-hint": "TEXT"
                },
                "text_1": {
                  "title": "Calendar Item ID",
                  "type": "string",
                  "x-ms-dynamically-added": true,
                  "description": "Please enter your input",
                  "x-ms-content-hint": "TEXT"
                },
                "text_2": {
                  "title": "Subject",
                  "type": "string",
                  "x-ms-dynamically-added": true,
                  "description": "Please enter your input",
                  "x-ms-content-hint": "TEXT"
                },
                "text_3": {
                  "title": "Start Time",
                  "type": "string",
                  "x-ms-dynamically-added": true,
                  "description": "Please enter your input",
                  "x-ms-content-hint": "TEXT"
                },
                "text_5": {
                  "title": "Required Attendees",
                  "type": "string",
                  "x-ms-dynamically-added": true,
                  "description": "Please enter your input",
                  "x-ms-content-hint": "TEXT"
                },
                "text_6": {
                  "title": "Appointment Booking Name",
                  "type": "string",
                  "x-ms-dynamically-added": true,
                  "description": "Please enter your input",
                  "x-ms-content-hint": "TEXT"
                },
                "text_7": {
                  "title": "Location Details",
                  "type": "string",
                  "x-ms-dynamically-added": true,
                  "description": "Please enter your input",
                  "x-ms-content-hint": "TEXT"
                },
                "text_8": {
                  "title": "IsForCancel",
                  "type": "string",
                  "x-ms-dynamically-added": true,
                  "description": "Please enter your input",
                  "x-ms-content-hint": "TEXT"
                },
                "text_9": {
                  "title": "End Time",
                  "type": "string",
                  "x-ms-dynamically-added": true,
                  "description": "Please enter your input",
                  "x-ms-content-hint": "TEXT"
                },
                "text_10": {
                  "title": "Fullname",
                  "type": "string",
                  "x-ms-dynamically-added": true,
                  "description": "Please enter your input",
                  "x-ms-content-hint": "TEXT"
                },
                "text_11": {
                  "title": "Location",
                  "type": "string",
                  "x-ms-dynamically-added": true,
                  "description": "Please enter your input",
                  "x-ms-content-hint": "TEXT"
                },
                "text_12": {
                  "title": "Email Date",
                  "type": "string",
                  "x-ms-dynamically-added": true,
                  "description": "Please enter your input",
                  "x-ms-content-hint": "TEXT"
                },
                "text_13": {
                  "title": "Email Time",
                  "type": "string",
                  "x-ms-dynamically-added": true,
                  "description": "Please enter your input",
                  "x-ms-content-hint": "TEXT"
                },
                "text_14": {
                  "title": "Email Duration",
                  "type": "string",
                  "x-ms-dynamically-added": true,
                  "description": "Please enter your input",
                  "x-ms-content-hint": "TEXT"
                },
                "text_15": {
                  "title": "Requestor Email",
                  "type": "string",
                  "x-ms-dynamically-added": true,
                  "description": "Please enter your input",
                  "x-ms-content-hint": "TEXT"
                },
                "text_4": {
                  "title": "Appointment Type Name",
                  "type": "string",
                  "x-ms-dynamically-added": true,
                  "description": "Please enter your input",
                  "x-ms-content-hint": "TEXT"
                }
              },
              "required": [
                "text",
                "text_1",
                "text_2",
                "text_3",
                "text_5",
                "text_6",
                "text_7",
                "text_8",
                "text_9",
                "text_10",
                "text_11",
                "text_12",
                "text_13",
                "text_14",
                "text_15"
              ]
            }
          }
        }
      },
      "actions": {
        "Try": {
          "actions": {
            "Check_if_for_cancel_or_resched": {
              "actions": {
                "Reschedule_Event": {
                  "runAfter": {},
                  "metadata": {
                    "operationMetadataId": "2ba63e7c-2fd6-44a7-92da-bd32b9bcbf76"
                  },
                  "type": "OpenApiConnection",
                  "inputs": {
                    "host": {
                      "connectionName": "shared_office365",
                      "operationId": "V4CalendarPatchItem",
                      "apiId": "/providers/Microsoft.PowerApps/apis/shared_office365"
                    },
                    "parameters": {
                      "table": "@triggerBody()['text']",
                      "id": "@triggerBody()['text_1']",
                      "item/subject": "@triggerBody()['text_2']",
                      "item/start": "@triggerBody()['text_3']",
                      "item/end": "@triggerBody()['text_9']",
                      "item/timeZone": "(UTC) Coordinated Universal Time",
                      "item/requiredAttendees": "@triggerBody()['text_5']",
                      "item/body": "<style>\n#customers {\n  font-family: Arial, Helvetica, sans-serif;\n  border-collapse: collapse;\n  width: 100%;\n}\n\n#customers td, #customers th {\n  border: 1px solid #ddd;\n  padding: 8px;\n}\n\n#customers tr:nth-child(even){background-color: #f2f2f2;}\n\n#customers tr:hover {background-color: #ddd;}\n\n#customers th {\n  padding-top: 12px;\n  padding-bottom: 12px;\n  text-align: left;\n  background-color: Gray;\n  color: white;\n}\n</style>\n\n<p>Hello,<br>\n<br>\nThis is to let you know that an appointment has been booked. Below are the details of the appointment: <br>\n<br>\n<table id=\"customers\">\n  <tr>\n    <th>Requestor Name</th>\n    <th>Requestor Email</th>\n  <th>Appointment Type</th>\n    <th>Meeting Via</th>\n    <th>Meeting Details</th>\n<th>Duration</th>\n  </tr>\n  <tr>\n   <td>@{triggerBody()['text_10']}</td>\n   <td>@{triggerBody()['text_15']}</td>\n    <td>@{triggerBody()['text_4']}</td>\n   <td>@{triggerBody()['text_11']}</td>\n    <td>@{triggerBody()['text_7']}</td>\n    <td> @{triggerBody()['text_14']} </td>\n\n  </tr>\n</table>\n<br>\n</p>"
                    },
                    "authentication": {
                      "type": "Raw",
                      "value": "@json(decodeBase64(triggerOutputs().headers['X-MS-APIM-Tokens']))['$ConnectionKey']"
                    }
                  },
                  "description": "Update specific event."
                }
              },
              "runAfter": {},
              "else": {
                "actions": {
                  "Cancel_Event": {
                    "runAfter": {},
                    "metadata": {
                      "operationMetadataId": "547b6b5d-d483-4e52-9569-8a04bc7dbbe5"
                    },
                    "type": "OpenApiConnection",
                    "inputs": {
                      "host": {
                        "connectionName": "shared_office365",
                        "operationId": "CalendarDeleteItem_V2",
                        "apiId": "/providers/Microsoft.PowerApps/apis/shared_office365"
                      },
                      "parameters": {
                        "calendar": "@triggerBody()['text']",
                        "event": "@triggerBody()['text_1']"
                      },
                      "authentication": {
                        "type": "Raw",
                        "value": "@json(decodeBase64(triggerOutputs().headers['X-MS-APIM-Tokens']))['$ConnectionKey']"
                      }
                    },
                    "description": "Deleting of specific event."
                  }
                }
              },
              "expression": {
                "equals": [
                  "@triggerBody()['text_8']",
                  "No"
                ]
              },
              "metadata": {
                "operationMetadataId": "6a6885fe-dd8c-4e88-ae22-9741b7b4ae26"
              },
              "type": "If"
            },
            "Respond_to_a_PowerApp_or_flow": {
              "runAfter": {
                "Check_if_for_cancel_or_resched": [
                  "Succeeded"
                ]
              },
              "metadata": {
                "operationMetadataId": "ed92ce0c-7105-492f-a047-3a0d5d09653b"
              },
              "type": "Response",
              "kind": "PowerApp",
              "inputs": {
                "statusCode": 200,
                "body": {
                  "return": "success"
                },
                "schema": {
                  "type": "object",
                  "properties": {
                    "return": {
                      "title": "return",
                      "x-ms-dynamically-added": true,
                      "type": "string"
                    }
                  }
                }
              },
              "description": "Return success response."
            }
          },
          "runAfter": {
            "CalendarItemID": [
              "Succeeded"
            ]
          },
          "metadata": {
            "operationMetadataId": "a1134067-9b20-41c8-b163-5b1910644abd"
          },
          "type": "Scope",
          "description": "To handle an unexpected error."
        },
        "CalendarItemID": {
          "runAfter": {},
          "metadata": {
            "operationMetadataId": "44f137cd-b001-4ba2-9f05-73fc4436392c"
          },
          "type": "InitializeVariable",
          "inputs": {
            "variables": [
              {
                "name": "CalendarItemID",
                "type": "string"
              }
            ]
          },
          "description": "To hold a calendar ID."
        },
        "Catch": {
          "actions": {
            "Filter_Data": {
              "runAfter": {},
              "metadata": {
                "operationMetadataId": "a5f498e6-fe56-427b-9845-1312aa952e36"
              },
              "type": "Query",
              "inputs": {
                "from": "@result('Try')",
                "where": "@or(equals(item()?['Status'], 'Failed'), equals(item()?['Status'], 'TimedOut'))"
              },
              "description": "Filter data by failed and timeout."
            },
            "Create_entry_in_IT_Error": {
              "runAfter": {
                "ErrorReturn": [
                  "Succeeded"
                ]
              },
              "metadata": {
                "operationMetadataId": "d7b067c6-fe34-4a13-8c87-d22bc89f1a0a"
              },
              "type": "OpenApiConnection",
              "inputs": {
                "host": {
                  "connectionName": "shared_commondataserviceforapps_1",
                  "operationId": "CreateRecord",
                  "apiId": "/providers/Microsoft.PowerApps/apis/shared_commondataserviceforapps"
                },
                "parameters": {
                  "entityName": "mpa_iterrors",
                  "item/mpa_name": "@outputs('ErrorReturn')?['body'][0]['FlowName']",
                  "item/mpa_action": "@outputs('ErrorReturn')?['body'][0]['Step']",
                  "item/mpa_errormessage": "@outputs('ErrorReturn')?['body'][0]['InnerErrorMessage']",
                  "item/mpa_sourcetype": 865420001,
                  "item/mpa_workflowinstanceurl": "@outputs('ErrorReturn')?['body'][0]['URL']"
                },
                "authentication": {
                  "type": "Raw",
                  "value": "@json(decodeBase64(triggerOutputs().headers['X-MS-APIM-Tokens']))['$ConnectionKey']"
                }
              },
              "description": "Add new record in IT error table."
            },
            "ErrorReturn": {
              "runAfter": {
                "Filter_Data": [
                  "Succeeded"
                ]
              },
              "metadata": {
                "operationMetadataId": "08fe3aa3-bb2e-4039-bf63-e78ad0216a2f"
              },
              "type": "Select",
              "inputs": {
                "from": "@body('Filter_Data')",
                "select": {
                  "Step": "@item()?['name']",
                  "Status": "@item()?['Status']",
                  "InnerErrorMessage": "@{item()?['error']?['message']} \n@{item()?['outputs']?['body']?['error']?['message']}",
                  "Input": "@triggerOutputs()?['body/mpa_aptbk_appointmentbookingname']",
                  "FlowName": "@workflow()?['tags']['flowDisplayName']",
                  "URL": "@concat('https://flow.microsoft.com/manage/environments/', workflow()?['tags']['environmentName'], '/flows/', workflow()?['name'], '/runs/', workflow()?['run']['name'])"
                }
              },
              "description": "To hold a specific value."
            },
            "Terminate": {
              "runAfter": {
                "Create_entry_in_IT_Error": [
                  "Succeeded"
                ]
              },
              "metadata": {
                "operationMetadataId": "ddf9f509-d2b5-411d-a2be-61808598c00a"
              },
              "type": "Terminate",
              "inputs": {
                "runStatus": "Failed"
              },
              "description": "Terminate and set status to failed."
            }
          },
          "runAfter": {
            "Try": [
              "Failed",
              "TimedOut"
            ]
          },
          "metadata": {
            "operationMetadataId": "4a696b4f-65f1-4257-a4c5-9dc2b45116d4"
          },
          "type": "Scope",
          "description": "To catch the specific error and add to IT error table."
        }
      },
      "outputs": {}
    },
    "templateName": ""
  },
  "schemaVersion": "1.0.0.0"
}