<powerpagecomponent powerpagecomponentid="304c2c7d-08e4-4525-bb94-8d22981f2dcc">
  <content>{"display_name":"Account/Sign In/Username Label","type":756150000,"value":"User name"}</content>
  <iscustomizable>1</iscustomizable>
  <name>Account/SignIn/UsernameLabel</name>
  <powerpagecomponenttype>7</powerpagecomponenttype>
  <powerpagesiteid>
    <powerpagesiteid>99af4f03-6a66-4c36-963b-164265f26ce8</powerpagesiteid>
  </powerpagesiteid>
  <powerpagesitelanguageid>
    <powerpagesitelanguageid>732bd198-dcfc-406a-8b9e-0375589318f3</powerpagesitelanguageid>
  </powerpagesitelanguageid>
  <statecode>0</statecode>
  <statuscode>1</statuscode>
</powerpagecomponent>