﻿<?xml version="1.0" encoding="utf-8"?>
<ImportExportXml version="9.2.23093.252" SolutionPackageVersion="9.2" languagecode="1033" generatedBy="CrmLive" xmlns:xsi="http://www.w3.org/2001/XMLSchema-instance">
  <SolutionManifest>
    <UniqueName>mpa_Kudos</UniqueName>
    <LocalizedNames>
      <LocalizedName description="Kudos" languagecode="1033" />
    </LocalizedNames>
    <Descriptions>
      <Description description="Kudos Solution Template " languagecode="1033" />
    </Descriptions>
    <Version>1.0.0.36</Version>
    <Managed>0</Managed>
    <Publisher>
      <UniqueName>PowerAccelerator</UniqueName>
      <LocalizedNames>
        <LocalizedName description="Microsoft Power Accelerator" languagecode="1033" />
      </LocalizedNames>
      <Descriptions>
        <Description description="Publisher for the Microsoft Power Accelerator team." languagecode="1033" />
      </Descriptions>
      <EMailAddress xsi:nil="true"></EMailAddress>
      <SupportingWebsiteUrl xsi:nil="true"></SupportingWebsiteUrl>
      <CustomizationPrefix>mpa</CustomizationPrefix>
      <CustomizationOptionValuePrefix>86542</CustomizationOptionValuePrefix>
      <Addresses>
        <Address>
          <AddressNumber>1</AddressNumber>
          <AddressTypeCode>1</AddressTypeCode>
          <City xsi:nil="true"></City>
          <County xsi:nil="true"></County>
          <Country xsi:nil="true"></Country>
          <Fax xsi:nil="true"></Fax>
          <FreightTermsCode xsi:nil="true"></FreightTermsCode>
          <ImportSequenceNumber xsi:nil="true"></ImportSequenceNumber>
          <Latitude xsi:nil="true"></Latitude>
          <Line1 xsi:nil="true"></Line1>
          <Line2 xsi:nil="true"></Line2>
          <Line3 xsi:nil="true"></Line3>
          <Longitude xsi:nil="true"></Longitude>
          <Name xsi:nil="true"></Name>
          <PostalCode xsi:nil="true"></PostalCode>
          <PostOfficeBox xsi:nil="true"></PostOfficeBox>
          <PrimaryContactName xsi:nil="true"></PrimaryContactName>
          <ShippingMethodCode>1</ShippingMethodCode>
          <StateOrProvince xsi:nil="true"></StateOrProvince>
          <Telephone1 xsi:nil="true"></Telephone1>
          <Telephone2 xsi:nil="true"></Telephone2>
          <Telephone3 xsi:nil="true"></Telephone3>
          <TimeZoneRuleVersionNumber xsi:nil="true"></TimeZoneRuleVersionNumber>
          <UPSZone xsi:nil="true"></UPSZone>
          <UTCOffset xsi:nil="true"></UTCOffset>
          <UTCConversionTimeZoneCode xsi:nil="true"></UTCConversionTimeZoneCode>
        </Address>
        <Address>
          <AddressNumber>2</AddressNumber>
          <AddressTypeCode>1</AddressTypeCode>
          <City xsi:nil="true"></City>
          <County xsi:nil="true"></County>
          <Country xsi:nil="true"></Country>
          <Fax xsi:nil="true"></Fax>
          <FreightTermsCode xsi:nil="true"></FreightTermsCode>
          <ImportSequenceNumber xsi:nil="true"></ImportSequenceNumber>
          <Latitude xsi:nil="true"></Latitude>
          <Line1 xsi:nil="true"></Line1>
          <Line2 xsi:nil="true"></Line2>
          <Line3 xsi:nil="true"></Line3>
          <Longitude xsi:nil="true"></Longitude>
          <Name xsi:nil="true"></Name>
          <PostalCode xsi:nil="true"></PostalCode>
          <PostOfficeBox xsi:nil="true"></PostOfficeBox>
          <PrimaryContactName xsi:nil="true"></PrimaryContactName>
          <ShippingMethodCode>1</ShippingMethodCode>
          <StateOrProvince xsi:nil="true"></StateOrProvince>
          <Telephone1 xsi:nil="true"></Telephone1>
          <Telephone2 xsi:nil="true"></Telephone2>
          <Telephone3 xsi:nil="true"></Telephone3>
          <TimeZoneRuleVersionNumber xsi:nil="true"></TimeZoneRuleVersionNumber>
          <UPSZone xsi:nil="true"></UPSZone>
          <UTCOffset xsi:nil="true"></UTCOffset>
          <UTCConversionTimeZoneCode xsi:nil="true"></UTCConversionTimeZoneCode>
        </Address>
      </Addresses>
    </Publisher>
    <RootComponents>
      <RootComponent type="1" schemaName="mpa_badge" behavior="0" />
      <RootComponent type="1" schemaName="mpa_kudo" behavior="0" />
      <RootComponent type="1" schemaName="mpa_optoutuser" behavior="0" />
      <RootComponent type="1" schemaName="systemuser" behavior="1" />
      <RootComponent type="20" id="{2b32e64b-02c4-ed11-83ff-00224803a83a}" behavior="0" />
      <RootComponent type="20" id="{6089cdb9-00c4-ed11-83ff-00224803a83a}" behavior="0" />
      <RootComponent type="20" id="{f2406414-ffc3-ed11-83ff-00224803a83a}" behavior="0" />
      <RootComponent type="29" id="{445b46b7-1ac8-ed11-b597-00224803a83a}" behavior="0" />
      <RootComponent type="29" id="{581ff752-abc2-ed11-83ff-00224805c837}" behavior="0" />
      <RootComponent type="29" id="{6b503259-37c7-ed11-b597-00224803a83a}" behavior="0" />
      <RootComponent type="29" id="{78705546-a1c2-ed11-83ff-00224803a83a}" behavior="0" />
      <RootComponent type="29" id="{907f1bce-a6c2-ed11-83ff-00224803a83a}" behavior="0" />
      <RootComponent type="29" id="{9985ea58-32c4-ed11-83ff-00224803a83a}" behavior="0" />
      <RootComponent type="300" schemaName="mpa_KudosApp" behavior="0" />
      <RootComponent type="431" schemaName="mpa_badge mpa_badgeimage" behavior="0" />
      <RootComponent type="432" schemaName="mpa_badge" behavior="0" />
      <RootComponent type="61" schemaName="mpa_badgelogo" behavior="0" />
      <RootComponent type="61" schemaName="mpa_kudosappicon" behavior="0" />
      <RootComponent type="61" schemaName="mpa_kudosmodelappicon" behavior="0" />
      <RootComponent type="61" schemaName="mpa_kudosoptouticon" behavior="0" />
      <RootComponent type="61" schemaName="mpa_kudosthumbsupicon" behavior="0" />
      <RootComponent type="61" schemaName="mpa_kudothumbsupicon" behavior="0" />
      <RootComponent type="62" schemaName="mpa_KudosAdminApp" behavior="0" />
      <RootComponent type="80" schemaName="mpa_KudosAdminApp" behavior="0" />
    </RootComponents>
    <MissingDependencies>
      <MissingDependency>
        <Required type="1" schemaName="mpa_eelocalization" displayName="Employee Experience Localization" solution="mpa_EmployeeExperienceBase (1.0.0.15)" />
        <Dependent type="300" schemaName="mpa_KudosApp" displayName="Kudos App" />
      </MissingDependency>
      <MissingDependency>
        <Required type="26" schemaName="Soft deleted Users" displayName="Soft deleted Users" parentSchemaName="systemuser" parentDisplayName="User" solution="AuthorizationCore (1.97.0.0)" id="{5fda842a-004b-42b4-a611-b93c2c69667e}" />
        <Dependent type="60" displayName="Information" parentDisplayName="Opt-out User" id="{dba0b562-9a7b-4dbc-aa43-29b2c12b6be8}" />
      </MissingDependency>
      <MissingDependency>
        <Required type="66" schemaName="MscrmControls.FieldControls.ToggleControl" displayName="MscrmControls.FieldControls.ToggleControl" solution="BaseCustomControlsCore (9.0.2309.3020)" />
        <Dependent type="60" displayName="Information" parentDisplayName="Opt-out User" id="{dba0b562-9a7b-4dbc-aa43-29b2c12b6be8}" />
      </MissingDependency>
      <MissingDependency>
        <Required type="SettingDefinition" displayName="ServerMode" solution="SettingDefinitionsData (9.1.23094.230918001)" id.uniquename="ServerMode" />
        <Dependent type="AppSetting" displayName="parentappmoduleid.uniquename=mpa_KudosAdminApp,settingdefinitionid.uniquename=ServerMode" id.parentappmoduleid.uniquename="mpa_KudosAdminApp" id.settingdefinitionid.uniquename="ServerMode" />
      </MissingDependency>
    </MissingDependencies>
  </SolutionManifest>
</ImportExportXml>