<powerpagecomponent powerpagecomponentid="f6f8374c-abd2-4e74-b409-c226af04461b">
  <content>{"enablerating":false,"enabletracking":false,"excludefromsearch":false,"feedbackpolicy":756150000,"hiddenfromsitemap":true,"isroot":true,"pagetemplateid":"4d0eee99-5351-4f58-a509-c390e601005f","parentpageid":"94db5e36-8ed1-4567-baae-1b38a4b71d4c","partialurl":"search","publishingstateid":"9137c988-52cc-46f0-8cea-e558f5887e5f","sharedpageconfiguration":false}</content>
  <iscustomizable>1</iscustomizable>
  <name>Search</name>
  <powerpagecomponenttype>2</powerpagecomponenttype>
  <powerpagesiteid>
    <powerpagesiteid>99af4f03-6a66-4c36-963b-164265f26ce8</powerpagesiteid>
  </powerpagesiteid>
  <searchcontent>Search</searchcontent>
  <statecode>0</statecode>
  <statuscode>1</statuscode>
</powerpagecomponent>