<powerpagecomponent powerpagecomponentid="c6bd7d0c-7c64-e3be-f7a5-0725e3b47207">
  <content>{
  "filecontent": null,
  "displayorder": 3,
  "weblinksetid": "6b5715eb-aeb3-497e-a71a-281e4b61eca0",
  "pageid": "f1807e95-e73e-930e-c588-97a6315b3f70",
  "publishingstateid": "9137c988-52cc-46f0-8cea-e558f5887e5f",
  "displaypagevalidation": false,
  "displayimageonly": false,
  "displaypagechildlinks": false,
  "openinnewwindow": false,
  "robotsfollowlink": true,
  "parentweblinkid": "d609b494-5629-cc20-fda2-593baf2dc59c"
}</content>
  <iscustomizable>1</iscustomizable>
  <name>Create Invoice</name>
  <powerpagecomponenttype>5</powerpagecomponenttype>
  <powerpagesiteid>
    <powerpagesiteid>99af4f03-6a66-4c36-963b-164265f26ce8</powerpagesiteid>
  </powerpagesiteid>
  <statecode>1</statecode>
  <statuscode>2</statuscode>
</powerpagecomponent>