<card cardid="cb631c03-296d-ee11-8df0-00224808117c">
  <appdefinition>{"screens":{"main":{"template":{"type":"AdaptiveCard","body":[{"type":"TextBlock","size":"Medium","weight":"Bolder","text":"=LookUp('Hardware Requests','Hardware Request' = GUID(varHardwareRequestID)).Name","id":"txtHeader"},{"type":"TextBlock","text":"Your requested hardware items have been delivered!","wrap":true,"id":"txtSubTitle","size":"ExtraLarge","color":"Accent"},{"type":"TextBlock","id":"txtSubTitle2","wrap":true,"text":"The following hardware assets have been delivered to you and are now marked as in your position."},{"type":"TextBlock","id":"txtSubTitle3","wrap":true,"text":"Hardware Assets Delivered","weight":"Bolder"},{"type":"TextBlock","id":"txtAssets","wrap":true,"text":"=Text(ThisItem.'Delivered On',DateTimeFormat.ShortDate)  &amp;\" - \"&amp;ThisItem.'Asset Number'&amp;\" - \"&amp;ThisItem.'Product'.Name","$data":"Filter('Assets',And('Hardware Request'.'Hardware Request' = GUID(varHardwareRequestID),'Asset Status' = 'Asset Status (Assets)'.Assigned))"},{"type":"TextBlock","id":"txtSubTitle4","wrap":true,"text":"As a next step, we will finalize some things on your request and notify you when the request is fully completed."}],"$schema":"http://adaptivecards.io/schemas/adaptive-card.json","version":"1.5","actions":[{"type":"Action.OpenUrl","id":"btnViewRequest","title":"View Request","associatedInputs":"auto","verb":"onSelect_Button1","url":"=Concatenate(varHardwareRequestAppURL,\"&amp;hardwarerequest=\",varHardwareRequestID)"}]},"verbs":{"submit":"echo"}}},"sampleData":{"main":{}},"connections":{"eeaa0e43-89e2-e04a-b9b3-eba854640e09_mpa_hardwarerequest":{"apiName":"shared_commondataserviceforapps","name":"728671f38eb042928b4c16675a2802d8","apiId":"/providers/Microsoft.PowerApps/apis/shared_commondataserviceforapps","apiDisplayName":"Microsoft Dataverse","tablePluralName":"Hardware Requests","logicalName":"mpa_hardwarerequest","environment":"eeaa0e43-89e2-e04a-b9b3-eba854640e09","hasParameters":true},"6e611633-7458-eb46-b392-09faa6093d17_mpa_asset":{"apiName":"shared_commondataserviceforapps","name":"7fe273f9c5e847148bda78c8b3f93905","apiId":"/providers/Microsoft.PowerApps/apis/shared_commondataserviceforapps","apiDisplayName":"Microsoft Dataverse","tablePluralName":"Assets","logicalName":"mpa_asset","environment":"6e611633-7458-eb46-b392-09faa6093d17","hasParameters":true}},"variables":{"varHardwareRequestID":{"type":"string","title":"","description":"","default":"","x-ms-cardapp":{"scope":"shared","input":"required"}},"varHardwareRequestAppURL":{"type":"string","title":"","description":"","default":"","x-ms-cardapp":{"scope":"shared","input":"required"}}},"flows":{},"locale":"en-US"}</appdefinition>
  <description>Request delivered notification</description>
  <iscustomizable>1</iscustomizable>
  <name>Request Delivered</name>
  <statecode>0</statecode>
  <statuscode>1</statuscode>
</card>