<ImportExportXml version="9.2.24112.220" SolutionPackageVersion="9.2" languagecode="1033" generatedBy="CrmLive" xmlns:xsi="http://www.w3.org/2001/XMLSchema-instance" OrganizationVersion="9.2.24112.220" OrganizationSchemaType="Standard" CRMServerServiceabilityVersion="9.2.24112.00220">
  <SolutionManifest>
    <UniqueName>mpa_SAPProcurement</UniqueName>
    <LocalizedNames>
      <LocalizedName description="SAP Procurement" languagecode="1033" />
    </LocalizedNames>
    <Descriptions />
    <Version>1.0.0.141</Version>
    <Managed>0</Managed>
    <Publisher>
      <UniqueName>PowerAccelerator</UniqueName>
      <LocalizedNames>
        <LocalizedName description="Microsoft Power Accelerator" languagecode="1033" />
      </LocalizedNames>
      <Descriptions>
        <Description description="Publisher for the Microsoft Power Accelerator team." languagecode="1033" />
      </Descriptions>
      <EMailAddress xsi:nil="true"></EMailAddress>
      <SupportingWebsiteUrl xsi:nil="true"></SupportingWebsiteUrl>
      <CustomizationPrefix>mpa</CustomizationPrefix>
      <CustomizationOptionValuePrefix>86542</CustomizationOptionValuePrefix>
      <Addresses>
        <Address>
          <AddressNumber>1</AddressNumber>
          <AddressTypeCode>1</AddressTypeCode>
          <City xsi:nil="true"></City>
          <County xsi:nil="true"></County>
          <Country xsi:nil="true"></Country>
          <Fax xsi:nil="true"></Fax>
          <FreightTermsCode xsi:nil="true"></FreightTermsCode>
          <ImportSequenceNumber xsi:nil="true"></ImportSequenceNumber>
          <Latitude xsi:nil="true"></Latitude>
          <Line1 xsi:nil="true"></Line1>
          <Line2 xsi:nil="true"></Line2>
          <Line3 xsi:nil="true"></Line3>
          <Longitude xsi:nil="true"></Longitude>
          <Name xsi:nil="true"></Name>
          <PostalCode xsi:nil="true"></PostalCode>
          <PostOfficeBox xsi:nil="true"></PostOfficeBox>
          <PrimaryContactName xsi:nil="true"></PrimaryContactName>
          <ShippingMethodCode>1</ShippingMethodCode>
          <StateOrProvince xsi:nil="true"></StateOrProvince>
          <Telephone1 xsi:nil="true"></Telephone1>
          <Telephone2 xsi:nil="true"></Telephone2>
          <Telephone3 xsi:nil="true"></Telephone3>
          <TimeZoneRuleVersionNumber xsi:nil="true"></TimeZoneRuleVersionNumber>
          <UPSZone xsi:nil="true"></UPSZone>
          <UTCOffset xsi:nil="true"></UTCOffset>
          <UTCConversionTimeZoneCode xsi:nil="true"></UTCConversionTimeZoneCode>
        </Address>
        <Address>
          <AddressNumber>2</AddressNumber>
          <AddressTypeCode>1</AddressTypeCode>
          <City xsi:nil="true"></City>
          <County xsi:nil="true"></County>
          <Country xsi:nil="true"></Country>
          <Fax xsi:nil="true"></Fax>
          <FreightTermsCode xsi:nil="true"></FreightTermsCode>
          <ImportSequenceNumber xsi:nil="true"></ImportSequenceNumber>
          <Latitude xsi:nil="true"></Latitude>
          <Line1 xsi:nil="true"></Line1>
          <Line2 xsi:nil="true"></Line2>
          <Line3 xsi:nil="true"></Line3>
          <Longitude xsi:nil="true"></Longitude>
          <Name xsi:nil="true"></Name>
          <PostalCode xsi:nil="true"></PostalCode>
          <PostOfficeBox xsi:nil="true"></PostOfficeBox>
          <PrimaryContactName xsi:nil="true"></PrimaryContactName>
          <ShippingMethodCode>1</ShippingMethodCode>
          <StateOrProvince xsi:nil="true"></StateOrProvince>
          <Telephone1 xsi:nil="true"></Telephone1>
          <Telephone2 xsi:nil="true"></Telephone2>
          <Telephone3 xsi:nil="true"></Telephone3>
          <TimeZoneRuleVersionNumber xsi:nil="true"></TimeZoneRuleVersionNumber>
          <UPSZone xsi:nil="true"></UPSZone>
          <UTCOffset xsi:nil="true"></UTCOffset>
          <UTCConversionTimeZoneCode xsi:nil="true"></UTCConversionTimeZoneCode>
        </Address>
      </Addresses>
    </Publisher>
    <RootComponents>
      <RootComponent type="29" id="{01850ff0-e2ff-ed11-8f6e-002248049c83}" behavior="0" />
      <RootComponent type="29" id="{0d0ad2df-7df8-ee11-a1fd-000d3a32c71b}" behavior="0" />
      <RootComponent type="29" id="{0e9e01b5-6fe0-ed11-a7c6-002248049af9}" behavior="0" />
      <RootComponent type="29" id="{123f3ee5-72ef-ed11-8849-002248049b8b}" behavior="0" />
      <RootComponent type="29" id="{1265a3ea-8300-ee11-8f6e-0022480492d7}" behavior="0" />
      <RootComponent type="29" id="{138ec42b-726f-ee11-8df0-002248081a55}" behavior="0" />
      <RootComponent type="29" id="{28d8aacf-21e5-ed11-a7c6-002248049af9}" behavior="0" />
      <RootComponent type="29" id="{2e617526-6660-ed11-9562-000d3a34194b}" behavior="0" />
      <RootComponent type="29" id="{58824ce5-7304-ee11-8f6e-002248049c83}" behavior="0" />
      <RootComponent type="29" id="{5be20792-8600-ee11-8f6e-0022480492d7}" behavior="0" />
      <RootComponent type="29" id="{63c7df79-e35e-ee11-be6f-00224808117c}" behavior="0" />
      <RootComponent type="29" id="{63f9fe91-8819-ed11-b83e-000d3a315c79}" behavior="0" />
      <RootComponent type="29" id="{6ad39037-285e-ee11-be6f-002248081a55}" behavior="0" />
      <RootComponent type="29" id="{6cbd801b-7f6f-ee11-8df0-00224808117c}" behavior="0" />
      <RootComponent type="29" id="{87fed265-1f1f-ed11-b83e-000d3a5acccf}" behavior="0" />
      <RootComponent type="29" id="{89223cb2-6a60-ed11-9562-000d3a341930}" behavior="0" />
      <RootComponent type="29" id="{92ea76da-932f-ed11-9db1-002248083c33}" behavior="0" />
      <RootComponent type="29" id="{9304b186-f0e9-ed11-a7c5-002248049af9}" behavior="0" />
      <RootComponent type="29" id="{96a0b043-5977-ee11-8179-002248081a55}" behavior="0" />
      <RootComponent type="29" id="{9df25ea5-81e0-ed11-a7c7-0022480492d7}" behavior="0" />
      <RootComponent type="29" id="{bb1fb474-f2ff-ed11-8f6e-0022480492d7}" behavior="0" />
      <RootComponent type="29" id="{c0d5750d-8800-ee11-8f6e-0022480492d7}" behavior="0" />
      <RootComponent type="29" id="{c433562c-715e-ee11-be6f-000d3a3050ad}" behavior="0" />
      <RootComponent type="29" id="{c519f5e6-8872-ee11-9ae7-00224808117c}" behavior="0" />
      <RootComponent type="29" id="{c7db5284-eae5-ed11-a7c7-0022480492d7}" behavior="0" />
      <RootComponent type="29" id="{cb4f0971-07d5-ed11-a7c7-0022480492d7}" behavior="0" />
      <RootComponent type="29" id="{dcb9e8a4-dc71-ee11-9ae7-002248081a55}" behavior="0" />
      <RootComponent type="29" id="{e75d6437-f0e5-ed11-a7c7-0022480492d7}" behavior="0" />
      <RootComponent type="29" id="{e82a8118-997c-ed11-81ad-000d3a34194b}" behavior="0" />
      <RootComponent type="29" id="{f291ab93-af31-ee11-bdf3-002248081a55}" behavior="0" />
      <RootComponent type="61" schemaName="mpa_PurchaseOrdersIcon" behavior="0" />
      <RootComponent type="61" schemaName="mpa_RequisitionsMenuIcon" behavior="0" />
      <RootComponent type="61" schemaName="mpa_VendorInvoicesMenuIcon" behavior="0" />
      <RootComponent type="61" schemaName="mpa_VendosMenuIcon" behavior="0" />
      <RootComponent type="300" schemaName="mpa_SAPGoodsReceiptApp" behavior="0" />
      <RootComponent type="300" schemaName="mpa_sappurchaseorders_70e14" behavior="0" />
      <RootComponent type="300" schemaName="mpa_saprequisitionmanagement_f3a72" behavior="0" />
      <RootComponent type="300" schemaName="mpa_sapvendorinvoices_40f15" behavior="0" />
      <RootComponent type="300" schemaName="mpa_sapvendormanagement_42919" behavior="0" />
      <RootComponent type="300" schemaName="mpa_sapvendorpayments_40707" behavior="0" />
    </RootComponents>
    <MissingDependencies>
      <MissingDependency>
        <Required type="1" schemaName="mpa_saperror" displayName="SAP Error" solution="mpa_SAPBase (1.0.0.73)" />
        <Dependent type="29" displayName="CreateVendorInvoice" id="{01850ff0-e2ff-ed11-8f6e-002248049c83}" />
      </MissingDependency>
      <MissingDependency>
        <Required type="1" schemaName="mpa_saperror" displayName="SAP Error" solution="mpa_SAPBase (1.0.0.73)" />
        <Dependent type="29" displayName="ReadAttachmentList" id="{0d0ad2df-7df8-ee11-a1fd-000d3a32c71b}" />
      </MissingDependency>
      <MissingDependency>
        <Required type="1" schemaName="mpa_saperror" displayName="SAP Error" solution="mpa_SAPBase (1.0.0.73)" />
        <Dependent type="29" displayName="ReadGLAccountList" id="{0e9e01b5-6fe0-ed11-a7c6-002248049af9}" />
      </MissingDependency>
      <MissingDependency>
        <Required type="1" schemaName="mpa_saperror" displayName="SAP Error" solution="mpa_SAPBase (1.0.0.73)" />
        <Dependent type="29" displayName="ReadMaterial" id="{123f3ee5-72ef-ed11-8849-002248049b8b}" />
      </MissingDependency>
      <MissingDependency>
        <Required type="1" schemaName="mpa_saperror" displayName="SAP Error" solution="mpa_SAPBase (1.0.0.73)" />
        <Dependent type="29" displayName="ReadVendorInvoice" id="{1265a3ea-8300-ee11-8f6e-0022480492d7}" />
      </MissingDependency>
      <MissingDependency>
        <Required type="1" schemaName="mpa_saperror" displayName="SAP Error" solution="mpa_SAPBase (1.0.0.73)" />
        <Dependent type="29" displayName="ReadRequisition" id="{138ec42b-726f-ee11-8df0-002248081a55}" />
      </MissingDependency>
      <MissingDependency>
        <Required type="1" schemaName="mpa_saperror" displayName="SAP Error" solution="mpa_SAPBase (1.0.0.73)" />
        <Dependent type="29" displayName="ReadMaterialList" id="{28d8aacf-21e5-ed11-a7c6-002248049af9}" />
      </MissingDependency>
      <MissingDependency>
        <Required type="1" schemaName="mpa_saperror" displayName="SAP Error" solution="mpa_SAPBase (1.0.0.73)" />
        <Dependent type="29" displayName="CreateRequisition" id="{2e617526-6660-ed11-9562-000d3a34194b}" />
      </MissingDependency>
      <MissingDependency>
        <Required type="1" schemaName="mpa_saperror" displayName="SAP Error" solution="mpa_SAPBase (1.0.0.73)" />
        <Dependent type="29" displayName="UpdateVendorInvoice" id="{58824ce5-7304-ee11-8f6e-002248049c83}" />
      </MissingDependency>
      <MissingDependency>
        <Required type="1" schemaName="mpa_saperror" displayName="SAP Error" solution="mpa_SAPBase (1.0.0.73)" />
        <Dependent type="29" displayName="ReadVendorInvoiceList" id="{5be20792-8600-ee11-8f6e-0022480492d7}" />
      </MissingDependency>
      <MissingDependency>
        <Required type="1" schemaName="mpa_saperror" displayName="SAP Error" solution="mpa_SAPBase (1.0.0.73)" />
        <Dependent type="29" displayName="ReadRequisitionList" id="{63c7df79-e35e-ee11-be6f-00224808117c}" />
      </MissingDependency>
      <MissingDependency>
        <Required type="1" schemaName="mpa_saperror" displayName="SAP Error" solution="mpa_SAPBase (1.0.0.73)" />
        <Dependent type="29" displayName="ReadVendorList" id="{63f9fe91-8819-ed11-b83e-000d3a315c79}" />
      </MissingDependency>
      <MissingDependency>
        <Required type="1" schemaName="mpa_saperror" displayName="SAP Error" solution="mpa_SAPBase (1.0.0.73)" />
        <Dependent type="29" displayName="ReadPurchaseOrderList" id="{6ad39037-285e-ee11-be6f-002248081a55}" />
      </MissingDependency>
      <MissingDependency>
        <Required type="1" schemaName="mpa_saperror" displayName="SAP Error" solution="mpa_SAPBase (1.0.0.73)" />
        <Dependent type="29" displayName="ApprovePurchaseOrder" id="{6cbd801b-7f6f-ee11-8df0-00224808117c}" />
      </MissingDependency>
      <MissingDependency>
        <Required type="1" schemaName="mpa_saperror" displayName="SAP Error" solution="mpa_SAPBase (1.0.0.73)" />
        <Dependent type="29" displayName="UpdatePurchaseOrder" id="{87fed265-1f1f-ed11-b83e-000d3a5acccf}" />
      </MissingDependency>
      <MissingDependency>
        <Required type="1" schemaName="mpa_saperror" displayName="SAP Error" solution="mpa_SAPBase (1.0.0.73)" />
        <Dependent type="29" displayName="UpdateRequisition" id="{89223cb2-6a60-ed11-9562-000d3a341930}" />
      </MissingDependency>
      <MissingDependency>
        <Required type="1" schemaName="mpa_saperror" displayName="SAP Error" solution="mpa_SAPBase (1.0.0.73)" />
        <Dependent type="29" displayName="ReadVendorPaymentList" id="{92ea76da-932f-ed11-9db1-002248083c33}" />
      </MissingDependency>
      <MissingDependency>
        <Required type="1" schemaName="mpa_saperror" displayName="SAP Error" solution="mpa_SAPBase (1.0.0.73)" />
        <Dependent type="29" displayName="CreatePurchaseOrder" id="{9304b186-f0e9-ed11-a7c5-002248049af9}" />
      </MissingDependency>
      <MissingDependency>
        <Required type="1" schemaName="mpa_saperror" displayName="SAP Error" solution="mpa_SAPBase (1.0.0.73)" />
        <Dependent type="29" displayName="ReadVendor" id="{96a0b043-5977-ee11-8179-002248081a55}" />
      </MissingDependency>
      <MissingDependency>
        <Required type="1" schemaName="mpa_saperror" displayName="SAP Error" solution="mpa_SAPBase (1.0.0.73)" />
        <Dependent type="29" displayName="ReadGLAccount" id="{9df25ea5-81e0-ed11-a7c7-0022480492d7}" />
      </MissingDependency>
      <MissingDependency>
        <Required type="1" schemaName="mpa_saperror" displayName="SAP Error" solution="mpa_SAPBase (1.0.0.73)" />
        <Dependent type="29" displayName="ApproveVendorInvoice" id="{bb1fb474-f2ff-ed11-8f6e-0022480492d7}" />
      </MissingDependency>
      <MissingDependency>
        <Required type="1" schemaName="mpa_saperror" displayName="SAP Error" solution="mpa_SAPBase (1.0.0.73)" />
        <Dependent type="29" displayName="ReverseVendorInvoice" id="{c0d5750d-8800-ee11-8f6e-0022480492d7}" />
      </MissingDependency>
      <MissingDependency>
        <Required type="1" schemaName="mpa_saperror" displayName="SAP Error" solution="mpa_SAPBase (1.0.0.73)" />
        <Dependent type="29" displayName="ReadPurchaseOrder" id="{c433562c-715e-ee11-be6f-000d3a3050ad}" />
      </MissingDependency>
      <MissingDependency>
        <Required type="1" schemaName="mpa_saperror" displayName="SAP Error" solution="mpa_SAPBase (1.0.0.73)" />
        <Dependent type="29" displayName="ReadGoodsReceipt" id="{c519f5e6-8872-ee11-9ae7-00224808117c}" />
      </MissingDependency>
      <MissingDependency>
        <Required type="1" schemaName="mpa_saperror" displayName="SAP Error" solution="mpa_SAPBase (1.0.0.73)" />
        <Dependent type="29" displayName="CreateGoodsReceipt" id="{c7db5284-eae5-ed11-a7c7-0022480492d7}" />
      </MissingDependency>
      <MissingDependency>
        <Required type="1" schemaName="mpa_saperror" displayName="SAP Error" solution="mpa_SAPBase (1.0.0.73)" />
        <Dependent type="29" displayName="UpdateVendor" id="{cb4f0971-07d5-ed11-a7c7-0022480492d7}" />
      </MissingDependency>
      <MissingDependency>
        <Required type="1" schemaName="mpa_saperror" displayName="SAP Error" solution="mpa_SAPBase (1.0.0.73)" />
        <Dependent type="29" displayName="ReadGoodsReceiptList" id="{dcb9e8a4-dc71-ee11-9ae7-002248081a55}" />
      </MissingDependency>
      <MissingDependency>
        <Required type="1" schemaName="mpa_saperror" displayName="SAP Error" solution="mpa_SAPBase (1.0.0.73)" />
        <Dependent type="29" displayName="ConvertRequisitionToPurchaseOrder" id="{e75d6437-f0e5-ed11-a7c7-0022480492d7}" />
      </MissingDependency>
      <MissingDependency>
        <Required type="1" schemaName="mpa_saperror" displayName="SAP Error" solution="mpa_SAPBase (1.0.0.73)" />
        <Dependent type="29" displayName="ReadVendorPayment" id="{e82a8118-997c-ed11-81ad-000d3a34194b}" />
      </MissingDependency>
      <MissingDependency>
        <Required type="1" schemaName="mpa_saperror" displayName="SAP Error" solution="mpa_SAPBase (1.0.0.73)" />
        <Dependent type="29" displayName="CreateVendor" id="{f291ab93-af31-ee11-bdf3-002248081a55}" />
      </MissingDependency>
      <MissingDependency>
        <Required type="1" schemaName="mpa_saperror" displayName="SAP Error" solution="mpa_SAPBase (1.0.0.73)" />
        <Dependent type="300" schemaName="mpa_SAPGoodsReceiptApp" displayName="SAP Goods Receipts" />
      </MissingDependency>
      <MissingDependency>
        <Required type="1" schemaName="mpa_saperror" displayName="SAP Error" solution="mpa_SAPBase (1.0.0.73)" />
        <Dependent type="300" schemaName="mpa_sappurchaseorders_70e14" displayName="SAP Purchase Orders" />
      </MissingDependency>
      <MissingDependency>
        <Required type="1" schemaName="mpa_saperror" displayName="SAP Error" solution="mpa_SAPBase (1.0.0.73)" />
        <Dependent type="300" schemaName="mpa_saprequisitionmanagement_f3a72" displayName="SAP Purchase Requisitions" />
      </MissingDependency>
      <MissingDependency>
        <Required type="1" schemaName="mpa_saperror" displayName="SAP Error" solution="mpa_SAPBase (1.0.0.73)" />
        <Dependent type="300" schemaName="mpa_sapvendorinvoices_40f15" displayName="SAP Vendor Invoices" />
      </MissingDependency>
      <MissingDependency>
        <Required type="1" schemaName="mpa_saperror" displayName="SAP Error" solution="mpa_SAPBase (1.0.0.73)" />
        <Dependent type="300" schemaName="mpa_sapvendormanagement_42919" displayName="SAP Vendor Management" />
      </MissingDependency>
      <MissingDependency>
        <Required type="1" schemaName="mpa_saperror" displayName="SAP Error" solution="mpa_SAPBase (1.0.0.73)" />
        <Dependent type="300" schemaName="mpa_sapvendorpayments_40707" displayName="SAP Vendor Payments" />
      </MissingDependency>
      <MissingDependency>
        <Required type="1" schemaName="mpa_saplistofvalue" displayName="SAP List of Value" solution="mpa_SAPBase (1.0.0.73)" />
        <Dependent type="300" schemaName="mpa_SAPGoodsReceiptApp" displayName="SAP Goods Receipts" />
      </MissingDependency>
      <MissingDependency>
        <Required type="1" schemaName="mpa_saplistofvalue" displayName="SAP List of Value" solution="mpa_SAPBase (1.0.0.73)" />
        <Dependent type="300" schemaName="mpa_sappurchaseorders_70e14" displayName="SAP Purchase Orders" />
      </MissingDependency>
      <MissingDependency>
        <Required type="1" schemaName="mpa_saplistofvalue" displayName="SAP List of Value" solution="mpa_SAPBase (1.0.0.73)" />
        <Dependent type="300" schemaName="mpa_saprequisitionmanagement_f3a72" displayName="SAP Purchase Requisitions" />
      </MissingDependency>
      <MissingDependency>
        <Required type="1" schemaName="mpa_saplistofvalue" displayName="SAP List of Value" solution="mpa_SAPBase (1.0.0.73)" />
        <Dependent type="300" schemaName="mpa_sapvendorinvoices_40f15" displayName="SAP Vendor Invoices" />
      </MissingDependency>
      <MissingDependency>
        <Required type="1" schemaName="mpa_saplistofvalue" displayName="SAP List of Value" solution="mpa_SAPBase (1.0.0.73)" />
        <Dependent type="300" schemaName="mpa_sapvendormanagement_42919" displayName="SAP Vendor Management" />
      </MissingDependency>
      <MissingDependency>
        <Required type="1" schemaName="mpa_saplistofvalue" displayName="SAP List of Value" solution="mpa_SAPBase (1.0.0.73)" />
        <Dependent type="300" schemaName="mpa_sapvendorpayments_40707" displayName="SAP Vendor Payments" />
      </MissingDependency>
      <MissingDependency>
        <Required type="1" schemaName="mpa_saplocalization" displayName="SAP Localization" solution="mpa_SAPBase (1.0.0.73)" />
        <Dependent type="300" schemaName="mpa_SAPGoodsReceiptApp" displayName="SAP Goods Receipts" />
      </MissingDependency>
      <MissingDependency>
        <Required type="1" schemaName="mpa_saplocalization" displayName="SAP Localization" solution="mpa_SAPBase (1.0.0.73)" />
        <Dependent type="300" schemaName="mpa_sappurchaseorders_70e14" displayName="SAP Purchase Orders" />
      </MissingDependency>
      <MissingDependency>
        <Required type="1" schemaName="mpa_saplocalization" displayName="SAP Localization" solution="mpa_SAPBase (1.0.0.73)" />
        <Dependent type="300" schemaName="mpa_saprequisitionmanagement_f3a72" displayName="SAP Purchase Requisitions" />
      </MissingDependency>
      <MissingDependency>
        <Required type="1" schemaName="mpa_saplocalization" displayName="SAP Localization" solution="mpa_SAPBase (1.0.0.73)" />
        <Dependent type="300" schemaName="mpa_sapvendorinvoices_40f15" displayName="SAP Vendor Invoices" />
      </MissingDependency>
      <MissingDependency>
        <Required type="1" schemaName="mpa_saplocalization" displayName="SAP Localization" solution="mpa_SAPBase (1.0.0.73)" />
        <Dependent type="300" schemaName="mpa_sapvendormanagement_42919" displayName="SAP Vendor Management" />
      </MissingDependency>
      <MissingDependency>
        <Required type="1" schemaName="mpa_saplocalization" displayName="SAP Localization" solution="mpa_SAPBase (1.0.0.73)" />
        <Dependent type="300" schemaName="mpa_sapvendorpayments_40707" displayName="SAP Vendor Payments" />
      </MissingDependency>
      <MissingDependency>
        <Required type="1" schemaName="mpa_sapmenuitem" displayName="SAP Menu Item" solution="mpa_SAPBase (1.0.0.73)" />
        <Dependent type="300" schemaName="mpa_SAPGoodsReceiptApp" displayName="SAP Goods Receipts" />
      </MissingDependency>
      <MissingDependency>
        <Required type="1" schemaName="mpa_sapmenuitem" displayName="SAP Menu Item" solution="mpa_SAPBase (1.0.0.73)" />
        <Dependent type="300" schemaName="mpa_sappurchaseorders_70e14" displayName="SAP Purchase Orders" />
      </MissingDependency>
      <MissingDependency>
        <Required type="1" schemaName="mpa_sapmenuitem" displayName="SAP Menu Item" solution="mpa_SAPBase (1.0.0.73)" />
        <Dependent type="300" schemaName="mpa_saprequisitionmanagement_f3a72" displayName="SAP Purchase Requisitions" />
      </MissingDependency>
      <MissingDependency>
        <Required type="1" schemaName="mpa_sapmenuitem" displayName="SAP Menu Item" solution="mpa_SAPBase (1.0.0.73)" />
        <Dependent type="300" schemaName="mpa_sapvendorinvoices_40f15" displayName="SAP Vendor Invoices" />
      </MissingDependency>
      <MissingDependency>
        <Required type="1" schemaName="mpa_sapmenuitem" displayName="SAP Menu Item" solution="mpa_SAPBase (1.0.0.73)" />
        <Dependent type="300" schemaName="mpa_sapvendormanagement_42919" displayName="SAP Vendor Management" />
      </MissingDependency>
      <MissingDependency>
        <Required type="1" schemaName="mpa_sapmenuitem" displayName="SAP Menu Item" solution="mpa_SAPBase (1.0.0.73)" />
        <Dependent type="300" schemaName="mpa_sapvendorpayments_40707" displayName="SAP Vendor Payments" />
      </MissingDependency>
      <MissingDependency>
        <Required type="1" schemaName="mpa_sapsearchhistory" displayName="SAP Search History" solution="mpa_SAPBase (1.0.0.73)" />
        <Dependent type="300" schemaName="mpa_SAPGoodsReceiptApp" displayName="SAP Goods Receipts" />
      </MissingDependency>
      <MissingDependency>
        <Required type="1" schemaName="mpa_sapsearchhistory" displayName="SAP Search History" solution="mpa_SAPBase (1.0.0.73)" />
        <Dependent type="300" schemaName="mpa_sappurchaseorders_70e14" displayName="SAP Purchase Orders" />
      </MissingDependency>
      <MissingDependency>
        <Required type="1" schemaName="mpa_sapsearchhistory" displayName="SAP Search History" solution="mpa_SAPBase (1.0.0.73)" />
        <Dependent type="300" schemaName="mpa_saprequisitionmanagement_f3a72" displayName="SAP Purchase Requisitions" />
      </MissingDependency>
      <MissingDependency>
        <Required type="1" schemaName="mpa_sapsearchhistory" displayName="SAP Search History" solution="mpa_SAPBase (1.0.0.73)" />
        <Dependent type="300" schemaName="mpa_sapvendorinvoices_40f15" displayName="SAP Vendor Invoices" />
      </MissingDependency>
      <MissingDependency>
        <Required type="1" schemaName="mpa_sapsearchhistory" displayName="SAP Search History" solution="mpa_SAPBase (1.0.0.73)" />
        <Dependent type="300" schemaName="mpa_sapvendormanagement_42919" displayName="SAP Vendor Management" />
      </MissingDependency>
      <MissingDependency>
        <Required type="1" schemaName="mpa_sapsearchhistory" displayName="SAP Search History" solution="mpa_SAPBase (1.0.0.73)" />
        <Dependent type="300" schemaName="mpa_sapvendorpayments_40707" displayName="SAP Vendor Payments" />
      </MissingDependency>
      <MissingDependency>
        <Required type="connectionreference" displayName="new_sharedsaperp_508a8" solution="Active" id.connectionreferencelogicalname="new_sharedsaperp_508a8" />
        <Dependent type="29" displayName="ReadPurchaseOrderList" id="{6ad39037-285e-ee11-be6f-002248081a55}" />
      </MissingDependency>
      <MissingDependency>
        <Required type="EnvironmentVariableDefinition" displayName="mpa_SAPApplicationServer" solution="mpa_SAPBase (1.0.0.73)" id.schemaname="mpa_SAPApplicationServer" />
        <Dependent type="29" displayName="CreateVendorInvoice" id="{01850ff0-e2ff-ed11-8f6e-002248049c83}" />
      </MissingDependency>
      <MissingDependency>
        <Required type="EnvironmentVariableDefinition" displayName="mpa_SAPApplicationServer" solution="mpa_SAPBase (1.0.0.73)" id.schemaname="mpa_SAPApplicationServer" />
        <Dependent type="29" displayName="ReadAttachmentList" id="{0d0ad2df-7df8-ee11-a1fd-000d3a32c71b}" />
      </MissingDependency>
      <MissingDependency>
        <Required type="EnvironmentVariableDefinition" displayName="mpa_SAPApplicationServer" solution="mpa_SAPBase (1.0.0.73)" id.schemaname="mpa_SAPApplicationServer" />
        <Dependent type="29" displayName="ReadGLAccountList" id="{0e9e01b5-6fe0-ed11-a7c6-002248049af9}" />
      </MissingDependency>
      <MissingDependency>
        <Required type="EnvironmentVariableDefinition" displayName="mpa_SAPApplicationServer" solution="mpa_SAPBase (1.0.0.73)" id.schemaname="mpa_SAPApplicationServer" />
        <Dependent type="29" displayName="ReadMaterial" id="{123f3ee5-72ef-ed11-8849-002248049b8b}" />
      </MissingDependency>
      <MissingDependency>
        <Required type="EnvironmentVariableDefinition" displayName="mpa_SAPApplicationServer" solution="mpa_SAPBase (1.0.0.73)" id.schemaname="mpa_SAPApplicationServer" />
        <Dependent type="29" displayName="ReadVendorInvoice" id="{1265a3ea-8300-ee11-8f6e-0022480492d7}" />
      </MissingDependency>
      <MissingDependency>
        <Required type="EnvironmentVariableDefinition" displayName="mpa_SAPApplicationServer" solution="mpa_SAPBase (1.0.0.73)" id.schemaname="mpa_SAPApplicationServer" />
        <Dependent type="29" displayName="ReadRequisition" id="{138ec42b-726f-ee11-8df0-002248081a55}" />
      </MissingDependency>
      <MissingDependency>
        <Required type="EnvironmentVariableDefinition" displayName="mpa_SAPApplicationServer" solution="mpa_SAPBase (1.0.0.73)" id.schemaname="mpa_SAPApplicationServer" />
        <Dependent type="29" displayName="ReadMaterialList" id="{28d8aacf-21e5-ed11-a7c6-002248049af9}" />
      </MissingDependency>
      <MissingDependency>
        <Required type="EnvironmentVariableDefinition" displayName="mpa_SAPApplicationServer" solution="mpa_SAPBase (1.0.0.73)" id.schemaname="mpa_SAPApplicationServer" />
        <Dependent type="29" displayName="CreateRequisition" id="{2e617526-6660-ed11-9562-000d3a34194b}" />
      </MissingDependency>
      <MissingDependency>
        <Required type="EnvironmentVariableDefinition" displayName="mpa_SAPApplicationServer" solution="mpa_SAPBase (1.0.0.73)" id.schemaname="mpa_SAPApplicationServer" />
        <Dependent type="29" displayName="UpdateVendorInvoice" id="{58824ce5-7304-ee11-8f6e-002248049c83}" />
      </MissingDependency>
      <MissingDependency>
        <Required type="EnvironmentVariableDefinition" displayName="mpa_SAPApplicationServer" solution="mpa_SAPBase (1.0.0.73)" id.schemaname="mpa_SAPApplicationServer" />
        <Dependent type="29" displayName="ReadVendorInvoiceList" id="{5be20792-8600-ee11-8f6e-0022480492d7}" />
      </MissingDependency>
      <MissingDependency>
        <Required type="EnvironmentVariableDefinition" displayName="mpa_SAPApplicationServer" solution="mpa_SAPBase (1.0.0.73)" id.schemaname="mpa_SAPApplicationServer" />
        <Dependent type="29" displayName="ReadRequisitionList" id="{63c7df79-e35e-ee11-be6f-00224808117c}" />
      </MissingDependency>
      <MissingDependency>
        <Required type="EnvironmentVariableDefinition" displayName="mpa_SAPApplicationServer" solution="mpa_SAPBase (1.0.0.73)" id.schemaname="mpa_SAPApplicationServer" />
        <Dependent type="29" displayName="ReadVendorList" id="{63f9fe91-8819-ed11-b83e-000d3a315c79}" />
      </MissingDependency>
      <MissingDependency>
        <Required type="EnvironmentVariableDefinition" displayName="mpa_SAPApplicationServer" solution="mpa_SAPBase (1.0.0.73)" id.schemaname="mpa_SAPApplicationServer" />
        <Dependent type="29" displayName="ReadPurchaseOrderList" id="{6ad39037-285e-ee11-be6f-002248081a55}" />
      </MissingDependency>
      <MissingDependency>
        <Required type="EnvironmentVariableDefinition" displayName="mpa_SAPApplicationServer" solution="mpa_SAPBase (1.0.0.73)" id.schemaname="mpa_SAPApplicationServer" />
        <Dependent type="29" displayName="ApprovePurchaseOrder" id="{6cbd801b-7f6f-ee11-8df0-00224808117c}" />
      </MissingDependency>
      <MissingDependency>
        <Required type="EnvironmentVariableDefinition" displayName="mpa_SAPApplicationServer" solution="mpa_SAPBase (1.0.0.73)" id.schemaname="mpa_SAPApplicationServer" />
        <Dependent type="29" displayName="UpdatePurchaseOrder" id="{87fed265-1f1f-ed11-b83e-000d3a5acccf}" />
      </MissingDependency>
      <MissingDependency>
        <Required type="EnvironmentVariableDefinition" displayName="mpa_SAPApplicationServer" solution="mpa_SAPBase (1.0.0.73)" id.schemaname="mpa_SAPApplicationServer" />
        <Dependent type="29" displayName="UpdateRequisition" id="{89223cb2-6a60-ed11-9562-000d3a341930}" />
      </MissingDependency>
      <MissingDependency>
        <Required type="EnvironmentVariableDefinition" displayName="mpa_SAPApplicationServer" solution="mpa_SAPBase (1.0.0.73)" id.schemaname="mpa_SAPApplicationServer" />
        <Dependent type="29" displayName="ReadVendorPaymentList" id="{92ea76da-932f-ed11-9db1-002248083c33}" />
      </MissingDependency>
      <MissingDependency>
        <Required type="EnvironmentVariableDefinition" displayName="mpa_SAPApplicationServer" solution="mpa_SAPBase (1.0.0.73)" id.schemaname="mpa_SAPApplicationServer" />
        <Dependent type="29" displayName="CreatePurchaseOrder" id="{9304b186-f0e9-ed11-a7c5-002248049af9}" />
      </MissingDependency>
      <MissingDependency>
        <Required type="EnvironmentVariableDefinition" displayName="mpa_SAPApplicationServer" solution="mpa_SAPBase (1.0.0.73)" id.schemaname="mpa_SAPApplicationServer" />
        <Dependent type="29" displayName="ReadVendor" id="{96a0b043-5977-ee11-8179-002248081a55}" />
      </MissingDependency>
      <MissingDependency>
        <Required type="EnvironmentVariableDefinition" displayName="mpa_SAPApplicationServer" solution="mpa_SAPBase (1.0.0.73)" id.schemaname="mpa_SAPApplicationServer" />
        <Dependent type="29" displayName="ReadGLAccount" id="{9df25ea5-81e0-ed11-a7c7-0022480492d7}" />
      </MissingDependency>
      <MissingDependency>
        <Required type="EnvironmentVariableDefinition" displayName="mpa_SAPApplicationServer" solution="mpa_SAPBase (1.0.0.73)" id.schemaname="mpa_SAPApplicationServer" />
        <Dependent type="29" displayName="ApproveVendorInvoice" id="{bb1fb474-f2ff-ed11-8f6e-0022480492d7}" />
      </MissingDependency>
      <MissingDependency>
        <Required type="EnvironmentVariableDefinition" displayName="mpa_SAPApplicationServer" solution="mpa_SAPBase (1.0.0.73)" id.schemaname="mpa_SAPApplicationServer" />
        <Dependent type="29" displayName="ReverseVendorInvoice" id="{c0d5750d-8800-ee11-8f6e-0022480492d7}" />
      </MissingDependency>
      <MissingDependency>
        <Required type="EnvironmentVariableDefinition" displayName="mpa_SAPApplicationServer" solution="mpa_SAPBase (1.0.0.73)" id.schemaname="mpa_SAPApplicationServer" />
        <Dependent type="29" displayName="ReadPurchaseOrder" id="{c433562c-715e-ee11-be6f-000d3a3050ad}" />
      </MissingDependency>
      <MissingDependency>
        <Required type="EnvironmentVariableDefinition" displayName="mpa_SAPApplicationServer" solution="mpa_SAPBase (1.0.0.73)" id.schemaname="mpa_SAPApplicationServer" />
        <Dependent type="29" displayName="ReadGoodsReceipt" id="{c519f5e6-8872-ee11-9ae7-00224808117c}" />
      </MissingDependency>
      <MissingDependency>
        <Required type="EnvironmentVariableDefinition" displayName="mpa_SAPApplicationServer" solution="mpa_SAPBase (1.0.0.73)" id.schemaname="mpa_SAPApplicationServer" />
        <Dependent type="29" displayName="CreateGoodsReceipt" id="{c7db5284-eae5-ed11-a7c7-0022480492d7}" />
      </MissingDependency>
      <MissingDependency>
        <Required type="EnvironmentVariableDefinition" displayName="mpa_SAPApplicationServer" solution="mpa_SAPBase (1.0.0.73)" id.schemaname="mpa_SAPApplicationServer" />
        <Dependent type="29" displayName="UpdateVendor" id="{cb4f0971-07d5-ed11-a7c7-0022480492d7}" />
      </MissingDependency>
      <MissingDependency>
        <Required type="EnvironmentVariableDefinition" displayName="mpa_SAPApplicationServer" solution="mpa_SAPBase (1.0.0.73)" id.schemaname="mpa_SAPApplicationServer" />
        <Dependent type="29" displayName="ReadGoodsReceiptList" id="{dcb9e8a4-dc71-ee11-9ae7-002248081a55}" />
      </MissingDependency>
      <MissingDependency>
        <Required type="EnvironmentVariableDefinition" displayName="mpa_SAPApplicationServer" solution="mpa_SAPBase (1.0.0.73)" id.schemaname="mpa_SAPApplicationServer" />
        <Dependent type="29" displayName="ConvertRequisitionToPurchaseOrder" id="{e75d6437-f0e5-ed11-a7c7-0022480492d7}" />
      </MissingDependency>
      <MissingDependency>
        <Required type="EnvironmentVariableDefinition" displayName="mpa_SAPApplicationServer" solution="mpa_SAPBase (1.0.0.73)" id.schemaname="mpa_SAPApplicationServer" />
        <Dependent type="29" displayName="ReadVendorPayment" id="{e82a8118-997c-ed11-81ad-000d3a34194b}" />
      </MissingDependency>
      <MissingDependency>
        <Required type="EnvironmentVariableDefinition" displayName="mpa_SAPApplicationServer" solution="mpa_SAPBase (1.0.0.73)" id.schemaname="mpa_SAPApplicationServer" />
        <Dependent type="29" displayName="CreateVendor" id="{f291ab93-af31-ee11-bdf3-002248081a55}" />
      </MissingDependency>
      <MissingDependency>
        <Required type="EnvironmentVariableDefinition" displayName="mpa_SAPClientID" solution="mpa_SAPBase (1.0.0.73)" id.schemaname="mpa_SAPClientID" />
        <Dependent type="29" displayName="UpdateVendor" id="{cb4f0971-07d5-ed11-a7c7-0022480492d7}" />
      </MissingDependency>
      <MissingDependency>
        <Required type="EnvironmentVariableDefinition" displayName="mpa_SAPClientID" solution="mpa_SAPBase (1.0.0.73)" id.schemaname="mpa_SAPClientID" />
        <Dependent type="29" displayName="CreateVendor" id="{f291ab93-af31-ee11-bdf3-002248081a55}" />
      </MissingDependency>
      <MissingDependency>
        <Required type="EnvironmentVariableDefinition" displayName="mpa_SAPCountofRowsToRead" solution="mpa_SAPBase (1.0.0.73)" id.schemaname="mpa_SAPCountofRowsToRead" />
        <Dependent type="29" displayName="ReadAttachmentList" id="{0d0ad2df-7df8-ee11-a1fd-000d3a32c71b}" />
      </MissingDependency>
      <MissingDependency>
        <Required type="EnvironmentVariableDefinition" displayName="mpa_SAPCountofRowsToRead" solution="mpa_SAPBase (1.0.0.73)" id.schemaname="mpa_SAPCountofRowsToRead" />
        <Dependent type="29" displayName="ReadGLAccountList" id="{0e9e01b5-6fe0-ed11-a7c6-002248049af9}" />
      </MissingDependency>
      <MissingDependency>
        <Required type="EnvironmentVariableDefinition" displayName="mpa_SAPCountofRowsToRead" solution="mpa_SAPBase (1.0.0.73)" id.schemaname="mpa_SAPCountofRowsToRead" />
        <Dependent type="29" displayName="ReadRequisition" id="{138ec42b-726f-ee11-8df0-002248081a55}" />
      </MissingDependency>
      <MissingDependency>
        <Required type="EnvironmentVariableDefinition" displayName="mpa_SAPCountofRowsToRead" solution="mpa_SAPBase (1.0.0.73)" id.schemaname="mpa_SAPCountofRowsToRead" />
        <Dependent type="29" displayName="ReadMaterialList" id="{28d8aacf-21e5-ed11-a7c6-002248049af9}" />
      </MissingDependency>
      <MissingDependency>
        <Required type="EnvironmentVariableDefinition" displayName="mpa_SAPCountofRowsToRead" solution="mpa_SAPBase (1.0.0.73)" id.schemaname="mpa_SAPCountofRowsToRead" />
        <Dependent type="29" displayName="ReadVendorInvoiceList" id="{5be20792-8600-ee11-8f6e-0022480492d7}" />
      </MissingDependency>
      <MissingDependency>
        <Required type="EnvironmentVariableDefinition" displayName="mpa_SAPCountofRowsToRead" solution="mpa_SAPBase (1.0.0.73)" id.schemaname="mpa_SAPCountofRowsToRead" />
        <Dependent type="29" displayName="ReadRequisitionList" id="{63c7df79-e35e-ee11-be6f-00224808117c}" />
      </MissingDependency>
      <MissingDependency>
        <Required type="EnvironmentVariableDefinition" displayName="mpa_SAPCountofRowsToRead" solution="mpa_SAPBase (1.0.0.73)" id.schemaname="mpa_SAPCountofRowsToRead" />
        <Dependent type="29" displayName="ReadVendorList" id="{63f9fe91-8819-ed11-b83e-000d3a315c79}" />
      </MissingDependency>
      <MissingDependency>
        <Required type="EnvironmentVariableDefinition" displayName="mpa_SAPCountofRowsToRead" solution="mpa_SAPBase (1.0.0.73)" id.schemaname="mpa_SAPCountofRowsToRead" />
        <Dependent type="29" displayName="ReadPurchaseOrderList" id="{6ad39037-285e-ee11-be6f-002248081a55}" />
      </MissingDependency>
      <MissingDependency>
        <Required type="EnvironmentVariableDefinition" displayName="mpa_SAPCountofRowsToRead" solution="mpa_SAPBase (1.0.0.73)" id.schemaname="mpa_SAPCountofRowsToRead" />
        <Dependent type="29" displayName="ReadVendorPaymentList" id="{92ea76da-932f-ed11-9db1-002248083c33}" />
      </MissingDependency>
      <MissingDependency>
        <Required type="EnvironmentVariableDefinition" displayName="mpa_SAPCountofRowsToRead" solution="mpa_SAPBase (1.0.0.73)" id.schemaname="mpa_SAPCountofRowsToRead" />
        <Dependent type="29" displayName="ReadVendor" id="{96a0b043-5977-ee11-8179-002248081a55}" />
      </MissingDependency>
      <MissingDependency>
        <Required type="EnvironmentVariableDefinition" displayName="mpa_SAPCountofRowsToRead" solution="mpa_SAPBase (1.0.0.73)" id.schemaname="mpa_SAPCountofRowsToRead" />
        <Dependent type="29" displayName="ReadPurchaseOrder" id="{c433562c-715e-ee11-be6f-000d3a3050ad}" />
      </MissingDependency>
      <MissingDependency>
        <Required type="EnvironmentVariableDefinition" displayName="mpa_SAPCountofRowsToRead" solution="mpa_SAPBase (1.0.0.73)" id.schemaname="mpa_SAPCountofRowsToRead" />
        <Dependent type="29" displayName="ReadGoodsReceipt" id="{c519f5e6-8872-ee11-9ae7-00224808117c}" />
      </MissingDependency>
      <MissingDependency>
        <Required type="EnvironmentVariableDefinition" displayName="mpa_SAPCountofRowsToRead" solution="mpa_SAPBase (1.0.0.73)" id.schemaname="mpa_SAPCountofRowsToRead" />
        <Dependent type="29" displayName="ReadGoodsReceiptList" id="{dcb9e8a4-dc71-ee11-9ae7-002248081a55}" />
      </MissingDependency>
      <MissingDependency>
        <Required type="EnvironmentVariableDefinition" displayName="mpa_SAPCountofRowsToRead" solution="mpa_SAPBase (1.0.0.73)" id.schemaname="mpa_SAPCountofRowsToRead" />
        <Dependent type="29" displayName="ReadVendorPayment" id="{e82a8118-997c-ed11-81ad-000d3a34194b}" />
      </MissingDependency>
      <MissingDependency>
        <Required type="EnvironmentVariableDefinition" displayName="mpa_SAPSPRAS" solution="mpa_SAPBase (1.0.0.73)" id.schemaname="mpa_SAPSPRAS" />
        <Dependent type="29" displayName="ReadMaterial" id="{123f3ee5-72ef-ed11-8849-002248049b8b}" />
      </MissingDependency>
      <MissingDependency>
        <Required type="EnvironmentVariableDefinition" displayName="mpa_SAPSPRAS" solution="mpa_SAPBase (1.0.0.73)" id.schemaname="mpa_SAPSPRAS" />
        <Dependent type="29" displayName="ReadMaterialList" id="{28d8aacf-21e5-ed11-a7c6-002248049af9}" />
      </MissingDependency>
      <MissingDependency>
        <Required type="EnvironmentVariableDefinition" displayName="mpa_SAPSystemID" solution="mpa_SAPBase (1.0.0.73)" id.schemaname="mpa_SAPSystemID" />
        <Dependent type="29" displayName="UpdateVendor" id="{cb4f0971-07d5-ed11-a7c7-0022480492d7}" />
      </MissingDependency>
      <MissingDependency>
        <Required type="EnvironmentVariableDefinition" displayName="mpa_SAPSystemID" solution="mpa_SAPBase (1.0.0.73)" id.schemaname="mpa_SAPSystemID" />
        <Dependent type="29" displayName="CreateVendor" id="{f291ab93-af31-ee11-bdf3-002248081a55}" />
      </MissingDependency>
    </MissingDependencies>
  </SolutionManifest>
</ImportExportXml>