<powerpagecomponent powerpagecomponentid="c342fbb4-c8a6-56dd-a9d1-623f321ff9a3">
  <content>{
  "displayorder": 11,
  "weblinksetid": "6b5715eb-aeb3-497e-a71a-281e4b61eca0",
  "pageid": "fbedcac3-a25c-3d9e-3476-28419864fea8",
  "publishingstateid": "9137c988-52cc-46f0-8cea-e558f5887e5f",
  "displaypagevalidation": false,
  "displayimageonly": false,
  "displaypagechildlinks": false,
  "openinnewwindow": false,
  "robotsfollowlink": true
}</content>
  <iscustomizable>1</iscustomizable>
  <name>Invoices</name>
  <powerpagecomponenttype>5</powerpagecomponenttype>
  <powerpagesiteid>
    <powerpagesiteid>99af4f03-6a66-4c36-963b-164265f26ce8</powerpagesiteid>
  </powerpagesiteid>
  <statecode>0</statecode>
  <statuscode>1</statuscode>
</powerpagecomponent>