<ImportExportXml version="9.2.24064.210" SolutionPackageVersion="9.2" languagecode="1033" generatedBy="CrmLive" xmlns:xsi="http://www.w3.org/2001/XMLSchema-instance">
  <SolutionManifest>
    <UniqueName>mpa_supplier_self_service</UniqueName>
    <LocalizedNames>
      <LocalizedName description="SAP Supplier Self Service" languagecode="1033" />
    </LocalizedNames>
    <Descriptions />
    <Version>1.0.0.22</Version>
    <Managed>1</Managed>
    <Publisher>
      <UniqueName>PowerAccelerator</UniqueName>
      <LocalizedNames>
        <LocalizedName description="Microsoft Power Accelerator" languagecode="1033" />
      </LocalizedNames>
      <Descriptions>
        <Description description="Publisher for the Microsoft Power Accelerator team." languagecode="1033" />
      </Descriptions>
      <EMailAddress xsi:nil="true"></EMailAddress>
      <SupportingWebsiteUrl xsi:nil="true"></SupportingWebsiteUrl>
      <CustomizationPrefix>mpa</CustomizationPrefix>
      <CustomizationOptionValuePrefix>86542</CustomizationOptionValuePrefix>
      <Addresses>
        <Address>
          <AddressNumber>1</AddressNumber>
          <AddressTypeCode>1</AddressTypeCode>
          <City xsi:nil="true"></City>
          <County xsi:nil="true"></County>
          <Country xsi:nil="true"></Country>
          <Fax xsi:nil="true"></Fax>
          <FreightTermsCode xsi:nil="true"></FreightTermsCode>
          <ImportSequenceNumber xsi:nil="true"></ImportSequenceNumber>
          <Latitude xsi:nil="true"></Latitude>
          <Line1 xsi:nil="true"></Line1>
          <Line2 xsi:nil="true"></Line2>
          <Line3 xsi:nil="true"></Line3>
          <Longitude xsi:nil="true"></Longitude>
          <Name xsi:nil="true"></Name>
          <PostalCode xsi:nil="true"></PostalCode>
          <PostOfficeBox xsi:nil="true"></PostOfficeBox>
          <PrimaryContactName xsi:nil="true"></PrimaryContactName>
          <ShippingMethodCode>1</ShippingMethodCode>
          <StateOrProvince xsi:nil="true"></StateOrProvince>
          <Telephone1 xsi:nil="true"></Telephone1>
          <Telephone2 xsi:nil="true"></Telephone2>
          <Telephone3 xsi:nil="true"></Telephone3>
          <TimeZoneRuleVersionNumber xsi:nil="true"></TimeZoneRuleVersionNumber>
          <UPSZone xsi:nil="true"></UPSZone>
          <UTCOffset xsi:nil="true"></UTCOffset>
          <UTCConversionTimeZoneCode xsi:nil="true"></UTCConversionTimeZoneCode>
        </Address>
        <Address>
          <AddressNumber>2</AddressNumber>
          <AddressTypeCode>1</AddressTypeCode>
          <City xsi:nil="true"></City>
          <County xsi:nil="true"></County>
          <Country xsi:nil="true"></Country>
          <Fax xsi:nil="true"></Fax>
          <FreightTermsCode xsi:nil="true"></FreightTermsCode>
          <ImportSequenceNumber xsi:nil="true"></ImportSequenceNumber>
          <Latitude xsi:nil="true"></Latitude>
          <Line1 xsi:nil="true"></Line1>
          <Line2 xsi:nil="true"></Line2>
          <Line3 xsi:nil="true"></Line3>
          <Longitude xsi:nil="true"></Longitude>
          <Name xsi:nil="true"></Name>
          <PostalCode xsi:nil="true"></PostalCode>
          <PostOfficeBox xsi:nil="true"></PostOfficeBox>
          <PrimaryContactName xsi:nil="true"></PrimaryContactName>
          <ShippingMethodCode>1</ShippingMethodCode>
          <StateOrProvince xsi:nil="true"></StateOrProvince>
          <Telephone1 xsi:nil="true"></Telephone1>
          <Telephone2 xsi:nil="true"></Telephone2>
          <Telephone3 xsi:nil="true"></Telephone3>
          <TimeZoneRuleVersionNumber xsi:nil="true"></TimeZoneRuleVersionNumber>
          <UPSZone xsi:nil="true"></UPSZone>
          <UTCOffset xsi:nil="true"></UTCOffset>
          <UTCConversionTimeZoneCode xsi:nil="true"></UTCConversionTimeZoneCode>
        </Address>
      </Addresses>
    </Publisher>
    <RootComponents>
      <RootComponent type="1" schemaName="account" behavior="2" />
      <RootComponent type="29" id="{2d616b44-0cf2-ee11-904b-000d3a37e3e9}" behavior="0" />
      <RootComponent type="29" id="{4457f4c6-72c4-ee11-9079-000d3a33da23}" behavior="0" />
      <RootComponent type="29" id="{6fb19df7-eae6-ee11-904d-000d3a33d34f}" behavior="0" />
      <RootComponent type="29" id="{95155d0a-05e0-ee11-904d-000d3a33da23}" behavior="0" />
      <RootComponent type="29" id="{ba09fdd8-eae6-ee11-904d-000d3a33d34f}" behavior="0" />
      <RootComponent type="29" id="{dfecd0ad-fec5-ee11-9079-000d3a33d34f}" behavior="0" />
      <RootComponent type="29" id="{f0c478ae-88f1-ee11-904c-000d3a33da23}" behavior="0" />
      <RootComponent type="29" id="{f55ef7f9-8400-ef11-a1fe-000d3a33d34f}" behavior="0" />
      <RootComponent type="62" schemaName="mspp_PowerPageManagement" behavior="0" />
      <RootComponent type="80" schemaName="mspp_PowerPageManagement" behavior="0" />
    </RootComponents>
    <MissingDependencies>
      <MissingDependency>
        <Required type="1" schemaName="adx_invitation" displayName="Invitation" solution="PowerPages_RuntimeCore (1.0.2402.1)">
          <package>PowerPages_Core (1.0.2407.112)</package>
        </Required>
        <Dependent type="62" schemaName="mspp_PowerPageManagement" />
      </MissingDependency>
      <MissingDependency>
        <Required type="1" schemaName="adx_invitation" displayName="Invitation" solution="PowerPages_RuntimeCore (1.0.2402.1)">
          <package>PowerPages_Core (1.0.2407.112)</package>
        </Required>
        <Dependent type="80" schemaName="mspp_PowerPageManagement" displayName="Power Pages Management" />
      </MissingDependency>
      <MissingDependency>
        <Required type="1" schemaName="adx_setting" displayName="Setting" solution="PowerPages_RuntimeCore (1.0.2402.1)">
          <package>PowerPages_Core (1.0.2407.112)</package>
        </Required>
        <Dependent type="62" schemaName="mspp_PowerPageManagement" />
      </MissingDependency>
      <MissingDependency>
        <Required type="1" schemaName="adx_setting" displayName="Setting" solution="PowerPages_RuntimeCore (1.0.2402.1)">
          <package>PowerPages_Core (1.0.2407.112)</package>
        </Required>
        <Dependent type="80" schemaName="mspp_PowerPageManagement" displayName="Power Pages Management" />
      </MissingDependency>
      <MissingDependency>
        <Required type="1" schemaName="adx_webformsession" displayName="Multistep Form Session" solution="PowerPages_RuntimeCore (1.0.2402.1)">
          <package>PowerPages_Core (1.0.2407.112)</package>
        </Required>
        <Dependent type="80" schemaName="mspp_PowerPageManagement" displayName="Power Pages Management" />
      </MissingDependency>
      <MissingDependency>
        <Required type="1" schemaName="mpa_saperror" displayName="SAP Error" solution="mpa_SAPBase (1.0.0.61)" />
        <Dependent type="29" displayName="Power Pages ReadPurchaseOrder" id="{6fb19df7-eae6-ee11-904d-000d3a33d34f}" />
      </MissingDependency>
      <MissingDependency>
        <Required type="1" schemaName="mpa_saperror" displayName="SAP Error" solution="mpa_SAPBase (1.0.0.61)" />
        <Dependent type="29" displayName="Power Pages ReadPurchaseOrderList" id="{95155d0a-05e0-ee11-904d-000d3a33da23}" />
      </MissingDependency>
      <MissingDependency>
        <Required type="1" schemaName="mpa_saperror" displayName="SAP Error" solution="mpa_SAPBase (1.0.0.61)" />
        <Dependent type="29" displayName="Power Pages CreateVendorInvoice" id="{ba09fdd8-eae6-ee11-904d-000d3a33d34f}" />
      </MissingDependency>
      <MissingDependency>
        <Required type="1" schemaName="mpa_saperror" displayName="SAP Error" solution="mpa_SAPBase (1.0.0.61)" />
        <Dependent type="29" displayName="Power Pages Update Vendor" id="{dfecd0ad-fec5-ee11-9079-000d3a33d34f}" />
      </MissingDependency>
      <MissingDependency>
        <Required type="1" schemaName="mpa_saperror" displayName="SAP Error" solution="mpa_SAPBase (1.0.0.61)" />
        <Dependent type="29" displayName="Power Pages Read Vendor Invoice List" id="{f55ef7f9-8400-ef11-a1fe-000d3a33d34f}" />
      </MissingDependency>
      <MissingDependency>
        <Required type="1" schemaName="mpa_saplistofvalue" displayName="SAP List of Value" solution="mpa_SAPBase (1.0.0.61)" />
        <Dependent type="29" displayName="SAPListofValueDetail" id="{f0c478ae-88f1-ee11-904c-000d3a33da23}" />
      </MissingDependency>
      <MissingDependency>
        <Required type="1" schemaName="mpa_saplistofvalue" displayName="SAP List of Value" solution="mpa_SAPBase (1.0.0.61)" />
        <Dependent type="29" displayName="Power Pages Read Vendor Invoice List" id="{f55ef7f9-8400-ef11-a1fe-000d3a33d34f}" />
      </MissingDependency>
      <MissingDependency>
        <Required type="1" schemaName="mspp_adplacement" displayName="Ad Placement" solution="PowerPages_Apps (1.0.2402.2)">
          <package>PowerPages_Core (1.0.2407.112)</package>
        </Required>
        <Dependent type="80" schemaName="mspp_PowerPageManagement" displayName="Power Pages Management" />
      </MissingDependency>
      <MissingDependency>
        <Required type="1" schemaName="mspp_columnpermissionprofile" displayName="Column Permission Profile" solution="PowerPages_Apps (1.0.2402.2)">
          <package>PowerPages_Core (1.0.2407.112)</package>
        </Required>
        <Dependent type="62" schemaName="mspp_PowerPageManagement" />
      </MissingDependency>
      <MissingDependency>
        <Required type="1" schemaName="mspp_columnpermissionprofile" displayName="Column Permission Profile" solution="PowerPages_Apps (1.0.2402.2)">
          <package>PowerPages_Core (1.0.2407.112)</package>
        </Required>
        <Dependent type="80" schemaName="mspp_PowerPageManagement" displayName="Power Pages Management" />
      </MissingDependency>
      <MissingDependency>
        <Required type="1" schemaName="mspp_contentsnippet" displayName="Content Snippet" solution="PowerPages_Apps (1.0.2402.2)">
          <package>PowerPages_Core (1.0.2407.112)</package>
        </Required>
        <Dependent type="62" schemaName="mspp_PowerPageManagement" />
      </MissingDependency>
      <MissingDependency>
        <Required type="1" schemaName="mspp_contentsnippet" displayName="Content Snippet" solution="PowerPages_Apps (1.0.2402.2)">
          <package>PowerPages_Core (1.0.2407.112)</package>
        </Required>
        <Dependent type="80" schemaName="mspp_PowerPageManagement" displayName="Power Pages Management" />
      </MissingDependency>
      <MissingDependency>
        <Required type="1" schemaName="mspp_entityform" displayName="Basic Form" solution="PowerPages_Apps (1.0.2402.2)">
          <package>PowerPages_Core (1.0.2407.112)</package>
        </Required>
        <Dependent type="62" schemaName="mspp_PowerPageManagement" />
      </MissingDependency>
      <MissingDependency>
        <Required type="1" schemaName="mspp_entityform" displayName="Basic Form" solution="PowerPages_Apps (1.0.2402.2)">
          <package>PowerPages_Core (1.0.2407.112)</package>
        </Required>
        <Dependent type="80" schemaName="mspp_PowerPageManagement" displayName="Power Pages Management" />
      </MissingDependency>
      <MissingDependency>
        <Required type="1" schemaName="mspp_entitylist" displayName="List" solution="PowerPages_Apps (1.0.2402.2)">
          <package>PowerPages_Core (1.0.2407.112)</package>
        </Required>
        <Dependent type="62" schemaName="mspp_PowerPageManagement" />
      </MissingDependency>
      <MissingDependency>
        <Required type="1" schemaName="mspp_entitylist" displayName="List" solution="PowerPages_Apps (1.0.2402.2)">
          <package>PowerPages_Core (1.0.2407.112)</package>
        </Required>
        <Dependent type="80" schemaName="mspp_PowerPageManagement" displayName="Power Pages Management" />
      </MissingDependency>
      <MissingDependency>
        <Required type="1" schemaName="mspp_entitypermission" displayName="Table Permission" solution="PowerPages_Apps (1.0.2402.2)">
          <package>PowerPages_Core (1.0.2407.112)</package>
        </Required>
        <Dependent type="62" schemaName="mspp_PowerPageManagement" />
      </MissingDependency>
      <MissingDependency>
        <Required type="1" schemaName="mspp_entitypermission" displayName="Table Permission" solution="PowerPages_Apps (1.0.2402.2)">
          <package>PowerPages_Core (1.0.2407.112)</package>
        </Required>
        <Dependent type="80" schemaName="mspp_PowerPageManagement" displayName="Power Pages Management" />
      </MissingDependency>
      <MissingDependency>
        <Required type="1" schemaName="mspp_pagetemplate" displayName="Page Template" solution="PowerPages_Apps (1.0.2402.2)">
          <package>PowerPages_Core (1.0.2407.112)</package>
        </Required>
        <Dependent type="62" schemaName="mspp_PowerPageManagement" />
      </MissingDependency>
      <MissingDependency>
        <Required type="1" schemaName="mspp_pagetemplate" displayName="Page Template" solution="PowerPages_Apps (1.0.2402.2)">
          <package>PowerPages_Core (1.0.2407.112)</package>
        </Required>
        <Dependent type="80" schemaName="mspp_PowerPageManagement" displayName="Power Pages Management" />
      </MissingDependency>
      <MissingDependency>
        <Required type="1" schemaName="mspp_pollplacement" displayName="Poll Placement" solution="PowerPages_Apps (1.0.2402.2)">
          <package>PowerPages_Core (1.0.2407.112)</package>
        </Required>
        <Dependent type="80" schemaName="mspp_PowerPageManagement" displayName="Power Pages Management" />
      </MissingDependency>
      <MissingDependency>
        <Required type="1" schemaName="mspp_publishingstatetransitionrule" displayName="Publishing State Transition Rule" solution="PowerPages_Apps (1.0.2402.2)">
          <package>PowerPages_Core (1.0.2407.112)</package>
        </Required>
        <Dependent type="62" schemaName="mspp_PowerPageManagement" />
      </MissingDependency>
      <MissingDependency>
        <Required type="1" schemaName="mspp_publishingstatetransitionrule" displayName="Publishing State Transition Rule" solution="PowerPages_Apps (1.0.2402.2)">
          <package>PowerPages_Core (1.0.2407.112)</package>
        </Required>
        <Dependent type="80" schemaName="mspp_PowerPageManagement" displayName="Power Pages Management" />
      </MissingDependency>
      <MissingDependency>
        <Required type="1" schemaName="mspp_redirect" displayName="Redirect" solution="PowerPages_Apps (1.0.2402.2)">
          <package>PowerPages_Core (1.0.2407.112)</package>
        </Required>
        <Dependent type="62" schemaName="mspp_PowerPageManagement" />
      </MissingDependency>
      <MissingDependency>
        <Required type="1" schemaName="mspp_redirect" displayName="Redirect" solution="PowerPages_Apps (1.0.2402.2)">
          <package>PowerPages_Core (1.0.2407.112)</package>
        </Required>
        <Dependent type="80" schemaName="mspp_PowerPageManagement" displayName="Power Pages Management" />
      </MissingDependency>
      <MissingDependency>
        <Required type="1" schemaName="mspp_shortcut" displayName="Shortcut" solution="PowerPages_Apps (1.0.2402.2)">
          <package>PowerPages_Core (1.0.2407.112)</package>
        </Required>
        <Dependent type="62" schemaName="mspp_PowerPageManagement" />
      </MissingDependency>
      <MissingDependency>
        <Required type="1" schemaName="mspp_shortcut" displayName="Shortcut" solution="PowerPages_Apps (1.0.2402.2)">
          <package>PowerPages_Core (1.0.2407.112)</package>
        </Required>
        <Dependent type="80" schemaName="mspp_PowerPageManagement" displayName="Power Pages Management" />
      </MissingDependency>
      <MissingDependency>
        <Required type="1" schemaName="mspp_sitemarker" displayName="Site Marker" solution="PowerPages_Apps (1.0.2402.2)">
          <package>PowerPages_Core (1.0.2407.112)</package>
        </Required>
        <Dependent type="62" schemaName="mspp_PowerPageManagement" />
      </MissingDependency>
      <MissingDependency>
        <Required type="1" schemaName="mspp_sitemarker" displayName="Site Marker" solution="PowerPages_Apps (1.0.2402.2)">
          <package>PowerPages_Core (1.0.2407.112)</package>
        </Required>
        <Dependent type="80" schemaName="mspp_PowerPageManagement" displayName="Power Pages Management" />
      </MissingDependency>
      <MissingDependency>
        <Required type="1" schemaName="mspp_sitesetting" displayName="Site Setting" solution="PowerPages_Apps (1.0.2402.2)">
          <package>PowerPages_Core (1.0.2407.112)</package>
        </Required>
        <Dependent type="62" schemaName="mspp_PowerPageManagement" />
      </MissingDependency>
      <MissingDependency>
        <Required type="1" schemaName="mspp_sitesetting" displayName="Site Setting" solution="PowerPages_Apps (1.0.2402.2)">
          <package>PowerPages_Core (1.0.2407.112)</package>
        </Required>
        <Dependent type="80" schemaName="mspp_PowerPageManagement" displayName="Power Pages Management" />
      </MissingDependency>
      <MissingDependency>
        <Required type="1" schemaName="mspp_webfile" displayName="Web File" solution="PowerPages_Apps (1.0.2402.2)">
          <package>PowerPages_Core (1.0.2407.112)</package>
        </Required>
        <Dependent type="62" schemaName="mspp_PowerPageManagement" />
      </MissingDependency>
      <MissingDependency>
        <Required type="1" schemaName="mspp_webfile" displayName="Web File" solution="PowerPages_Apps (1.0.2402.2)">
          <package>PowerPages_Core (1.0.2407.112)</package>
        </Required>
        <Dependent type="80" schemaName="mspp_PowerPageManagement" displayName="Power Pages Management" />
      </MissingDependency>
      <MissingDependency>
        <Required type="1" schemaName="mspp_webform" displayName="Multistep Form" solution="PowerPages_Apps (1.0.2402.2)">
          <package>PowerPages_Core (1.0.2407.112)</package>
        </Required>
        <Dependent type="62" schemaName="mspp_PowerPageManagement" />
      </MissingDependency>
      <MissingDependency>
        <Required type="1" schemaName="mspp_webform" displayName="Multistep Form" solution="PowerPages_Apps (1.0.2402.2)">
          <package>PowerPages_Core (1.0.2407.112)</package>
        </Required>
        <Dependent type="80" schemaName="mspp_PowerPageManagement" displayName="Power Pages Management" />
      </MissingDependency>
      <MissingDependency>
        <Required type="1" schemaName="mspp_weblinkset" displayName="Web Link Set" solution="PowerPages_Apps (1.0.2402.2)">
          <package>PowerPages_Core (1.0.2407.112)</package>
        </Required>
        <Dependent type="62" schemaName="mspp_PowerPageManagement" />
      </MissingDependency>
      <MissingDependency>
        <Required type="1" schemaName="mspp_weblinkset" displayName="Web Link Set" solution="PowerPages_Apps (1.0.2402.2)">
          <package>PowerPages_Core (1.0.2407.112)</package>
        </Required>
        <Dependent type="80" schemaName="mspp_PowerPageManagement" displayName="Power Pages Management" />
      </MissingDependency>
      <MissingDependency>
        <Required type="1" schemaName="mspp_webpage" displayName="Web Page" solution="PowerPages_Apps (1.0.2402.2)">
          <package>PowerPages_Core (1.0.2407.112)</package>
        </Required>
        <Dependent type="62" schemaName="mspp_PowerPageManagement" />
      </MissingDependency>
      <MissingDependency>
        <Required type="1" schemaName="mspp_webpage" displayName="Web Page" solution="PowerPages_Apps (1.0.2402.2)">
          <package>PowerPages_Core (1.0.2407.112)</package>
        </Required>
        <Dependent type="80" schemaName="mspp_PowerPageManagement" displayName="Power Pages Management" />
      </MissingDependency>
      <MissingDependency>
        <Required type="1" schemaName="mspp_webpageaccesscontrolrule" displayName="Web Page Access Control Rule" solution="PowerPages_Apps (1.0.2402.2)">
          <package>PowerPages_Core (1.0.2407.112)</package>
        </Required>
        <Dependent type="62" schemaName="mspp_PowerPageManagement" />
      </MissingDependency>
      <MissingDependency>
        <Required type="1" schemaName="mspp_webpageaccesscontrolrule" displayName="Web Page Access Control Rule" solution="PowerPages_Apps (1.0.2402.2)">
          <package>PowerPages_Core (1.0.2407.112)</package>
        </Required>
        <Dependent type="80" schemaName="mspp_PowerPageManagement" displayName="Power Pages Management" />
      </MissingDependency>
      <MissingDependency>
        <Required type="1" schemaName="mspp_webrole" displayName="Web Role" solution="PowerPages_Apps (1.0.2402.2)">
          <package>PowerPages_Core (1.0.2407.112)</package>
        </Required>
        <Dependent type="62" schemaName="mspp_PowerPageManagement" />
      </MissingDependency>
      <MissingDependency>
        <Required type="1" schemaName="mspp_webrole" displayName="Web Role" solution="PowerPages_Apps (1.0.2402.2)">
          <package>PowerPages_Core (1.0.2407.112)</package>
        </Required>
        <Dependent type="80" schemaName="mspp_PowerPageManagement" displayName="Power Pages Management" />
      </MissingDependency>
      <MissingDependency>
        <Required type="1" schemaName="mspp_website" displayName="Website" solution="PowerPages_Apps (1.0.2402.2)">
          <package>PowerPages_Core (1.0.2407.112)</package>
        </Required>
        <Dependent type="62" schemaName="mspp_PowerPageManagement" />
      </MissingDependency>
      <MissingDependency>
        <Required type="1" schemaName="mspp_website" displayName="Website" solution="PowerPages_Apps (1.0.2402.2)">
          <package>PowerPages_Core (1.0.2407.112)</package>
        </Required>
        <Dependent type="80" schemaName="mspp_PowerPageManagement" displayName="Power Pages Management" />
      </MissingDependency>
      <MissingDependency>
        <Required type="1" schemaName="mspp_websiteaccess" displayName="Website Access" solution="PowerPages_Apps (1.0.2402.2)">
          <package>PowerPages_Core (1.0.2407.112)</package>
        </Required>
        <Dependent type="62" schemaName="mspp_PowerPageManagement" />
      </MissingDependency>
      <MissingDependency>
        <Required type="1" schemaName="mspp_websiteaccess" displayName="Website Access" solution="PowerPages_Apps (1.0.2402.2)">
          <package>PowerPages_Core (1.0.2407.112)</package>
        </Required>
        <Dependent type="80" schemaName="mspp_PowerPageManagement" displayName="Power Pages Management" />
      </MissingDependency>
      <MissingDependency>
        <Required type="1" schemaName="mspp_webtemplate" displayName="Web Template" solution="PowerPages_Apps (1.0.2402.2)">
          <package>PowerPages_Core (1.0.2407.112)</package>
        </Required>
        <Dependent type="62" schemaName="mspp_PowerPageManagement" />
      </MissingDependency>
      <MissingDependency>
        <Required type="1" schemaName="mspp_webtemplate" displayName="Web Template" solution="PowerPages_Apps (1.0.2402.2)">
          <package>PowerPages_Core (1.0.2407.112)</package>
        </Required>
        <Dependent type="80" schemaName="mspp_PowerPageManagement" displayName="Power Pages Management" />
      </MissingDependency>
      <MissingDependency>
        <Required type="26" schemaName="Quick Find Active Invitations" displayName="Quick Find Active Invitations" parentSchemaName="adx_invitation" parentDisplayName="Invitation" solution="PowerPages_RuntimeCore (1.0.2402.1)" id="{03e6e87f-ab6d-416c-adf2-2fffd0bd4409}">
          <package>PowerPages_Core (1.0.2407.112)</package>
        </Required>
        <Dependent type="80" schemaName="mspp_PowerPageManagement" displayName="Power Pages Management" />
      </MissingDependency>
      <MissingDependency>
        <Required type="26" schemaName="Invitation Associated View" displayName="Invitation Associated View" parentSchemaName="adx_invitation" parentDisplayName="Invitation" solution="PowerPages_RuntimeCore (1.0.2402.1)" id="{33a9303c-0f61-4bca-bfd8-9f2c901156a2}">
          <package>PowerPages_Core (1.0.2407.112)</package>
        </Required>
        <Dependent type="80" schemaName="mspp_PowerPageManagement" displayName="Power Pages Management" />
      </MissingDependency>
      <MissingDependency>
        <Required type="26" schemaName="New Invitations (Enhanced)" displayName="New Invitations (Enhanced)" parentSchemaName="adx_invitation" parentDisplayName="Invitation" solution="PowerPages_RuntimeCore (1.0.2402.1)" id="{65f05b48-21e9-4abf-94d9-4148d7df2597}">
          <package>PowerPages_Core (1.0.2407.112)</package>
        </Required>
        <Dependent type="80" schemaName="mspp_PowerPageManagement" displayName="Power Pages Management" />
      </MissingDependency>
      <MissingDependency>
        <Required type="26" schemaName="Open Invitations (Enhanced)" displayName="Open Invitations (Enhanced)" parentSchemaName="adx_invitation" parentDisplayName="Invitation" solution="PowerPages_RuntimeCore (1.0.2402.1)" id="{67a1da52-83db-45cf-9ad8-3bb1f725a34d}">
          <package>PowerPages_Core (1.0.2407.112)</package>
        </Required>
        <Dependent type="80" schemaName="mspp_PowerPageManagement" displayName="Power Pages Management" />
      </MissingDependency>
      <MissingDependency>
        <Required type="26" schemaName="Completed Invitations (Enhanced)" displayName="Completed Invitations (Enhanced)" parentSchemaName="adx_invitation" parentDisplayName="Invitation" solution="PowerPages_RuntimeCore (1.0.2402.1)" id="{702ac6fe-4c82-4b17-8c91-fe97fb440b05}">
          <package>PowerPages_Core (1.0.2407.112)</package>
        </Required>
        <Dependent type="80" schemaName="mspp_PowerPageManagement" displayName="Power Pages Management" />
      </MissingDependency>
      <MissingDependency>
        <Required type="26" schemaName="Inactive Invitations (Enhanced)" displayName="Inactive Invitations (Enhanced)" parentSchemaName="adx_invitation" parentDisplayName="Invitation" solution="PowerPages_RuntimeCore (1.0.2402.1)" id="{b5a7ec03-a5bb-40a8-b5cb-58a7cf803e8d}">
          <package>PowerPages_Core (1.0.2407.112)</package>
        </Required>
        <Dependent type="80" schemaName="mspp_PowerPageManagement" displayName="Power Pages Management" />
      </MissingDependency>
      <MissingDependency>
        <Required type="26" schemaName="Invitation Lookup View" displayName="Invitation Lookup View" parentSchemaName="adx_invitation" parentDisplayName="Invitation" solution="PowerPages_RuntimeCore (1.0.2402.1)" id="{da870cb8-819e-4684-9c5b-3bc0baa591fc}">
          <package>PowerPages_Core (1.0.2407.112)</package>
        </Required>
        <Dependent type="80" schemaName="mspp_PowerPageManagement" displayName="Power Pages Management" />
      </MissingDependency>
      <MissingDependency>
        <Required type="26" schemaName="Invitation Advanced Find View" displayName="Invitation Advanced Find View" parentSchemaName="adx_invitation" parentDisplayName="Invitation" solution="PowerPages_RuntimeCore (1.0.2402.1)" id="{fcbd21d1-10fb-4d87-b60b-154107460561}">
          <package>PowerPages_Core (1.0.2407.112)</package>
        </Required>
        <Dependent type="80" schemaName="mspp_PowerPageManagement" displayName="Power Pages Management" />
      </MissingDependency>
      <MissingDependency>
        <Required type="60" displayName="Profile Web Form (Enhanced) - Japanese" parentDisplayName="Contact" solution="PowerPages_RuntimeCore (1.0.2402.1)" id="{01124dd8-9bff-4cc0-bb33-ea9d943c3f9f}">
          <package>PowerPages_Core (1.0.2407.112)</package>
        </Required>
        <Dependent type="80" schemaName="mspp_PowerPageManagement" displayName="Power Pages Management" />
      </MissingDependency>
      <MissingDependency>
        <Required type="60" displayName="Contact" parentDisplayName="Contact" solution="msdynce_AppCommon (9.0.4.0066)" id="{1fed44d1-ae68-4a41-bd2b-f13acac4acfa}">
          <package>msdynce_AppCommonAnchor (9.0.24064.10001)</package>
        </Required>
        <Dependent type="80" schemaName="mspp_PowerPageManagement" displayName="Power Pages Management" />
      </MissingDependency>
      <MissingDependency>
        <Required type="60" displayName="account contact card" parentDisplayName="Contact" solution="msdynce_AppCommon (9.0.4.0066)" id="{29de27bc-a257-4f29-99cf-bab4a84e688f}">
          <package>msdynce_AppCommonAnchor (9.0.24064.10001)</package>
        </Required>
        <Dependent type="60" displayName="Account" parentDisplayName="Account" id="{8448b78f-8f42-454e-8e2a-f8196b0419af}" />
      </MissingDependency>
      <MissingDependency>
        <Required type="60" displayName="Account" parentDisplayName="Account" solution="msdynce_AppCommon (9.0.4.0066)" id="{8448b78f-8f42-454e-8e2a-f8196b0419af}">
          <package>msdynce_AppCommonAnchor (9.0.24064.10001)</package>
        </Required>
        <Dependent type="60" displayName="Account" parentDisplayName="Account" id="{8448b78f-8f42-454e-8e2a-f8196b0419af}" />
      </MissingDependency>
      <MissingDependency>
        <Required type="60" displayName="Information" parentDisplayName="Contact" solution="msdynce_AppCommon (9.0.4.0066)" id="{894cc46a-b0cb-4ab0-8bf6-200544e46a2d}">
          <package>msdynce_AppCommonAnchor (9.0.24064.10001)</package>
        </Required>
        <Dependent type="80" schemaName="mspp_PowerPageManagement" displayName="Power Pages Management" />
      </MissingDependency>
      <MissingDependency>
        <Required type="60" displayName="Information (Enhanced)" parentDisplayName="Invitation" solution="PowerPages_RuntimeCore (1.0.2402.1)" id="{b0b9bf34-a13d-4586-9899-ce421c2862db}">
          <package>PowerPages_Core (1.0.2407.112)</package>
        </Required>
        <Dependent type="80" schemaName="mspp_PowerPageManagement" displayName="Power Pages Management" />
      </MissingDependency>
      <MissingDependency>
        <Required type="60" displayName="Profile Web Form (Enhanced)" parentDisplayName="Contact" solution="PowerPages_RuntimeCore (1.0.2402.1)" id="{bddc0100-0dbe-4562-aafe-31d08c8ab506}">
          <package>PowerPages_Core (1.0.2407.112)</package>
        </Required>
        <Dependent type="80" schemaName="mspp_PowerPageManagement" displayName="Power Pages Management" />
      </MissingDependency>
      <MissingDependency>
        <Required type="60" displayName="Portal Contact (Enhanced)" parentDisplayName="Contact" solution="PowerPages_RuntimeCore (1.0.2402.1)" id="{c1c97961-2d42-4103-abf8-2fe2bdf38224}">
          <package>PowerPages_Core (1.0.2407.112)</package>
        </Required>
        <Dependent type="80" schemaName="mspp_PowerPageManagement" displayName="Power Pages Management" />
      </MissingDependency>
      <MissingDependency>
        <Required type="60" displayName="Information (Enhanced)" parentDisplayName="Multistep Form Session" solution="PowerPages_RuntimeCore (1.0.2402.1)" id="{c368cbfc-452e-4587-9f3a-ea8fcb6141ac}">
          <package>PowerPages_Core (1.0.2407.112)</package>
        </Required>
        <Dependent type="80" schemaName="mspp_PowerPageManagement" displayName="Power Pages Management" />
      </MissingDependency>
      <MissingDependency>
        <Required type="60" displayName="Invite Web Form" parentDisplayName="Contact" solution="PowerPages_RuntimeCore (1.0.2402.1)" id="{d6190b35-9474-4098-9698-33f6627eb3bf}">
          <package>PowerPages_Core (1.0.2407.112)</package>
        </Required>
        <Dependent type="80" schemaName="mspp_PowerPageManagement" displayName="Power Pages Management" />
      </MissingDependency>
      <MissingDependency>
        <Required type="61" schemaName="adx_contacts.svg" displayName="adx_contacts.svg" solution="PowerPages_RuntimeCoreDependencies (1.0.2305.1)">
          <package>PowerPages_Core (1.0.2407.112)</package>
        </Required>
        <Dependent type="62" schemaName="mspp_PowerPageManagement" />
      </MissingDependency>
      <MissingDependency>
        <Required type="61" schemaName="mspp_ppma_logo.svg" displayName="mspp_ppma_logo.svg" solution="PowerPages_AppResources (1.0.2407.1)">
          <package>PowerPages_Core (1.0.2407.112)</package>
        </Required>
        <Dependent type="80" schemaName="mspp_PowerPageManagement" displayName="Power Pages Management" />
      </MissingDependency>
      <MissingDependency>
        <Required type="62" schemaName="mspp_PowerPageManagement" solution="PowerPages_Apps (1.0.2402.2)">
          <package>PowerPages_Core (1.0.2407.112)</package>
        </Required>
        <Dependent type="62" schemaName="mspp_PowerPageManagement" />
      </MissingDependency>
      <MissingDependency>
        <Required type="66" schemaName="MscrmControls.CardFeedContainer.CardFeedContainer" displayName="MscrmControls.CardFeedContainer.CardFeedContainer" solution="BaseCustomControlsCore (9.0.2406.4016)" />
        <Dependent type="60" displayName="Account" parentDisplayName="Account" id="{8448b78f-8f42-454e-8e2a-f8196b0419af}" />
      </MissingDependency>
      <MissingDependency>
        <Required type="80" schemaName="mspp_PowerPageManagement" displayName="Power Pages Management" solution="PowerPages_Apps (1.0.2402.2)">
          <package>PowerPages_Core (1.0.2407.112)</package>
        </Required>
        <Dependent type="80" schemaName="mspp_PowerPageManagement" displayName="Power Pages Management" />
      </MissingDependency>
      <MissingDependency>
        <Required type="EnvironmentVariableDefinition" displayName="mpa_SAPApplicationServer" solution="mpa_SAPBase (1.0.0.61)" id.schemaname="mpa_SAPApplicationServer" />
        <Dependent type="29" displayName="PVA Get Invoice Status" id="{2d616b44-0cf2-ee11-904b-000d3a37e3e9}" />
      </MissingDependency>
      <MissingDependency>
        <Required type="EnvironmentVariableDefinition" displayName="mpa_SAPApplicationServer" solution="mpa_SAPBase (1.0.0.61)" id.schemaname="mpa_SAPApplicationServer" />
        <Dependent type="29" displayName="Power Pages Read Vendor" id="{4457f4c6-72c4-ee11-9079-000d3a33da23}" />
      </MissingDependency>
      <MissingDependency>
        <Required type="EnvironmentVariableDefinition" displayName="mpa_SAPApplicationServer" solution="mpa_SAPBase (1.0.0.61)" id.schemaname="mpa_SAPApplicationServer" />
        <Dependent type="29" displayName="Power Pages ReadPurchaseOrder" id="{6fb19df7-eae6-ee11-904d-000d3a33d34f}" />
      </MissingDependency>
      <MissingDependency>
        <Required type="EnvironmentVariableDefinition" displayName="mpa_SAPApplicationServer" solution="mpa_SAPBase (1.0.0.61)" id.schemaname="mpa_SAPApplicationServer" />
        <Dependent type="29" displayName="Power Pages ReadPurchaseOrderList" id="{95155d0a-05e0-ee11-904d-000d3a33da23}" />
      </MissingDependency>
      <MissingDependency>
        <Required type="EnvironmentVariableDefinition" displayName="mpa_SAPApplicationServer" solution="mpa_SAPBase (1.0.0.61)" id.schemaname="mpa_SAPApplicationServer" />
        <Dependent type="29" displayName="Power Pages CreateVendorInvoice" id="{ba09fdd8-eae6-ee11-904d-000d3a33d34f}" />
      </MissingDependency>
      <MissingDependency>
        <Required type="EnvironmentVariableDefinition" displayName="mpa_SAPApplicationServer" solution="mpa_SAPBase (1.0.0.61)" id.schemaname="mpa_SAPApplicationServer" />
        <Dependent type="29" displayName="Power Pages Update Vendor" id="{dfecd0ad-fec5-ee11-9079-000d3a33d34f}" />
      </MissingDependency>
      <MissingDependency>
        <Required type="EnvironmentVariableDefinition" displayName="mpa_SAPApplicationServer" solution="mpa_SAPBase (1.0.0.61)" id.schemaname="mpa_SAPApplicationServer" />
        <Dependent type="29" displayName="Power Pages Read Vendor Invoice List" id="{f55ef7f9-8400-ef11-a1fe-000d3a33d34f}" />
      </MissingDependency>
      <MissingDependency>
        <Required type="EnvironmentVariableDefinition" displayName="mpa_SAPClientID" solution="mpa_SAPBase (1.0.0.61)" id.schemaname="mpa_SAPClientID" />
        <Dependent type="29" displayName="Power Pages Read Vendor" id="{4457f4c6-72c4-ee11-9079-000d3a33da23}" />
      </MissingDependency>
      <MissingDependency>
        <Required type="EnvironmentVariableDefinition" displayName="mpa_SAPClientID" solution="mpa_SAPBase (1.0.0.61)" id.schemaname="mpa_SAPClientID" />
        <Dependent type="29" displayName="Power Pages Update Vendor" id="{dfecd0ad-fec5-ee11-9079-000d3a33d34f}" />
      </MissingDependency>
      <MissingDependency>
        <Required type="EnvironmentVariableDefinition" displayName="mpa_SAPCountofRowsToRead" solution="mpa_SAPBase (1.0.0.61)" id.schemaname="mpa_SAPCountofRowsToRead" />
        <Dependent type="29" displayName="Power Pages Read Vendor" id="{4457f4c6-72c4-ee11-9079-000d3a33da23}" />
      </MissingDependency>
      <MissingDependency>
        <Required type="EnvironmentVariableDefinition" displayName="mpa_SAPCountofRowsToRead" solution="mpa_SAPBase (1.0.0.61)" id.schemaname="mpa_SAPCountofRowsToRead" />
        <Dependent type="29" displayName="Power Pages ReadPurchaseOrder" id="{6fb19df7-eae6-ee11-904d-000d3a33d34f}" />
      </MissingDependency>
      <MissingDependency>
        <Required type="EnvironmentVariableDefinition" displayName="mpa_SAPCountofRowsToRead" solution="mpa_SAPBase (1.0.0.61)" id.schemaname="mpa_SAPCountofRowsToRead" />
        <Dependent type="29" displayName="Power Pages ReadPurchaseOrderList" id="{95155d0a-05e0-ee11-904d-000d3a33da23}" />
      </MissingDependency>
      <MissingDependency>
        <Required type="EnvironmentVariableDefinition" displayName="mpa_SAPCountofRowsToRead" solution="mpa_SAPBase (1.0.0.61)" id.schemaname="mpa_SAPCountofRowsToRead" />
        <Dependent type="29" displayName="Power Pages Read Vendor Invoice List" id="{f55ef7f9-8400-ef11-a1fe-000d3a33d34f}" />
      </MissingDependency>
      <MissingDependency>
        <Required type="EnvironmentVariableDefinition" displayName="mpa_SAPSystemID" solution="mpa_SAPBase (1.0.0.61)" id.schemaname="mpa_SAPSystemID" />
        <Dependent type="29" displayName="Power Pages Read Vendor" id="{4457f4c6-72c4-ee11-9079-000d3a33da23}" />
      </MissingDependency>
      <MissingDependency>
        <Required type="EnvironmentVariableDefinition" displayName="mpa_SAPSystemID" solution="mpa_SAPBase (1.0.0.61)" id.schemaname="mpa_SAPSystemID" />
        <Dependent type="29" displayName="Power Pages Update Vendor" id="{dfecd0ad-fec5-ee11-9079-000d3a33d34f}" />
      </MissingDependency>
    </MissingDependencies>
  </SolutionManifest>
</ImportExportXml>