<powerpagecomponent powerpagecomponentid="a059d0ba-4405-4e50-bde3-88b6a7f05df4">
  <content>{"source":"{% unless placement %}\r\n  {% if id %}\r\n    {% assign placement = ads.placements[id] %}\r\n  {% elsif name %}\r\n    {% assign placement = ads.placements[name] %}\r\n  {% endif %}\r\n{% endunless %}\r\n\r\n{% if placement %}\r\n&lt;div class=\"ad\" data-url=\"{{ placement.random_url | h }}\"&gt;&lt;/div&gt;\r\n{% endif %}"}</content>
  <iscustomizable>1</iscustomizable>
  <name>Random Ad</name>
  <powerpagecomponenttype>8</powerpagecomponenttype>
  <powerpagesiteid>
    <powerpagesiteid>99af4f03-6a66-4c36-963b-164265f26ce8</powerpagesiteid>
  </powerpagesiteid>
  <statecode>0</statecode>
  <statuscode>1</statuscode>
</powerpagecomponent>