<powerpagecomponent powerpagecomponentid="e2575d06-7f6d-47a2-9def-fe7d4f0d48ed">
  <content>{"display_name":"Account/Signin/Minor Without Parental Consent Not Allowed Heading","type":756150000,"value":"Parental Consent"}</content>
  <iscustomizable>1</iscustomizable>
  <name>Account/Signin/MinorWithoutParentalConsentNotAllowedHeading</name>
  <powerpagecomponenttype>7</powerpagecomponenttype>
  <powerpagesiteid>
    <powerpagesiteid>99af4f03-6a66-4c36-963b-164265f26ce8</powerpagesiteid>
  </powerpagesiteid>
  <powerpagesitelanguageid>
    <powerpagesitelanguageid>732bd198-dcfc-406a-8b9e-0375589318f3</powerpagesitelanguageid>
  </powerpagesitelanguageid>
  <statecode>0</statecode>
  <statuscode>1</statuscode>
</powerpagecomponent>