{
  "properties": {
    "connectionReferences": {
      "shared_commondataserviceforapps_1": {
        "runtimeSource": "embedded",
        "connection": {
          "connectionReferenceLogicalName": "mpa_PowerAppsInnovationCenterDataverse"
        },
        "api": {
          "name": "shared_commondataserviceforapps"
        }
      },
      "shared_approvals_1": {
        "runtimeSource": "invoker",
        "connection": {
          "connectionReferenceLogicalName": "mpa_PowerAppsInnovationCenterApprovals"
        },
        "api": {
          "name": "shared_approvals"
        }
      },
      "shared_office365_1": {
        "runtimeSource": "invoker",
        "connection": {
          "connectionReferenceLogicalName": "mpa_PowerAppsInnovationCenterOutlook"
        },
        "api": {
          "name": "shared_office365"
        }
      }
    },
    "definition": {
      "$schema": "https://schema.management.azure.com/providers/Microsoft.Logic/schemas/2016-06-01/workflowdefinition.json#",
      "contentVersion": "1.0.0.0",
      "parameters": {
        "$connections": {
          "defaultValue": {},
          "type": "Object"
        },
        "$authentication": {
          "defaultValue": {},
          "type": "SecureObject"
        }
      },
      "triggers": {
        "manual": {
          "metadata": {
            "operationMetadataId": "42171b43-3368-42f5-919a-a0459da1990d"
          },
          "type": "Request",
          "kind": "Button",
          "inputs": {
            "schema": {
              "type": "object",
              "properties": {
                "text": {
                  "title": "ApplicationGUID",
                  "type": "string",
                  "x-ms-dynamically-added": true,
                  "description": "Please enter your input",
                  "x-ms-content-hint": "TEXT"
                }
              },
              "required": [
                "text"
              ]
            }
          },
          "description": " Get the GUID of the application."
        }
      },
      "actions": {
        "Get_Applicant": {
          "runAfter": {
            "Get_User_Timezone": [
              "Succeeded"
            ]
          },
          "metadata": {
            "operationMetadataId": "a43ebd8e-4f84-4c96-92e2-4ccf2d2b8998"
          },
          "type": "OpenApiConnection",
          "inputs": {
            "host": {
              "connectionName": "shared_commondataserviceforapps_1",
              "operationId": "GetItem",
              "apiId": "/providers/Microsoft.PowerApps/apis/shared_commondataserviceforapps"
            },
            "parameters": {
              "entityName": "systemusers",
              "recordId": "@outputs('Get_Applicant_Details')?['body/_ownerid_value']",
              "$select": "fullname, internalemailaddress, firstname"
            },
            "authentication": {
              "type": "Raw",
              "value": "@json(decodeBase64(triggerOutputs().headers['X-MS-APIM-Tokens']))['$ConnectionKey']"
            }
          },
          "description": " Query User table based on the ID(Applicant Name)"
        },
        "Get_App_Settings": {
          "runAfter": {
            "Check_work_email": [
              "Succeeded"
            ]
          },
          "metadata": {
            "operationMetadataId": "3fd488ee-c596-4ff8-81b6-62c913bcd635"
          },
          "type": "OpenApiConnection",
          "inputs": {
            "host": {
              "connectionName": "shared_commondataserviceforapps_1",
              "operationId": "ListRecords",
              "apiId": "/providers/Microsoft.PowerApps/apis/shared_commondataserviceforapps"
            },
            "parameters": {
              "entityName": "mpa_mentor_appsettingses",
              "$top": 1
            },
            "authentication": {
              "type": "Raw",
              "value": "@json(decodeBase64(triggerOutputs().headers['X-MS-APIM-Tokens']))['$ConnectionKey']"
            }
          },
          "description": "Query the first app setting on the Dataverse."
        },
        "Retrieve_App_Module": {
          "runAfter": {
            "Initialize_Admin": [
              "Succeeded"
            ]
          },
          "metadata": {
            "operationMetadataId": "79cdca88-7d38-4cbf-8fe6-82d4e363b569"
          },
          "type": "OpenApiConnection",
          "inputs": {
            "host": {
              "connectionName": "shared_commondataserviceforapps_1",
              "operationId": "ListRecords",
              "apiId": "/providers/Microsoft.PowerApps/apis/shared_commondataserviceforapps"
            },
            "parameters": {
              "entityName": "appmodules",
              "$filter": "name eq 'Mentorship Program Management - Admin App'",
              "$top": 1
            },
            "authentication": {
              "type": "Raw",
              "value": "@json(decodeBase64(triggerOutputs().headers['X-MS-APIM-Tokens']))['$ConnectionKey']"
            }
          },
          "description": "Get MDA Details"
        },
        "Organisation_Base_URL": {
          "runAfter": {
            "Retrieve_App_Module": [
              "Succeeded"
            ]
          },
          "metadata": {
            "operationMetadataId": "0ee06982-54d9-42b7-82fb-07913596bf9c"
          },
          "type": "Compose",
          "inputs": "@first(split(outputs('Get_Applicant')?['body/@odata.id'], '/api/'))",
          "description": "Get the base URL of MDA."
        },
        "Initialize_MDALink": {
          "runAfter": {
            "Organisation_Base_URL": [
              "Succeeded"
            ]
          },
          "metadata": {
            "operationMetadataId": "0e897d5d-eab8-4053-93f8-fc0bd00784b8"
          },
          "type": "InitializeVariable",
          "inputs": {
            "variables": [
              {
                "name": "MDALink",
                "type": "string",
                "value": "@{concat(\r\n    outputs('Organisation_Base_URL'), \r\n    '/main.aspx?appid=', \r\n    body('Retrieve_App_Module')?['value']?[0]?['appmoduleid'], \r\n   '&pagetype=entityrecord&etn=mpa_mentor_application&id=',outputs('Get_Applicant_Details')?['body/mpa_mentor_applicationid']\r\n)\r\n\r\n\r\n}"
              }
            ]
          },
          "description": "Combine app module, base url, and Application GUID."
        },
        "Initialize_Admin": {
          "runAfter": {
            "Get_App_Settings": [
              "Succeeded"
            ]
          },
          "metadata": {
            "operationMetadataId": "67c871b1-dff1-401c-99b8-7b2571165b7a"
          },
          "type": "InitializeVariable",
          "inputs": {
            "variables": [
              {
                "name": "AdminEmail",
                "type": "string",
                "value": "<a href=\"mailto:@{first(body('Get_App_Settings')?['value'])?['mpa_applicationadminemail']}\">@{first(body('Get_App_Settings')?['value'])?['mpa_applicationadminemail']}</a>"
              }
            ]
          },
          "description": "The email address of the admin from App Settings"
        },
        "Check_work_email": {
          "actions": {
            "Set_ApplicantEmail_-_Work": {
              "runAfter": {},
              "metadata": {
                "operationMetadataId": "f1f19612-1ed6-4806-b88a-c5193f094b4f"
              },
              "type": "SetVariable",
              "inputs": {
                "name": "ApplicantEmail",
                "value": "@outputs('Get_Applicant_Details')?['body/mpa_workemailaddress']"
              },
              "description": "Set email from Work Email Address field."
            }
          },
          "runAfter": {
            "Initialize_ApplicantEmail": [
              "Succeeded"
            ]
          },
          "else": {
            "actions": {
              "Set_ApplicantEmail_-_Primary": {
                "runAfter": {},
                "metadata": {
                  "operationMetadataId": "355cfbf9-8613-4655-8b4a-6e297e6e6659"
                },
                "type": "SetVariable",
                "inputs": {
                  "name": "ApplicantEmail",
                  "value": "@outputs('Get_Applicant')?['body/internalemailaddress']"
                },
                "description": "Set email from Users table."
              }
            }
          },
          "expression": {
            "not": {
              "equals": [
                "@outputs('Get_Applicant_Details')?['body/mpa_workemailaddress']",
                "@null"
              ]
            }
          },
          "metadata": {
            "operationMetadataId": "f4a1ddf4-f58d-4367-80e2-5f5051d64bf7"
          },
          "type": "If",
          "description": "Check if work email is not empty."
        },
        "Initialize_ApplicantEmail": {
          "runAfter": {
            "Get_Applicant": [
              "Succeeded"
            ]
          },
          "metadata": {
            "operationMetadataId": "a567adbe-e5f4-4720-99b6-5b62338097a3"
          },
          "type": "InitializeVariable",
          "inputs": {
            "variables": [
              {
                "name": "ApplicantEmail",
                "type": "string"
              }
            ]
          },
          "description": "Applicant email address"
        },
        "Get_User_Timezone": {
          "runAfter": {
            "Get_Applicant_Details": [
              "Succeeded"
            ]
          },
          "metadata": {
            "operationMetadataId": "285a1697-f1d0-41f8-92de-682f176d97d9"
          },
          "type": "Workflow",
          "inputs": {
            "host": {
              "workflowReferenceName": "f7510d21-b098-ee11-be37-00224808dec6"
            },
            "body": {
              "text": "@outputs('Get_Applicant_Details')?['body/_createdby_value']"
            }
          },
          "description": "Get the timezone for the user"
        },
        "Get_Applicant_Details": {
          "runAfter": {},
          "metadata": {
            "operationMetadataId": "d3185bca-3478-4462-a7ca-dd18092477ea"
          },
          "type": "OpenApiConnection",
          "inputs": {
            "host": {
              "connectionName": "shared_commondataserviceforapps_1",
              "operationId": "GetItem",
              "apiId": "/providers/Microsoft.PowerApps/apis/shared_commondataserviceforapps"
            },
            "parameters": {
              "entityName": "mpa_mentor_applications",
              "recordId": "@triggerBody()['text']"
            },
            "authentication": {
              "type": "Raw",
              "value": "@json(decodeBase64(triggerOutputs().headers['X-MS-APIM-Tokens']))['$ConnectionKey']"
            }
          },
          "description": "Get the details of the Applicant."
        },
        "Start_and_wait_for_an_approval": {
          "runAfter": {
            "Send_Confirmation_Email_to_the_Participant": [
              "Succeeded"
            ]
          },
          "limit": {
            "timeout": "P30D"
          },
          "metadata": {
            "operationMetadataId": "08c1631c-b085-447a-a250-df88a26b4eb9"
          },
          "type": "OpenApiConnectionWebhook",
          "inputs": {
            "host": {
              "connectionName": "shared_approvals_1",
              "operationId": "StartAndWaitForAnApproval",
              "apiId": "/providers/Microsoft.PowerApps/apis/shared_approvals"
            },
            "parameters": {
              "approvalType": "Basic",
              "WebhookApprovalCreationInput/title": "Request for Review: Prospective Mentor Application",
              "WebhookApprovalCreationInput/assignedTo": "@{first(body('Get_App_Settings')?['value'])?['mpa_applicationadminemail']};",
              "WebhookApprovalCreationInput/details": "Hi @{first(body('Get_App_Settings')?['value'])?['mpa_contactname']},\n\nPlease review the latest Prospective Mentor application submitted by @{outputs('Get_Applicant')?['body/fullname']} for the Mentoring Program.\nUpon completing your review, kindly accept or deny the application and provide comments explaining your decision.\n\n",
              "WebhookApprovalCreationInput/itemLink": "@variables('MDALink')",
              "WebhookApprovalCreationInput/itemLinkDescription": "Mentorship Program Management - Admin App",
              "WebhookApprovalCreationInput/enableNotifications": true,
              "WebhookApprovalCreationInput/enableReassignment": false
            },
            "authentication": {
              "type": "Raw",
              "value": "@json(decodeBase64(triggerOutputs().headers['X-MS-APIM-Tokens']))['$ConnectionKey']"
            }
          },
          "description": "This step will send an approval email to admin where the admin can approve or reject the application."
        },
        "Application_Approval_Result": {
          "actions": {
            "Apply_to_each_-_Approved": {
              "foreach": "@outputs('Start_and_wait_for_an_approval')?['body/responses']",
              "actions": {
                "Update_Application_to_Approved": {
                  "runAfter": {},
                  "metadata": {
                    "operationMetadataId": "0b107a70-d424-4435-87f5-575832b46384"
                  },
                  "type": "OpenApiConnection",
                  "inputs": {
                    "host": {
                      "connectionName": "shared_commondataserviceforapps_1",
                      "operationId": "UpdateRecord",
                      "apiId": "/providers/Microsoft.PowerApps/apis/shared_commondataserviceforapps"
                    },
                    "parameters": {
                      "entityName": "mpa_mentor_applications",
                      "recordId": "@outputs('Get_Applicant_Details')?['body/mpa_mentor_applicationid']",
                      "item/mpa_approvalcomment": "@items('Apply_to_each_-_Approved')?['comments']",
                      "item/statecode": 1,
                      "item/statuscode": 865420003
                    },
                    "authentication": {
                      "type": "Raw",
                      "value": "@json(decodeBase64(triggerOutputs().headers['X-MS-APIM-Tokens']))['$ConnectionKey']"
                    }
                  },
                  "description": "Update the status and comment on Application table."
                }
              },
              "runAfter": {},
              "metadata": {
                "operationMetadataId": "e5a2b0e6-d414-4929-ba2e-2d66ae74cf98"
              },
              "type": "Foreach"
            }
          },
          "runAfter": {
            "Start_and_wait_for_an_approval": [
              "Succeeded"
            ]
          },
          "else": {
            "actions": {
              "Apply_to_each_-_Rejected": {
                "foreach": "@outputs('Start_and_wait_for_an_approval')?['body/responses']",
                "actions": {
                  "Update_Application_to_Rejected": {
                    "runAfter": {},
                    "metadata": {
                      "operationMetadataId": "0b107a70-d424-4435-87f5-575832b46384"
                    },
                    "type": "OpenApiConnection",
                    "inputs": {
                      "host": {
                        "connectionName": "shared_commondataserviceforapps_1",
                        "operationId": "UpdateRecord",
                        "apiId": "/providers/Microsoft.PowerApps/apis/shared_commondataserviceforapps"
                      },
                      "parameters": {
                        "entityName": "mpa_mentor_applications",
                        "recordId": "@outputs('Get_Applicant_Details')?['body/mpa_mentor_applicationid']",
                        "item/mpa_approvalcomment": "@items('Apply_to_each_-_Rejected')?['comments']",
                        "item/statecode": 0,
                        "item/statuscode": 865420002
                      },
                      "authentication": {
                        "type": "Raw",
                        "value": "@json(decodeBase64(triggerOutputs().headers['X-MS-APIM-Tokens']))['$ConnectionKey']"
                      }
                    },
                    "description": "Update the status and comment on Application table."
                  }
                },
                "runAfter": {},
                "metadata": {
                  "operationMetadataId": "56ed5d1c-ead9-41b0-b48e-44de6ed37fa8"
                },
                "type": "Foreach"
              }
            }
          },
          "expression": {
            "equals": [
              "@outputs('Start_and_wait_for_an_approval')?['body/outcome']",
              "Approve"
            ]
          },
          "metadata": {
            "operationMetadataId": "190edacf-58d4-4e8d-a3ab-9a1f221625b4"
          },
          "type": "If",
          "description": "Check the result of the application approval."
        },
        "Send_Confirmation_Email_to_the_Participant": {
          "runAfter": {
            "Initialize_MDALink": [
              "Succeeded"
            ]
          },
          "metadata": {
            "operationMetadataId": "e9899c52-9c50-459b-b2d4-08468bdd0aa1"
          },
          "type": "OpenApiConnection",
          "inputs": {
            "host": {
              "connectionName": "shared_office365_1",
              "operationId": "SendEmailV2",
              "apiId": "/providers/Microsoft.PowerApps/apis/shared_office365"
            },
            "parameters": {
              "emailMessage/To": "@variables('ApplicantEmail')",
              "emailMessage/Subject": "Confirmation of submission to the Mentoring Program",
              "emailMessage/Body": "<p>Hello @{outputs('Get_Applicant_Details')?['body/mpa_title_label']}@{outputs('Get_Applicant')?['body/fullname']},<br>\n<br>\nI hope this message finds you well.<br>\n<br>\nThank you for taking the time to submit your application for consideration in the Mentoring Program. Your interest is truly appreciated.<br>\n<br>\nI wanted to inform you that your application has been received and is currently under review by our Program Administrators. We understand the importance of this opportunity to you and want to assure you that we will give your application the attention it deserves.<br>\n<br>\nYour submission date: @{convertFromUtc(outputs('Get_Applicant_Details')?['body/modifiedon'],outputs('Get_User_Timezone')?['Body']?['time_zone_name'],'MMMM dd, yyyy, hh:mm tt')}<br>\n<br>\nJob title: @{outputs('Get_Applicant_Details')?['body/mpa_jobtitle']}<br>\n<br>\nShould you have any further questions or concerns regarding your application, please don't hesitate to reach out to @{first(body('Get_App_Settings')?['value'])?['mpa_contactname']}, our Program Administrator, at @{variables('AdminEmail')}.<br>\n<br>\nWe sincerely value your interest in our Mentoring Program and look forward to potentially welcoming you aboard.</p>",
              "emailMessage/Importance": "Normal"
            },
            "authentication": {
              "type": "Raw",
              "value": "@json(decodeBase64(triggerOutputs().headers['X-MS-APIM-Tokens']))['$ConnectionKey']"
            }
          },
          "description": "Sends an outlook email to the participant"
        },
        "Respond_to_a_Power_App_or_flow": {
          "runAfter": {
            "Application_Approval_Result": [
              "Succeeded"
            ]
          },
          "metadata": {
            "operationMetadataId": "9eed0d71-7172-4468-b0dd-f5d0ecccc247"
          },
          "type": "Response",
          "kind": "PowerApp",
          "inputs": {
            "statusCode": 200,
            "body": {
              "result": "Done"
            },
            "schema": {
              "type": "object",
              "properties": {
                "result": {
                  "title": "Result",
                  "x-ms-dynamically-added": true,
                  "type": "string"
                }
              }
            }
          }
        }
      },
      "outputs": {}
    },
    "templateName": ""
  },
  "schemaVersion": "1.0.0.0"
}