<ImportExportXml version="9.2.24074.218" SolutionPackageVersion="9.2" languagecode="1033" generatedBy="CrmLive" xmlns:xsi="http://www.w3.org/2001/XMLSchema-instance">
  <SolutionManifest>
    <UniqueName>mpa_SAPSetupAssistantDropDownValues</UniqueName>
    <LocalizedNames>
      <LocalizedName description="SAP Setup Assistant Drop Down Values" languagecode="1033" />
    </LocalizedNames>
    <Descriptions />
    <Version>1.0.0.0</Version>
    <Managed>1</Managed>
    <Publisher>
      <UniqueName>PowerAccelerator</UniqueName>
      <LocalizedNames>
        <LocalizedName description="Microsoft Power Accelerator" languagecode="1033" />
      </LocalizedNames>
      <Descriptions>
        <Description description="Publisher for the Microsoft Power Accelerator team." languagecode="1033" />
      </Descriptions>
      <EMailAddress xsi:nil="true"></EMailAddress>
      <SupportingWebsiteUrl xsi:nil="true"></SupportingWebsiteUrl>
      <CustomizationPrefix>mpa</CustomizationPrefix>
      <CustomizationOptionValuePrefix>86542</CustomizationOptionValuePrefix>
      <Addresses>
        <Address>
          <AddressNumber>1</AddressNumber>
          <AddressTypeCode>1</AddressTypeCode>
          <City xsi:nil="true"></City>
          <County xsi:nil="true"></County>
          <Country xsi:nil="true"></Country>
          <Fax xsi:nil="true"></Fax>
          <FreightTermsCode xsi:nil="true"></FreightTermsCode>
          <ImportSequenceNumber xsi:nil="true"></ImportSequenceNumber>
          <Latitude xsi:nil="true"></Latitude>
          <Line1 xsi:nil="true"></Line1>
          <Line2 xsi:nil="true"></Line2>
          <Line3 xsi:nil="true"></Line3>
          <Longitude xsi:nil="true"></Longitude>
          <Name xsi:nil="true"></Name>
          <PostalCode xsi:nil="true"></PostalCode>
          <PostOfficeBox xsi:nil="true"></PostOfficeBox>
          <PrimaryContactName xsi:nil="true"></PrimaryContactName>
          <ShippingMethodCode>1</ShippingMethodCode>
          <StateOrProvince xsi:nil="true"></StateOrProvince>
          <Telephone1 xsi:nil="true"></Telephone1>
          <Telephone2 xsi:nil="true"></Telephone2>
          <Telephone3 xsi:nil="true"></Telephone3>
          <TimeZoneRuleVersionNumber xsi:nil="true"></TimeZoneRuleVersionNumber>
          <UPSZone xsi:nil="true"></UPSZone>
          <UTCOffset xsi:nil="true"></UTCOffset>
          <UTCConversionTimeZoneCode xsi:nil="true"></UTCConversionTimeZoneCode>
        </Address>
        <Address>
          <AddressNumber>2</AddressNumber>
          <AddressTypeCode>1</AddressTypeCode>
          <City xsi:nil="true"></City>
          <County xsi:nil="true"></County>
          <Country xsi:nil="true"></Country>
          <Fax xsi:nil="true"></Fax>
          <FreightTermsCode xsi:nil="true"></FreightTermsCode>
          <ImportSequenceNumber xsi:nil="true"></ImportSequenceNumber>
          <Latitude xsi:nil="true"></Latitude>
          <Line1 xsi:nil="true"></Line1>
          <Line2 xsi:nil="true"></Line2>
          <Line3 xsi:nil="true"></Line3>
          <Longitude xsi:nil="true"></Longitude>
          <Name xsi:nil="true"></Name>
          <PostalCode xsi:nil="true"></PostalCode>
          <PostOfficeBox xsi:nil="true"></PostOfficeBox>
          <PrimaryContactName xsi:nil="true"></PrimaryContactName>
          <ShippingMethodCode>1</ShippingMethodCode>
          <StateOrProvince xsi:nil="true"></StateOrProvince>
          <Telephone1 xsi:nil="true"></Telephone1>
          <Telephone2 xsi:nil="true"></Telephone2>
          <Telephone3 xsi:nil="true"></Telephone3>
          <TimeZoneRuleVersionNumber xsi:nil="true"></TimeZoneRuleVersionNumber>
          <UPSZone xsi:nil="true"></UPSZone>
          <UTCOffset xsi:nil="true"></UTCOffset>
          <UTCConversionTimeZoneCode xsi:nil="true"></UTCConversionTimeZoneCode>
        </Address>
      </Addresses>
    </Publisher>
    <RootComponents>
      <RootComponent type="1" schemaName="mpa_installtemplatebatchprocess" behavior="0" />
      <RootComponent type="1" schemaName="mpa_installtemplatebatchprocessitem" behavior="0" />
      <RootComponent type="1" schemaName="new_saptemplatesyncdomain" behavior="0" />
      <RootComponent type="9" schemaName="mpa_installtemplatebatchtype" behavior="0" />
      <RootComponent type="29" id="{0be5c436-aac6-ee11-9079-000d3a33d5a1}" behavior="0" />
      <RootComponent type="29" id="{801d4fb4-90b0-ee11-a569-00224825b0d2}" behavior="0" />
    </RootComponents>
    <MissingDependencies>
      <MissingDependency>
        <Required type="1" schemaName="mpa_saplistofvalue" displayName="SAP List of Value" solution="Active" />
        <Dependent type="29" displayName="InstallTemplateSAPDropDownSync" id="{801d4fb4-90b0-ee11-a569-00224825b0d2}" />
      </MissingDependency>
      <MissingDependency>
        <Required type="1" schemaName="msdyn_dataflow" displayName="Dataflow" solution="DataflowSolution (1.0.0.34)" />
        <Dependent type="29" displayName="InstallTemplateSAPDropDownSyncBatchRun" id="{0be5c436-aac6-ee11-9079-000d3a33d5a1}" />
      </MissingDependency>
      <MissingDependency>
        <Required type="1" schemaName="msdyn_dataflow" displayName="Dataflow" solution="DataflowSolution (1.0.0.34)" />
        <Dependent type="29" displayName="InstallTemplateSAPDropDownSync" id="{801d4fb4-90b0-ee11-a569-00224825b0d2}" />
      </MissingDependency>
      <MissingDependency>
        <Required type="connectionreference" displayName="mpa_sharedcommondataserviceforapps_fadb4" solution="Active" id.connectionreferencelogicalname="mpa_sharedcommondataserviceforapps_fadb4" />
        <Dependent type="29" displayName="InstallTemplateSAPDropDownSyncBatchRun" id="{0be5c436-aac6-ee11-9079-000d3a33d5a1}" />
      </MissingDependency>
      <MissingDependency>
        <Required type="connectionreference" displayName="mpa_sharedcommondataserviceforapps_fadb4" solution="Active" id.connectionreferencelogicalname="mpa_sharedcommondataserviceforapps_fadb4" />
        <Dependent type="29" displayName="InstallTemplateSAPDropDownSync" id="{801d4fb4-90b0-ee11-a569-00224825b0d2}" />
      </MissingDependency>
      <MissingDependency>
        <Required type="connectionreference" displayName="mpa_sharedoffice365users_f61b7" solution="Active" id.connectionreferencelogicalname="mpa_sharedoffice365users_f61b7" />
        <Dependent type="29" displayName="InstallTemplateSAPDropDownSyncBatchRun" id="{0be5c436-aac6-ee11-9079-000d3a33d5a1}" />
      </MissingDependency>
      <MissingDependency>
        <Required type="EnvironmentVariableDefinition" displayName="mpa_SAPApplicationServer" solution="Active" id.schemaname="mpa_SAPApplicationServer" />
        <Dependent type="29" displayName="InstallTemplateSAPDropDownSync" id="{801d4fb4-90b0-ee11-a569-00224825b0d2}" />
      </MissingDependency>
    </MissingDependencies>
  </SolutionManifest>
</ImportExportXml>