<powerpagecomponent powerpagecomponentid="21afe5a0-fdea-44ba-99a7-83a704bfee0b">
  <content>{"display_name":"Account/Sign In/Username Label","type":756150000,"value":"Username"}</content>
  <iscustomizable>1</iscustomizable>
  <name>Account/Sign In/Username Label</name>
  <powerpagecomponenttype>7</powerpagecomponenttype>
  <powerpagesiteid>
    <powerpagesiteid>99af4f03-6a66-4c36-963b-164265f26ce8</powerpagesiteid>
  </powerpagesiteid>
  <powerpagesitelanguageid>
    <powerpagesitelanguageid>732bd198-dcfc-406a-8b9e-0375589318f3</powerpagesitelanguageid>
  </powerpagesitelanguageid>
  <statecode>0</statecode>
  <statuscode>1</statuscode>
</powerpagecomponent>