<botcomponent schemaname="mpa_LeaveManagement.topic.ApproveRejectViewLeaveRequests">
  <componenttype>9</componenttype>
  <description>Provides capability to Managers to view, approve, and reject the leave requests of his/her direct reports.</description>
  <iscustomizable>1</iscustomizable>
  <name>Approve/Reject/View Leave Requests</name>
  <parentbotid>
    <schemaname>mpa_LeaveManagement</schemaname>
  </parentbotid>
  <statecode>0</statecode>
  <statuscode>1</statuscode>
</botcomponent>