<powerpagecomponent powerpagecomponentid="ef5cf902-10e4-4d1b-ae01-1efc67e6a0cd">
  <content>{"display_name":"Account/Change Email/Email Label","type":756150000,"value":"E-mail"}</content>
  <iscustomizable>1</iscustomizable>
  <name>Account/ChangeEmail/EmailLabel</name>
  <powerpagecomponenttype>7</powerpagecomponenttype>
  <powerpagesiteid>
    <powerpagesiteid>99af4f03-6a66-4c36-963b-164265f26ce8</powerpagesiteid>
  </powerpagesiteid>
  <powerpagesitelanguageid>
    <powerpagesitelanguageid>732bd198-dcfc-406a-8b9e-0375589318f3</powerpagesitelanguageid>
  </powerpagesitelanguageid>
  <statecode>0</statecode>
  <statuscode>1</statuscode>
</powerpagecomponent>