<powerpagecomponent powerpagecomponentid="4bf6de22-db77-47f6-97d3-05a68fc5d8ce">
  <content>{"display_name":"Account/Signin/Minor Without Parental Consent Not Allowed Copy","type":756150001,"value":"&lt;p&gt;The use of this portal by minors requires parental consent.&lt;/p&gt;"}</content>
  <iscustomizable>1</iscustomizable>
  <name>Account/Signin/MinorWithoutParentalConsentNotAllowedCopy</name>
  <powerpagecomponenttype>7</powerpagecomponenttype>
  <powerpagesiteid>
    <powerpagesiteid>99af4f03-6a66-4c36-963b-164265f26ce8</powerpagesiteid>
  </powerpagesiteid>
  <powerpagesitelanguageid>
    <powerpagesitelanguageid>732bd198-dcfc-406a-8b9e-0375589318f3</powerpagesitelanguageid>
  </powerpagesitelanguageid>
  <statecode>0</statecode>
  <statuscode>1</statuscode>
</powerpagecomponent>