<botcomponent schemaname="cr23a_81d6b2b2-66b0-4dfb-b96b-bf0d347f1e22.topic.OnError">
  <componenttype>9</componenttype>
  <description>This system topic triggers when the bot encounters an error. When using the test chat pane, the full error description is displayed.</description>
  <iscustomizable>0</iscustomizable>
  <name>On Error</name>
  <parentbotid>
    <schemaname>cr23a_81d6b2b2-66b0-4dfb-b96b-bf0d347f1e22</schemaname>
  </parentbotid>
  <statecode>0</statecode>
  <statuscode>1</statuscode>
</botcomponent>