<powerpagecomponent powerpagecomponentid="bf08d631-b3a3-4006-81fb-43b1c2d709aa">
  <content>{"disablepagevalidation":false,"displayimageonly":false,"displayorder":1,"displaypagechildlinks":false,"openinnewwindow":false,"pageid":"e62107e8-cbf0-470c-83a8-3d915d1dc8a6","publishingstateid":"9137c988-52cc-46f0-8cea-e558f5887e5f","robotsfollowlink":true,"weblinksetid":"b3c0ccb5-a0f5-4306-8741-78727b519c8e"}</content>
  <iscustomizable>1</iscustomizable>
  <name>Profile</name>
  <powerpagecomponenttype>5</powerpagecomponenttype>
  <powerpagesiteid>
    <powerpagesiteid>99af4f03-6a66-4c36-963b-164265f26ce8</powerpagesiteid>
  </powerpagesiteid>
  <statecode>0</statecode>
  <statuscode>1</statuscode>
</powerpagecomponent>