<ImportExportXml version="9.2.24112.218" SolutionPackageVersion="9.2" languagecode="1033" generatedBy="CrmLive" xmlns:xsi="http://www.w3.org/2001/XMLSchema-instance" OrganizationVersion="9.2.24112.218" OrganizationSchemaType="Standard" CRMServerServiceabilityVersion="9.2.24112.00220">
  <SolutionManifest>
    <UniqueName>mpa_AwardsRecognitionApp</UniqueName>
    <LocalizedNames>
      <LocalizedName description="Awards &amp; Recognition App" languagecode="1033" />
    </LocalizedNames>
    <Descriptions>
      <Description description="The Awards and Recognition template makes it easy to set up and facilitate an employee awards program. Employees nominate coworkers and teams and to track their own recognitions. " languagecode="1033" />
    </Descriptions>
    <Version>1.0.0.2</Version>
    <Managed>1</Managed>
    <Publisher>
      <UniqueName>PowerAccelerator</UniqueName>
      <LocalizedNames>
        <LocalizedName description="Microsoft Power Accelerator" languagecode="1033" />
      </LocalizedNames>
      <Descriptions>
        <Description description="Publisher for the Microsoft Power Accelerator team." languagecode="1033" />
      </Descriptions>
      <EMailAddress xsi:nil="true"></EMailAddress>
      <SupportingWebsiteUrl xsi:nil="true"></SupportingWebsiteUrl>
      <CustomizationPrefix>mpa</CustomizationPrefix>
      <CustomizationOptionValuePrefix>86542</CustomizationOptionValuePrefix>
      <Addresses>
        <Address>
          <AddressNumber>1</AddressNumber>
          <AddressTypeCode>1</AddressTypeCode>
          <City xsi:nil="true"></City>
          <County xsi:nil="true"></County>
          <Country xsi:nil="true"></Country>
          <Fax xsi:nil="true"></Fax>
          <FreightTermsCode xsi:nil="true"></FreightTermsCode>
          <ImportSequenceNumber xsi:nil="true"></ImportSequenceNumber>
          <Latitude xsi:nil="true"></Latitude>
          <Line1 xsi:nil="true"></Line1>
          <Line2 xsi:nil="true"></Line2>
          <Line3 xsi:nil="true"></Line3>
          <Longitude xsi:nil="true"></Longitude>
          <Name xsi:nil="true"></Name>
          <PostalCode xsi:nil="true"></PostalCode>
          <PostOfficeBox xsi:nil="true"></PostOfficeBox>
          <PrimaryContactName xsi:nil="true"></PrimaryContactName>
          <ShippingMethodCode>1</ShippingMethodCode>
          <StateOrProvince xsi:nil="true"></StateOrProvince>
          <Telephone1 xsi:nil="true"></Telephone1>
          <Telephone2 xsi:nil="true"></Telephone2>
          <Telephone3 xsi:nil="true"></Telephone3>
          <TimeZoneRuleVersionNumber xsi:nil="true"></TimeZoneRuleVersionNumber>
          <UPSZone xsi:nil="true"></UPSZone>
          <UTCOffset xsi:nil="true"></UTCOffset>
          <UTCConversionTimeZoneCode xsi:nil="true"></UTCConversionTimeZoneCode>
        </Address>
        <Address>
          <AddressNumber>2</AddressNumber>
          <AddressTypeCode>1</AddressTypeCode>
          <City xsi:nil="true"></City>
          <County xsi:nil="true"></County>
          <Country xsi:nil="true"></Country>
          <Fax xsi:nil="true"></Fax>
          <FreightTermsCode xsi:nil="true"></FreightTermsCode>
          <ImportSequenceNumber xsi:nil="true"></ImportSequenceNumber>
          <Latitude xsi:nil="true"></Latitude>
          <Line1 xsi:nil="true"></Line1>
          <Line2 xsi:nil="true"></Line2>
          <Line3 xsi:nil="true"></Line3>
          <Longitude xsi:nil="true"></Longitude>
          <Name xsi:nil="true"></Name>
          <PostalCode xsi:nil="true"></PostalCode>
          <PostOfficeBox xsi:nil="true"></PostOfficeBox>
          <PrimaryContactName xsi:nil="true"></PrimaryContactName>
          <ShippingMethodCode>1</ShippingMethodCode>
          <StateOrProvince xsi:nil="true"></StateOrProvince>
          <Telephone1 xsi:nil="true"></Telephone1>
          <Telephone2 xsi:nil="true"></Telephone2>
          <Telephone3 xsi:nil="true"></Telephone3>
          <TimeZoneRuleVersionNumber xsi:nil="true"></TimeZoneRuleVersionNumber>
          <UPSZone xsi:nil="true"></UPSZone>
          <UTCOffset xsi:nil="true"></UTCOffset>
          <UTCConversionTimeZoneCode xsi:nil="true"></UTCConversionTimeZoneCode>
        </Address>
      </Addresses>
    </Publisher>
    <RootComponents>
      <RootComponent type="300" schemaName="mpa_AwardsAndRecognitionApp" behavior="0" />
    </RootComponents>
    <MissingDependencies>
      <MissingDependency>
        <Required type="1" schemaName="mpa_award" displayName="Award" solution="Active" />
        <Dependent type="300" schemaName="mpa_AwardsAndRecognitionApp" displayName="Awards &amp; Recognition App" />
      </MissingDependency>
      <MissingDependency>
        <Required type="1" schemaName="mpa_awardassessmentratings" displayName="Award Assessment Rating" solution="Active" />
        <Dependent type="300" schemaName="mpa_AwardsAndRecognitionApp" displayName="Awards &amp; Recognition App" />
      </MissingDependency>
      <MissingDependency>
        <Required type="1" schemaName="mpa_group" displayName="Group" solution="Active" />
        <Dependent type="300" schemaName="mpa_AwardsAndRecognitionApp" displayName="Awards &amp; Recognition App" />
      </MissingDependency>
      <MissingDependency>
        <Required type="1" schemaName="mpa_groupmember" displayName="Group Member" solution="Active" />
        <Dependent type="300" schemaName="mpa_AwardsAndRecognitionApp" displayName="Awards &amp; Recognition App" />
      </MissingDependency>
      <MissingDependency>
        <Required type="1" schemaName="mpa_nominateduser" displayName="Nominated User" solution="Active" />
        <Dependent type="300" schemaName="mpa_AwardsAndRecognitionApp" displayName="Awards &amp; Recognition App" />
      </MissingDependency>
      <MissingDependency>
        <Required type="1" schemaName="mpa_nomination" displayName="Nomination" solution="Active" />
        <Dependent type="300" schemaName="mpa_AwardsAndRecognitionApp" displayName="Awards &amp; Recognition App" />
      </MissingDependency>
      <MissingDependency>
        <Required type="1" schemaName="mpa_nominationperiod" displayName="Nomination Period" solution="Active" />
        <Dependent type="300" schemaName="mpa_AwardsAndRecognitionApp" displayName="Awards &amp; Recognition App" />
      </MissingDependency>
      <MissingDependency>
        <Required type="1" schemaName="mpa_nominationrating" displayName="Nomination Rating" solution="Active" />
        <Dependent type="300" schemaName="mpa_AwardsAndRecognitionApp" displayName="Awards &amp; Recognition App" />
      </MissingDependency>
    </MissingDependencies>
  </SolutionManifest>
</ImportExportXml>