<powerpagecomponent powerpagecomponentid="8c0fd923-c672-42cb-839a-889529fed820">
  <content>{"display_name":"Portal Generic Error","type":756150000,"value":"We are sorry, but seems something went wrong. Please try again, and if this persists, contact the website administrator."}</content>
  <iscustomizable>1</iscustomizable>
  <name>Portal Generic Error</name>
  <powerpagecomponenttype>7</powerpagecomponenttype>
  <powerpagesiteid>
    <powerpagesiteid>99af4f03-6a66-4c36-963b-164265f26ce8</powerpagesiteid>
  </powerpagesiteid>
  <powerpagesitelanguageid>
    <powerpagesitelanguageid>732bd198-dcfc-406a-8b9e-0375589318f3</powerpagesitelanguageid>
  </powerpagesitelanguageid>
  <statecode>0</statecode>
  <statuscode>1</statuscode>
</powerpagecomponent>