﻿<?xml version="1.0" encoding="utf-8"?>
<ImportExportXml version="9.2.24041.216" SolutionPackageVersion="9.2" languagecode="1033" generatedBy="CrmLive" xmlns:xsi="http://www.w3.org/2001/XMLSchema-instance">
  <SolutionManifest>
    <UniqueName>mpa_ExpenseReimbursement</UniqueName>
    <LocalizedNames>
      <LocalizedName description="Expense Reimbursement" languagecode="1033" />
    </LocalizedNames>
    <Descriptions />
    <Version>1.0.0.0</Version>
    <Managed>0</Managed>
    <Publisher>
      <UniqueName>Power_Apps_Innovation_Center</UniqueName>
      <LocalizedNames>
        <LocalizedName description="Power Apps Innovation Center" languagecode="1033" />
      </LocalizedNames>
      <Descriptions>
        <Description description="Publisher for the Power Apps Innovation Center team" languagecode="1033" />
      </Descriptions>
      <EMailAddress xsi:nil="true"></EMailAddress>
      <SupportingWebsiteUrl xsi:nil="true"></SupportingWebsiteUrl>
      <CustomizationPrefix>mpa</CustomizationPrefix>
      <CustomizationOptionValuePrefix>86542</CustomizationOptionValuePrefix>
      <Addresses>
        <Address>
          <AddressNumber>1</AddressNumber>
          <AddressTypeCode>1</AddressTypeCode>
          <City xsi:nil="true"></City>
          <County xsi:nil="true"></County>
          <Country xsi:nil="true"></Country>
          <Fax xsi:nil="true"></Fax>
          <FreightTermsCode xsi:nil="true"></FreightTermsCode>
          <ImportSequenceNumber xsi:nil="true"></ImportSequenceNumber>
          <Latitude xsi:nil="true"></Latitude>
          <Line1 xsi:nil="true"></Line1>
          <Line2 xsi:nil="true"></Line2>
          <Line3 xsi:nil="true"></Line3>
          <Longitude xsi:nil="true"></Longitude>
          <Name xsi:nil="true"></Name>
          <PostalCode xsi:nil="true"></PostalCode>
          <PostOfficeBox xsi:nil="true"></PostOfficeBox>
          <PrimaryContactName xsi:nil="true"></PrimaryContactName>
          <ShippingMethodCode>1</ShippingMethodCode>
          <StateOrProvince xsi:nil="true"></StateOrProvince>
          <Telephone1 xsi:nil="true"></Telephone1>
          <Telephone2 xsi:nil="true"></Telephone2>
          <Telephone3 xsi:nil="true"></Telephone3>
          <TimeZoneRuleVersionNumber xsi:nil="true"></TimeZoneRuleVersionNumber>
          <UPSZone xsi:nil="true"></UPSZone>
          <UTCOffset xsi:nil="true"></UTCOffset>
          <UTCConversionTimeZoneCode xsi:nil="true"></UTCConversionTimeZoneCode>
        </Address>
        <Address>
          <AddressNumber>2</AddressNumber>
          <AddressTypeCode>1</AddressTypeCode>
          <City xsi:nil="true"></City>
          <County xsi:nil="true"></County>
          <Country xsi:nil="true"></Country>
          <Fax xsi:nil="true"></Fax>
          <FreightTermsCode xsi:nil="true"></FreightTermsCode>
          <ImportSequenceNumber xsi:nil="true"></ImportSequenceNumber>
          <Latitude xsi:nil="true"></Latitude>
          <Line1 xsi:nil="true"></Line1>
          <Line2 xsi:nil="true"></Line2>
          <Line3 xsi:nil="true"></Line3>
          <Longitude xsi:nil="true"></Longitude>
          <Name xsi:nil="true"></Name>
          <PostalCode xsi:nil="true"></PostalCode>
          <PostOfficeBox xsi:nil="true"></PostOfficeBox>
          <PrimaryContactName xsi:nil="true"></PrimaryContactName>
          <ShippingMethodCode>1</ShippingMethodCode>
          <StateOrProvince xsi:nil="true"></StateOrProvince>
          <Telephone1 xsi:nil="true"></Telephone1>
          <Telephone2 xsi:nil="true"></Telephone2>
          <Telephone3 xsi:nil="true"></Telephone3>
          <TimeZoneRuleVersionNumber xsi:nil="true"></TimeZoneRuleVersionNumber>
          <UPSZone xsi:nil="true"></UPSZone>
          <UTCOffset xsi:nil="true"></UTCOffset>
          <UTCConversionTimeZoneCode xsi:nil="true"></UTCConversionTimeZoneCode>
        </Address>
      </Addresses>
    </Publisher>
    <RootComponents>
      <RootComponent type="1" schemaName="mpa_reimbursementappsettings" behavior="0" />
      <RootComponent type="1" schemaName="mpa_reimbursementattachment" behavior="0" />
      <RootComponent type="1" schemaName="mpa_reimbursementcategory" behavior="0" />
      <RootComponent type="1" schemaName="mpa_reimbursementprocess" behavior="0" />
      <RootComponent type="1" schemaName="mpa_reimbursementprogram" behavior="0" />
      <RootComponent type="1" schemaName="mpa_reimbursementrequest" behavior="0" />
      <RootComponent type="1" schemaName="mpa_reimbursementsubcategory" behavior="0" />
      <RootComponent type="1" schemaName="team" behavior="1" />
      <RootComponent type="20" id="{0faae2a5-ed97-ee11-be37-00224805c33a}" behavior="0" />
      <RootComponent type="20" id="{d5cb04b6-f697-ee11-be37-00224805c33a}" behavior="0" />
      <RootComponent type="29" id="{259c6562-488f-ee11-8179-0022480461f7}" behavior="0" />
      <RootComponent type="29" id="{3f70d756-96d0-ee11-9079-0022480461f7}" behavior="0" />
      <RootComponent type="29" id="{bd0292ae-e7d5-ee11-9079-00224805c33a}" behavior="0" />
      <RootComponent type="29" id="{d84ed7fb-a5d0-ee11-9079-00224805c837}" behavior="0" />
      <RootComponent type="300" schemaName="mpa_expensereimbursement_3df60" behavior="0" />
      <RootComponent type="60" id="{92186161-fad5-ee11-9079-0022480461f7}" behavior="0" />
      <RootComponent type="60" id="{a1acefd3-1bac-ee11-be37-00224805c33a}" behavior="0" />
      <RootComponent type="61" schemaName="mpa_ExpenseReimbursementLogo" behavior="0" />
      <RootComponent type="61" schemaName="mpa_reimbursementattachment" behavior="0" />
      <RootComponent type="61" schemaName="mpa_reimbursementcategory" behavior="0" />
      <RootComponent type="61" schemaName="mpa_reimbursementprogram" behavior="0" />
      <RootComponent type="61" schemaName="mpa_reimbursementrequest" behavior="0" />
      <RootComponent type="61" schemaName="mpa_subcategories_32" behavior="0" />
      <RootComponent type="61" schemaName="msdyn_/Icons/AnalysisComponent.svg" behavior="0" />
      <RootComponent type="62" schemaName="mpa_expensereimbursement" behavior="0" />
      <RootComponent type="62" schemaName="mpa_refundrequestadministrator" behavior="0" />
      <RootComponent type="80" schemaName="mpa_refundrequestadministrator" behavior="0" />
      <RootComponent type="9" schemaName="mpa_currentstage" behavior="0" />
      <RootComponent type="9" schemaName="mpa_paymentstatus" behavior="0" />
      <RootComponent type="9" schemaName="mpa_requeststatus" behavior="0" />
      <RootComponent type="9" schemaName="processstage_category" behavior="0" />
    </RootComponents>
    <MissingDependencies>
      <MissingDependency>
        <Required type="1" schemaName="mpa_eelocalization" displayName="Employee Experience Localization" solution="mpa_EmployeeExperienceBase (1.0.0.19)" />
        <Dependent type="300" schemaName="mpa_expensereimbursement_3df60" displayName="Expense Reimbursement" />
      </MissingDependency>
      <MissingDependency>
        <Required type="1" schemaName="mpa_eelocalization" displayName="Employee Experience Localization" solution="mpa_EmployeeExperienceBase (1.0.0.19)" />
        <Dependent type="62" schemaName="mpa_expensereimbursement" />
      </MissingDependency>
      <MissingDependency>
        <Required type="1" schemaName="mpa_eelocalization" displayName="Employee Experience Localization" solution="mpa_EmployeeExperienceBase (1.0.0.19)" />
        <Dependent type="62" schemaName="mpa_refundrequestadministrator" />
      </MissingDependency>
      <MissingDependency>
        <Required type="1" schemaName="mpa_eelocalization" displayName="Employee Experience Localization" solution="mpa_EmployeeExperienceBase (1.0.0.19)" />
        <Dependent type="80" schemaName="mpa_refundrequestadministrator" displayName="Expense Reimbursement Administrator" />
      </MissingDependency>
      <MissingDependency>
        <Required type="1" schemaName="mpa_employeeexperienceerror" displayName="Employee Experience Error" solution="mpa_EmployeeExperienceBase (1.0.0.19)" />
        <Dependent type="29" displayName="New Request for Reimbursement Notification" id="{259c6562-488f-ee11-8179-0022480461f7}" />
      </MissingDependency>
      <MissingDependency>
        <Required type="1" schemaName="mpa_employeeexperienceerror" displayName="Employee Experience Error" solution="mpa_EmployeeExperienceBase (1.0.0.19)" />
        <Dependent type="29" displayName="Expense Reimbursement - Update Approval Status" id="{bd0292ae-e7d5-ee11-9079-00224805c33a}" />
      </MissingDependency>
      <MissingDependency>
        <Required type="1" schemaName="mpa_employeeexperienceerror" displayName="Employee Experience Error" solution="mpa_EmployeeExperienceBase (1.0.0.19)" />
        <Dependent type="300" schemaName="mpa_expensereimbursement_3df60" displayName="Expense Reimbursement" />
      </MissingDependency>
      <MissingDependency>
        <Required type="1" schemaName="mpa_employeeexperienceerror" displayName="Employee Experience Error" solution="mpa_EmployeeExperienceBase (1.0.0.19)" />
        <Dependent type="62" schemaName="mpa_expensereimbursement" />
      </MissingDependency>
      <MissingDependency>
        <Required type="1" schemaName="mpa_employeeexperienceerror" displayName="Employee Experience Error" solution="mpa_EmployeeExperienceBase (1.0.0.19)" />
        <Dependent type="62" schemaName="mpa_refundrequestadministrator" />
      </MissingDependency>
      <MissingDependency>
        <Required type="1" schemaName="mpa_employeeexperienceerror" displayName="Employee Experience Error" solution="mpa_EmployeeExperienceBase (1.0.0.19)" />
        <Dependent type="80" schemaName="mpa_refundrequestadministrator" displayName="Expense Reimbursement Administrator" />
      </MissingDependency>
      <MissingDependency>
        <Required type="1" schemaName="msdyn_aimodel" displayName="AI Model" solution="msdyn_AISolution (202404.1.3.6)">
          <package>msdyn_AISolutionAnchor (202404.1.3.6)</package>
        </Required>
        <Dependent type="300" schemaName="mpa_expensereimbursement_3df60" displayName="Expense Reimbursement" />
      </MissingDependency>
      <MissingDependency>
        <Required type="20" displayName="Power BI workspace viewer" solution="msft_PowerBI (1.0.0.80)" id="{a02e0e38-20c1-4046-becb-a5a48190fd6b}">
          <package>msft_PowerBI_Anchor (1.0.0.80)</package>
        </Required>
        <Dependent type="80" schemaName="mpa_refundrequestadministrator" displayName="Expense Reimbursement Administrator" />
      </MissingDependency>
      <MissingDependency>
        <Required type="20" displayName="Employee Experience Localization Reader" solution="mpa_EmployeeExperienceBase (1.0.0.19)" id="{b798943f-3df0-ed11-8849-0022480492d7}" />
        <Dependent type="80" schemaName="mpa_refundrequestadministrator" displayName="Expense Reimbursement Administrator" />
      </MissingDependency>
      <MissingDependency>
        <Required type="20" displayName="Employee Experience Localizer" solution="mpa_EmployeeExperienceBase (1.0.0.19)" id="{f8d39a04-3df0-ed11-8849-0022480492d7}" />
        <Dependent type="80" schemaName="mpa_refundrequestadministrator" displayName="Expense Reimbursement Administrator" />
      </MissingDependency>
      <MissingDependency>
        <Required type="61" schemaName="msdyn_/Icons/AnalysisComponent.svg" displayName="msdyn_/Icons/AnalysisComponent.svg" solution="msdyn_PowerAppsChecker (2.0.0.79)">
          <package>msdyn_PowerAppsCheckerAnchor (2.0.0.79)</package>
        </Required>
        <Dependent type="1" schemaName="mpa_reimbursementattachment" displayName="Expense Detail" />
      </MissingDependency>
      <MissingDependency>
        <Required type="61" schemaName="msdyn_/Icons/AnalysisComponent.svg" displayName="msdyn_/Icons/AnalysisComponent.svg" solution="msdyn_PowerAppsChecker (2.0.0.79)">
          <package>msdyn_PowerAppsCheckerAnchor (2.0.0.79)</package>
        </Required>
        <Dependent type="61" schemaName="msdyn_/Icons/AnalysisComponent.svg" displayName="msdyn_/Icons/AnalysisComponent.svg" />
      </MissingDependency>
    </MissingDependencies>
  </SolutionManifest>
</ImportExportXml>