<powerpagecomponent powerpagecomponentid="d98eb62f-cacf-45f4-80aa-ead2ad4aad9e">
  <content>{"display_name":"Browser Title Suffix","type":756150000,"value":"&amp;nbsp;· Supplier Portal"}</content>
  <iscustomizable>1</iscustomizable>
  <name>Browser Title Suffix</name>
  <powerpagecomponenttype>7</powerpagecomponenttype>
  <powerpagesiteid>
    <powerpagesiteid>99af4f03-6a66-4c36-963b-164265f26ce8</powerpagesiteid>
  </powerpagesiteid>
  <powerpagesitelanguageid>
    <powerpagesitelanguageid>732bd198-dcfc-406a-8b9e-0375589318f3</powerpagesitelanguageid>
  </powerpagesitelanguageid>
  <statecode>0</statecode>
  <statuscode>1</statuscode>
</powerpagecomponent>