<bot schemaname="cr23a_81d6b2b2-66b0-4dfb-b96b-bf0d347f1e22">
  <authenticationconfiguration>{"connectionName":"896530ce-0918-4c7e-a2bf-36dd85b967b1"}</authenticationconfiguration>
  <authenticationmode>4</authenticationmode>
  <authenticationtrigger>0</authenticationtrigger>
  <iscustomizable>1</iscustomizable>
  <language>1033</language>
  <name>Supplier Bot</name>
  <runtimeprovider>0</runtimeprovider>
  <synchronizationstatus>{
  "contentVersion": 2,
  "lastFinishedPublishOperation": {
    "operationStart": "2024-04-22T23:22:24.9488712Z",
    "operationEnd": "2024-04-22T23:22:55.6994132Z",
    "status": "Succeeded"
  },
  "currentSynchronizationState": {
    "botRegistration": {
      "applicationId": "8e6a4494-c428-4198-bd62-126b9b1d27e7",
      "isAppAvailableInTenant": true
    },
    "provisioningStatus": "Provisioned",
    "state": "Synchronized"
  },
  "lastSynchronizedOnUtc": "2024-04-22T23:23:18.8699771Z"
}</synchronizationstatus>
  <template>powerpages-1.0.0</template>
  <timezoneruleversionnumber>4</timezoneruleversionnumber>
</bot>