﻿<?xml version="1.0" encoding="utf-8"?>
<ImportExportXml version="9.2.23042.202" SolutionPackageVersion="9.2" languagecode="1033" generatedBy="CrmLive" xmlns:xsi="http://www.w3.org/2001/XMLSchema-instance">
  <SolutionManifest>
    <UniqueName>mpa_SAPProcurementAccelerator</UniqueName>
    <LocalizedNames>
      <LocalizedName description="SAP Procurement Accelerator" languagecode="1033" />
    </LocalizedNames>
    <Descriptions />
    <Version>1.0.0.40</Version>
    <Managed>1</Managed>
    <Publisher>
      <UniqueName>PowerAccelerator</UniqueName>
      <LocalizedNames>
        <LocalizedName description="Microsoft Power Accelerator" languagecode="1033" />
      </LocalizedNames>
      <Descriptions>
        <Description description="Publisher for the Microsoft Power Accelerator team." languagecode="1033" />
      </Descriptions>
      <EMailAddress xsi:nil="true"></EMailAddress>
      <SupportingWebsiteUrl xsi:nil="true"></SupportingWebsiteUrl>
      <CustomizationPrefix>mpa</CustomizationPrefix>
      <CustomizationOptionValuePrefix>86542</CustomizationOptionValuePrefix>
      <Addresses>
        <Address>
          <AddressNumber>1</AddressNumber>
          <AddressTypeCode>1</AddressTypeCode>
          <City xsi:nil="true"></City>
          <County xsi:nil="true"></County>
          <Country xsi:nil="true"></Country>
          <Fax xsi:nil="true"></Fax>
          <FreightTermsCode xsi:nil="true"></FreightTermsCode>
          <ImportSequenceNumber xsi:nil="true"></ImportSequenceNumber>
          <Latitude xsi:nil="true"></Latitude>
          <Line1 xsi:nil="true"></Line1>
          <Line2 xsi:nil="true"></Line2>
          <Line3 xsi:nil="true"></Line3>
          <Longitude xsi:nil="true"></Longitude>
          <Name xsi:nil="true"></Name>
          <PostalCode xsi:nil="true"></PostalCode>
          <PostOfficeBox xsi:nil="true"></PostOfficeBox>
          <PrimaryContactName xsi:nil="true"></PrimaryContactName>
          <ShippingMethodCode>1</ShippingMethodCode>
          <StateOrProvince xsi:nil="true"></StateOrProvince>
          <Telephone1 xsi:nil="true"></Telephone1>
          <Telephone2 xsi:nil="true"></Telephone2>
          <Telephone3 xsi:nil="true"></Telephone3>
          <TimeZoneRuleVersionNumber xsi:nil="true"></TimeZoneRuleVersionNumber>
          <UPSZone xsi:nil="true"></UPSZone>
          <UTCOffset xsi:nil="true"></UTCOffset>
          <UTCConversionTimeZoneCode xsi:nil="true"></UTCConversionTimeZoneCode>
        </Address>
        <Address>
          <AddressNumber>2</AddressNumber>
          <AddressTypeCode>1</AddressTypeCode>
          <City xsi:nil="true"></City>
          <County xsi:nil="true"></County>
          <Country xsi:nil="true"></Country>
          <Fax xsi:nil="true"></Fax>
          <FreightTermsCode xsi:nil="true"></FreightTermsCode>
          <ImportSequenceNumber xsi:nil="true"></ImportSequenceNumber>
          <Latitude xsi:nil="true"></Latitude>
          <Line1 xsi:nil="true"></Line1>
          <Line2 xsi:nil="true"></Line2>
          <Line3 xsi:nil="true"></Line3>
          <Longitude xsi:nil="true"></Longitude>
          <Name xsi:nil="true"></Name>
          <PostalCode xsi:nil="true"></PostalCode>
          <PostOfficeBox xsi:nil="true"></PostOfficeBox>
          <PrimaryContactName xsi:nil="true"></PrimaryContactName>
          <ShippingMethodCode>1</ShippingMethodCode>
          <StateOrProvince xsi:nil="true"></StateOrProvince>
          <Telephone1 xsi:nil="true"></Telephone1>
          <Telephone2 xsi:nil="true"></Telephone2>
          <Telephone3 xsi:nil="true"></Telephone3>
          <TimeZoneRuleVersionNumber xsi:nil="true"></TimeZoneRuleVersionNumber>
          <UPSZone xsi:nil="true"></UPSZone>
          <UTCOffset xsi:nil="true"></UTCOffset>
          <UTCConversionTimeZoneCode xsi:nil="true"></UTCConversionTimeZoneCode>
        </Address>
      </Addresses>
    </Publisher>
    <RootComponents>
      <RootComponent type="29" id="{0e9e01b5-6fe0-ed11-a7c6-002248049af9}" behavior="0" />
      <RootComponent type="29" id="{123f3ee5-72ef-ed11-8849-002248049b8b}" behavior="0" />
      <RootComponent type="29" id="{21bad89b-ba19-ed11-b83e-000d3a315c79}" behavior="0" />
      <RootComponent type="29" id="{28d8aacf-21e5-ed11-a7c6-002248049af9}" behavior="0" />
      <RootComponent type="29" id="{2e617526-6660-ed11-9562-000d3a34194b}" behavior="0" />
      <RootComponent type="29" id="{475f323d-40e8-ed11-a7c6-0022480492d7}" behavior="0" />
      <RootComponent type="29" id="{4a964bfd-ebd3-ed11-a7c7-002248049af9}" behavior="0" />
      <RootComponent type="29" id="{568e32c3-eee9-ed11-a7c5-002248049af9}" behavior="0" />
      <RootComponent type="29" id="{63f9fe91-8819-ed11-b83e-000d3a315c79}" behavior="0" />
      <RootComponent type="29" id="{69a219b2-78d5-ed11-a7c7-0022480492d7}" behavior="0" />
      <RootComponent type="29" id="{717e19c4-f0e5-ed11-a7c7-0022480492d7}" behavior="0" />
      <RootComponent type="29" id="{71c043f3-25d3-ed11-a7c7-0022480492d7}" behavior="0" />
      <RootComponent type="29" id="{87fed265-1f1f-ed11-b83e-000d3a5acccf}" behavior="0" />
      <RootComponent type="29" id="{89223cb2-6a60-ed11-9562-000d3a341930}" behavior="0" />
      <RootComponent type="29" id="{9304b186-f0e9-ed11-a7c5-002248049af9}" behavior="0" />
      <RootComponent type="29" id="{9df25ea5-81e0-ed11-a7c7-0022480492d7}" behavior="0" />
      <RootComponent type="29" id="{c7db5284-eae5-ed11-a7c7-0022480492d7}" behavior="0" />
      <RootComponent type="29" id="{cb4f0971-07d5-ed11-a7c7-0022480492d7}" behavior="0" />
      <RootComponent type="29" id="{e75d6437-f0e5-ed11-a7c7-0022480492d7}" behavior="0" />
      <RootComponent type="300" schemaName="mpa_sappurchaseorders_70e14" behavior="0" />
      <RootComponent type="300" schemaName="mpa_saprequisitionmanagement_f3a72" behavior="0" />
      <RootComponent type="300" schemaName="mpa_sapvendormanagement_42919" behavior="0" />
      <RootComponent type="61" schemaName="mpa_PurchaseOrdersMenuIcon" behavior="0" />
      <RootComponent type="61" schemaName="mpa_RequisitionsMenuIcon" behavior="0" />
      <RootComponent type="61" schemaName="mpa_VendorsMenuIcon" behavior="0" />
    </RootComponents>
    <MissingDependencies>
      <MissingDependency>
        <Required type="1" schemaName="mpa_sapacceleratorerror" displayName="SAP Accelerator Error" solution="Active" />
        <Dependent type="29" displayName="ReadGLAccountList" id="{0e9e01b5-6fe0-ed11-a7c6-002248049af9}" />
      </MissingDependency>
      <MissingDependency>
        <Required type="1" schemaName="mpa_sapacceleratorerror" displayName="SAP Accelerator Error" solution="Active" />
        <Dependent type="29" displayName="ReadMaterial" id="{123f3ee5-72ef-ed11-8849-002248049b8b}" />
      </MissingDependency>
      <MissingDependency>
        <Required type="1" schemaName="mpa_sapacceleratorerror" displayName="SAP Accelerator Error" solution="Active" />
        <Dependent type="29" displayName="ReadPurchaseOrderList" id="{21bad89b-ba19-ed11-b83e-000d3a315c79}" />
      </MissingDependency>
      <MissingDependency>
        <Required type="1" schemaName="mpa_sapacceleratorerror" displayName="SAP Accelerator Error" solution="Active" />
        <Dependent type="29" displayName="ReadMaterialList" id="{28d8aacf-21e5-ed11-a7c6-002248049af9}" />
      </MissingDependency>
      <MissingDependency>
        <Required type="1" schemaName="mpa_sapacceleratorerror" displayName="SAP Accelerator Error" solution="Active" />
        <Dependent type="29" displayName="CreateRequisition" id="{2e617526-6660-ed11-9562-000d3a34194b}" />
      </MissingDependency>
      <MissingDependency>
        <Required type="1" schemaName="mpa_sapacceleratorerror" displayName="SAP Accelerator Error" solution="Active" />
        <Dependent type="29" displayName="ApprovePurchaseOrder" id="{475f323d-40e8-ed11-a7c6-0022480492d7}" />
      </MissingDependency>
      <MissingDependency>
        <Required type="1" schemaName="mpa_sapacceleratorerror" displayName="SAP Accelerator Error" solution="Active" />
        <Dependent type="29" displayName="ReadVendor" id="{4a964bfd-ebd3-ed11-a7c7-002248049af9}" />
      </MissingDependency>
      <MissingDependency>
        <Required type="1" schemaName="mpa_sapacceleratorerror" displayName="SAP Accelerator Error" solution="Active" />
        <Dependent type="29" displayName="ReadPurchaseOrder" id="{568e32c3-eee9-ed11-a7c5-002248049af9}" />
      </MissingDependency>
      <MissingDependency>
        <Required type="1" schemaName="mpa_sapacceleratorerror" displayName="SAP Accelerator Error" solution="Active" />
        <Dependent type="29" displayName="ReadVendorList" id="{63f9fe91-8819-ed11-b83e-000d3a315c79}" />
      </MissingDependency>
      <MissingDependency>
        <Required type="1" schemaName="mpa_sapacceleratorerror" displayName="SAP Accelerator Error" solution="Active" />
        <Dependent type="29" displayName="ReadRequisitionList" id="{69a219b2-78d5-ed11-a7c7-0022480492d7}" />
      </MissingDependency>
      <MissingDependency>
        <Required type="1" schemaName="mpa_sapacceleratorerror" displayName="SAP Accelerator Error" solution="Active" />
        <Dependent type="29" displayName="ReadRequisition" id="{717e19c4-f0e5-ed11-a7c7-0022480492d7}" />
      </MissingDependency>
      <MissingDependency>
        <Required type="1" schemaName="mpa_sapacceleratorerror" displayName="SAP Accelerator Error" solution="Active" />
        <Dependent type="29" displayName="CreateVendor" id="{71c043f3-25d3-ed11-a7c7-0022480492d7}" />
      </MissingDependency>
      <MissingDependency>
        <Required type="1" schemaName="mpa_sapacceleratorerror" displayName="SAP Accelerator Error" solution="Active" />
        <Dependent type="29" displayName="UpdatePurchaseOrder" id="{87fed265-1f1f-ed11-b83e-000d3a5acccf}" />
      </MissingDependency>
      <MissingDependency>
        <Required type="1" schemaName="mpa_sapacceleratorerror" displayName="SAP Accelerator Error" solution="Active" />
        <Dependent type="29" displayName="UpdateRequisition" id="{89223cb2-6a60-ed11-9562-000d3a341930}" />
      </MissingDependency>
      <MissingDependency>
        <Required type="1" schemaName="mpa_sapacceleratorerror" displayName="SAP Accelerator Error" solution="Active" />
        <Dependent type="29" displayName="CreatePurchaseOrder" id="{9304b186-f0e9-ed11-a7c5-002248049af9}" />
      </MissingDependency>
      <MissingDependency>
        <Required type="1" schemaName="mpa_sapacceleratorerror" displayName="SAP Accelerator Error" solution="Active" />
        <Dependent type="29" displayName="ReadGLAccount" id="{9df25ea5-81e0-ed11-a7c7-0022480492d7}" />
      </MissingDependency>
      <MissingDependency>
        <Required type="1" schemaName="mpa_sapacceleratorerror" displayName="SAP Accelerator Error" solution="Active" />
        <Dependent type="29" displayName="CreateGoodsReceipt" id="{c7db5284-eae5-ed11-a7c7-0022480492d7}" />
      </MissingDependency>
      <MissingDependency>
        <Required type="1" schemaName="mpa_sapacceleratorerror" displayName="SAP Accelerator Error" solution="Active" />
        <Dependent type="29" displayName="UpdateVendor" id="{cb4f0971-07d5-ed11-a7c7-0022480492d7}" />
      </MissingDependency>
      <MissingDependency>
        <Required type="1" schemaName="mpa_sapacceleratorerror" displayName="SAP Accelerator Error" solution="Active" />
        <Dependent type="29" displayName="ConvertRequisitionToPurchaseOrder" id="{e75d6437-f0e5-ed11-a7c7-0022480492d7}" />
      </MissingDependency>
      <MissingDependency>
        <Required type="1" schemaName="mpa_sapacceleratorerror" displayName="SAP Accelerator Error" solution="Active" />
        <Dependent type="300" schemaName="mpa_sappurchaseorders_70e14" displayName="SAP Purchase Orders" />
      </MissingDependency>
      <MissingDependency>
        <Required type="1" schemaName="mpa_sapacceleratorerror" displayName="SAP Accelerator Error" solution="Active" />
        <Dependent type="300" schemaName="mpa_saprequisitionmanagement_f3a72" displayName="SAP Requisition Management" />
      </MissingDependency>
      <MissingDependency>
        <Required type="1" schemaName="mpa_sapacceleratorerror" displayName="SAP Accelerator Error" solution="Active" />
        <Dependent type="300" schemaName="mpa_sapvendormanagement_42919" displayName="SAP Vendor Management" />
      </MissingDependency>
      <MissingDependency>
        <Required type="1" schemaName="mpa_sapacceleratorlistofvalue" displayName="SAP Accelerator List of Value" solution="Active" />
        <Dependent type="300" schemaName="mpa_sappurchaseorders_70e14" displayName="SAP Purchase Orders" />
      </MissingDependency>
      <MissingDependency>
        <Required type="1" schemaName="mpa_sapacceleratorlistofvalue" displayName="SAP Accelerator List of Value" solution="Active" />
        <Dependent type="300" schemaName="mpa_saprequisitionmanagement_f3a72" displayName="SAP Requisition Management" />
      </MissingDependency>
      <MissingDependency>
        <Required type="1" schemaName="mpa_sapacceleratorlistofvalue" displayName="SAP Accelerator List of Value" solution="Active" />
        <Dependent type="300" schemaName="mpa_sapvendormanagement_42919" displayName="SAP Vendor Management" />
      </MissingDependency>
      <MissingDependency>
        <Required type="1" schemaName="mpa_sapacceleratorlocalization" displayName="SAP Accelerator Localization" solution="Active" />
        <Dependent type="300" schemaName="mpa_sappurchaseorders_70e14" displayName="SAP Purchase Orders" />
      </MissingDependency>
      <MissingDependency>
        <Required type="1" schemaName="mpa_sapacceleratorlocalization" displayName="SAP Accelerator Localization" solution="Active" />
        <Dependent type="300" schemaName="mpa_saprequisitionmanagement_f3a72" displayName="SAP Requisition Management" />
      </MissingDependency>
      <MissingDependency>
        <Required type="1" schemaName="mpa_sapacceleratorlocalization" displayName="SAP Accelerator Localization" solution="Active" />
        <Dependent type="300" schemaName="mpa_sapvendormanagement_42919" displayName="SAP Vendor Management" />
      </MissingDependency>
      <MissingDependency>
        <Required type="1" schemaName="mpa_sapacceleratormenuitem" displayName="SAP Accelerator Menu Item" solution="Active" />
        <Dependent type="300" schemaName="mpa_sappurchaseorders_70e14" displayName="SAP Purchase Orders" />
      </MissingDependency>
      <MissingDependency>
        <Required type="1" schemaName="mpa_sapacceleratormenuitem" displayName="SAP Accelerator Menu Item" solution="Active" />
        <Dependent type="300" schemaName="mpa_saprequisitionmanagement_f3a72" displayName="SAP Requisition Management" />
      </MissingDependency>
      <MissingDependency>
        <Required type="1" schemaName="mpa_sapacceleratormenuitem" displayName="SAP Accelerator Menu Item" solution="Active" />
        <Dependent type="300" schemaName="mpa_sapvendormanagement_42919" displayName="SAP Vendor Management" />
      </MissingDependency>
      <MissingDependency>
        <Required type="1" schemaName="mpa_sapacceleratorsearchhistory" displayName="SAP Accelerator Search History" solution="Active" />
        <Dependent type="300" schemaName="mpa_sappurchaseorders_70e14" displayName="SAP Purchase Orders" />
      </MissingDependency>
      <MissingDependency>
        <Required type="1" schemaName="mpa_sapacceleratorsearchhistory" displayName="SAP Accelerator Search History" solution="Active" />
        <Dependent type="300" schemaName="mpa_saprequisitionmanagement_f3a72" displayName="SAP Requisition Management" />
      </MissingDependency>
      <MissingDependency>
        <Required type="1" schemaName="mpa_sapacceleratorsearchhistory" displayName="SAP Accelerator Search History" solution="Active" />
        <Dependent type="300" schemaName="mpa_sapvendormanagement_42919" displayName="SAP Vendor Management" />
      </MissingDependency>
      <MissingDependency>
        <Required type="EnvironmentVariableDefinition" displayName="mpa_SAPApplicationServer" solution="Active" id.schemaname="mpa_SAPApplicationServer" />
        <Dependent type="29" displayName="ReadGLAccountList" id="{0e9e01b5-6fe0-ed11-a7c6-002248049af9}" />
      </MissingDependency>
      <MissingDependency>
        <Required type="EnvironmentVariableDefinition" displayName="mpa_SAPApplicationServer" solution="Active" id.schemaname="mpa_SAPApplicationServer" />
        <Dependent type="29" displayName="ReadMaterial" id="{123f3ee5-72ef-ed11-8849-002248049b8b}" />
      </MissingDependency>
      <MissingDependency>
        <Required type="EnvironmentVariableDefinition" displayName="mpa_SAPApplicationServer" solution="Active" id.schemaname="mpa_SAPApplicationServer" />
        <Dependent type="29" displayName="ReadPurchaseOrderList" id="{21bad89b-ba19-ed11-b83e-000d3a315c79}" />
      </MissingDependency>
      <MissingDependency>
        <Required type="EnvironmentVariableDefinition" displayName="mpa_SAPApplicationServer" solution="Active" id.schemaname="mpa_SAPApplicationServer" />
        <Dependent type="29" displayName="ReadMaterialList" id="{28d8aacf-21e5-ed11-a7c6-002248049af9}" />
      </MissingDependency>
      <MissingDependency>
        <Required type="EnvironmentVariableDefinition" displayName="mpa_SAPApplicationServer" solution="Active" id.schemaname="mpa_SAPApplicationServer" />
        <Dependent type="29" displayName="CreateRequisition" id="{2e617526-6660-ed11-9562-000d3a34194b}" />
      </MissingDependency>
      <MissingDependency>
        <Required type="EnvironmentVariableDefinition" displayName="mpa_SAPApplicationServer" solution="Active" id.schemaname="mpa_SAPApplicationServer" />
        <Dependent type="29" displayName="ApprovePurchaseOrder" id="{475f323d-40e8-ed11-a7c6-0022480492d7}" />
      </MissingDependency>
      <MissingDependency>
        <Required type="EnvironmentVariableDefinition" displayName="mpa_SAPApplicationServer" solution="Active" id.schemaname="mpa_SAPApplicationServer" />
        <Dependent type="29" displayName="ReadVendor" id="{4a964bfd-ebd3-ed11-a7c7-002248049af9}" />
      </MissingDependency>
      <MissingDependency>
        <Required type="EnvironmentVariableDefinition" displayName="mpa_SAPApplicationServer" solution="Active" id.schemaname="mpa_SAPApplicationServer" />
        <Dependent type="29" displayName="ReadPurchaseOrder" id="{568e32c3-eee9-ed11-a7c5-002248049af9}" />
      </MissingDependency>
      <MissingDependency>
        <Required type="EnvironmentVariableDefinition" displayName="mpa_SAPApplicationServer" solution="Active" id.schemaname="mpa_SAPApplicationServer" />
        <Dependent type="29" displayName="ReadVendorList" id="{63f9fe91-8819-ed11-b83e-000d3a315c79}" />
      </MissingDependency>
      <MissingDependency>
        <Required type="EnvironmentVariableDefinition" displayName="mpa_SAPApplicationServer" solution="Active" id.schemaname="mpa_SAPApplicationServer" />
        <Dependent type="29" displayName="ReadRequisitionList" id="{69a219b2-78d5-ed11-a7c7-0022480492d7}" />
      </MissingDependency>
      <MissingDependency>
        <Required type="EnvironmentVariableDefinition" displayName="mpa_SAPApplicationServer" solution="Active" id.schemaname="mpa_SAPApplicationServer" />
        <Dependent type="29" displayName="ReadRequisition" id="{717e19c4-f0e5-ed11-a7c7-0022480492d7}" />
      </MissingDependency>
      <MissingDependency>
        <Required type="EnvironmentVariableDefinition" displayName="mpa_SAPApplicationServer" solution="Active" id.schemaname="mpa_SAPApplicationServer" />
        <Dependent type="29" displayName="CreateVendor" id="{71c043f3-25d3-ed11-a7c7-0022480492d7}" />
      </MissingDependency>
      <MissingDependency>
        <Required type="EnvironmentVariableDefinition" displayName="mpa_SAPApplicationServer" solution="Active" id.schemaname="mpa_SAPApplicationServer" />
        <Dependent type="29" displayName="UpdatePurchaseOrder" id="{87fed265-1f1f-ed11-b83e-000d3a5acccf}" />
      </MissingDependency>
      <MissingDependency>
        <Required type="EnvironmentVariableDefinition" displayName="mpa_SAPApplicationServer" solution="Active" id.schemaname="mpa_SAPApplicationServer" />
        <Dependent type="29" displayName="UpdateRequisition" id="{89223cb2-6a60-ed11-9562-000d3a341930}" />
      </MissingDependency>
      <MissingDependency>
        <Required type="EnvironmentVariableDefinition" displayName="mpa_SAPApplicationServer" solution="Active" id.schemaname="mpa_SAPApplicationServer" />
        <Dependent type="29" displayName="CreatePurchaseOrder" id="{9304b186-f0e9-ed11-a7c5-002248049af9}" />
      </MissingDependency>
      <MissingDependency>
        <Required type="EnvironmentVariableDefinition" displayName="mpa_SAPApplicationServer" solution="Active" id.schemaname="mpa_SAPApplicationServer" />
        <Dependent type="29" displayName="ReadGLAccount" id="{9df25ea5-81e0-ed11-a7c7-0022480492d7}" />
      </MissingDependency>
      <MissingDependency>
        <Required type="EnvironmentVariableDefinition" displayName="mpa_SAPApplicationServer" solution="Active" id.schemaname="mpa_SAPApplicationServer" />
        <Dependent type="29" displayName="CreateGoodsReceipt" id="{c7db5284-eae5-ed11-a7c7-0022480492d7}" />
      </MissingDependency>
      <MissingDependency>
        <Required type="EnvironmentVariableDefinition" displayName="mpa_SAPApplicationServer" solution="Active" id.schemaname="mpa_SAPApplicationServer" />
        <Dependent type="29" displayName="UpdateVendor" id="{cb4f0971-07d5-ed11-a7c7-0022480492d7}" />
      </MissingDependency>
      <MissingDependency>
        <Required type="EnvironmentVariableDefinition" displayName="mpa_SAPApplicationServer" solution="Active" id.schemaname="mpa_SAPApplicationServer" />
        <Dependent type="29" displayName="ConvertRequisitionToPurchaseOrder" id="{e75d6437-f0e5-ed11-a7c7-0022480492d7}" />
      </MissingDependency>
      <MissingDependency>
        <Required type="EnvironmentVariableDefinition" displayName="mpa_SAPClientID" solution="Active" id.schemaname="mpa_SAPClientID" />
        <Dependent type="29" displayName="CreateVendor" id="{71c043f3-25d3-ed11-a7c7-0022480492d7}" />
      </MissingDependency>
      <MissingDependency>
        <Required type="EnvironmentVariableDefinition" displayName="mpa_SAPClientID" solution="Active" id.schemaname="mpa_SAPClientID" />
        <Dependent type="29" displayName="UpdateVendor" id="{cb4f0971-07d5-ed11-a7c7-0022480492d7}" />
      </MissingDependency>
      <MissingDependency>
        <Required type="EnvironmentVariableDefinition" displayName="mpa_SAPCountofRowsToRead" solution="Active" id.schemaname="mpa_SAPCountofRowsToRead" />
        <Dependent type="29" displayName="ReadGLAccountList" id="{0e9e01b5-6fe0-ed11-a7c6-002248049af9}" />
      </MissingDependency>
      <MissingDependency>
        <Required type="EnvironmentVariableDefinition" displayName="mpa_SAPCountofRowsToRead" solution="Active" id.schemaname="mpa_SAPCountofRowsToRead" />
        <Dependent type="29" displayName="ReadPurchaseOrderList" id="{21bad89b-ba19-ed11-b83e-000d3a315c79}" />
      </MissingDependency>
      <MissingDependency>
        <Required type="EnvironmentVariableDefinition" displayName="mpa_SAPCountofRowsToRead" solution="Active" id.schemaname="mpa_SAPCountofRowsToRead" />
        <Dependent type="29" displayName="ReadMaterialList" id="{28d8aacf-21e5-ed11-a7c6-002248049af9}" />
      </MissingDependency>
      <MissingDependency>
        <Required type="EnvironmentVariableDefinition" displayName="mpa_SAPCountofRowsToRead" solution="Active" id.schemaname="mpa_SAPCountofRowsToRead" />
        <Dependent type="29" displayName="ReadVendorList" id="{63f9fe91-8819-ed11-b83e-000d3a315c79}" />
      </MissingDependency>
      <MissingDependency>
        <Required type="EnvironmentVariableDefinition" displayName="mpa_SAPCountofRowsToRead" solution="Active" id.schemaname="mpa_SAPCountofRowsToRead" />
        <Dependent type="29" displayName="ReadRequisitionList" id="{69a219b2-78d5-ed11-a7c7-0022480492d7}" />
      </MissingDependency>
      <MissingDependency>
        <Required type="EnvironmentVariableDefinition" displayName="mpa_SAPSPRAS" solution="Active" id.schemaname="mpa_SAPSPRAS" />
        <Dependent type="29" displayName="ReadMaterial" id="{123f3ee5-72ef-ed11-8849-002248049b8b}" />
      </MissingDependency>
      <MissingDependency>
        <Required type="EnvironmentVariableDefinition" displayName="mpa_SAPSPRAS" solution="Active" id.schemaname="mpa_SAPSPRAS" />
        <Dependent type="29" displayName="ReadMaterialList" id="{28d8aacf-21e5-ed11-a7c6-002248049af9}" />
      </MissingDependency>
      <MissingDependency>
        <Required type="EnvironmentVariableDefinition" displayName="mpa_SAPSystemID" solution="Active" id.schemaname="mpa_SAPSystemID" />
        <Dependent type="29" displayName="CreateVendor" id="{71c043f3-25d3-ed11-a7c7-0022480492d7}" />
      </MissingDependency>
      <MissingDependency>
        <Required type="EnvironmentVariableDefinition" displayName="mpa_SAPSystemID" solution="Active" id.schemaname="mpa_SAPSystemID" />
        <Dependent type="29" displayName="UpdateVendor" id="{cb4f0971-07d5-ed11-a7c7-0022480492d7}" />
      </MissingDependency>
    </MissingDependencies>
  </SolutionManifest>
</ImportExportXml>