<powerpagecomponent powerpagecomponentid="590c496e-8ff9-4723-8645-a8e9bb8dcfa7">
  <content>{"createdOn":"2024-03-01T15:05:16.147Z","parentpageid":"94db5e36-8ed1-4567-baae-1b38a4b71d4c","publishingstateid":"9137c988-52cc-46f0-8cea-e558f5887e5f","partialurl":"Blue.png","title":"","summary":"","enabletracking":false,"excludefromsearch":false,"hiddenfromsitemap":false}</content>
  <filecontent mimetype="image/png">Blue.png</filecontent>
  <iscustomizable>1</iscustomizable>
  <name>Blue.png</name>
  <powerpagecomponenttype>3</powerpagecomponenttype>
  <powerpagesiteid>
    <powerpagesiteid>99af4f03-6a66-4c36-963b-164265f26ce8</powerpagesiteid>
  </powerpagesiteid>
  <statecode>0</statecode>
  <statuscode>1</statuscode>
</powerpagecomponent>