<environmentvariabledefinition schemaname="mpa_sharedcalendarname">
  <description default="Holds the shared calendar name for the organization">
    <label description="Holds the shared calendar name for the organization" languagecode="1033" />
  </description>
  <displayname default="Shared Calendar Name">
    <label description="Shared Calendar Name" languagecode="1033" />
  </displayname>
  <introducedversion>1.0.0.0</introducedversion>
  <iscustomizable>1</iscustomizable>
  <isrequired>0</isrequired>
  <secretstore>0</secretstore>
  <type>100000000</type>
</environmentvariabledefinition>