<powerpagecomponent powerpagecomponentid="78c060de-3cf7-4013-b9ea-31f9d61e8268">
  <content>{"display_name":"Account/Set Password/Set Password Button Text","type":756150000,"value":"Set Password"}</content>
  <iscustomizable>1</iscustomizable>
  <name>Account/SetPassword/SetPasswordButtonText</name>
  <powerpagecomponenttype>7</powerpagecomponenttype>
  <powerpagesiteid>
    <powerpagesiteid>99af4f03-6a66-4c36-963b-164265f26ce8</powerpagesiteid>
  </powerpagesiteid>
  <powerpagesitelanguageid>
    <powerpagesitelanguageid>732bd198-dcfc-406a-8b9e-0375589318f3</powerpagesitelanguageid>
  </powerpagesitelanguageid>
  <statecode>0</statecode>
  <statuscode>1</statuscode>
</powerpagecomponent>