<powerpagecomponent powerpagecomponentid="185bb557-d172-491e-9a7c-bd5c2d8bab89">
  <content>{"display_name":"Poll/Total Votes","type":756150000,"value":"{{ poll.votes }} Votes"}</content>
  <iscustomizable>1</iscustomizable>
  <name>Poll/TotalVotes</name>
  <powerpagecomponenttype>7</powerpagecomponenttype>
  <powerpagesiteid>
    <powerpagesiteid>99af4f03-6a66-4c36-963b-164265f26ce8</powerpagesiteid>
  </powerpagesiteid>
  <powerpagesitelanguageid>
    <powerpagesitelanguageid>732bd198-dcfc-406a-8b9e-0375589318f3</powerpagesitelanguageid>
  </powerpagesitelanguageid>
  <statecode>0</statecode>
  <statuscode>1</statuscode>
</powerpagecomponent>