<environmentvariabledefinition schemaname="mpa_SAPCountofRowsToRead">
  <defaultvalue>1000</defaultvalue>
  <description default="Sets the maximum number of records to be returned on any search query and helps to alleviate performance concerns">
    <label description="Sets the maximum number of records to be returned on any search query and helps to alleviate performance concerns" languagecode="1033" />
  </description>
  <displayname default="SAP Count of Rows To Read">
    <label description="SAP Count of Rows To Read" languagecode="1033" />
  </displayname>
  <introducedversion>1.0.0.0</introducedversion>
  <iscustomizable>1</iscustomizable>
  <isrequired>0</isrequired>
  <secretstore>0</secretstore>
  <type>100000001</type>
</environmentvariabledefinition>