{
  "properties": {
    "connectionReferences": {
      "shared_saperp": {
        "runtimeSource": "invoker",
        "connection": {
          "connectionReferenceLogicalName": "mpa_SAPERP"
        },
        "api": {
          "name": "shared_saperp"
        }
      }
    },
    "definition": {
      "$schema": "https://schema.management.azure.com/providers/Microsoft.Logic/schemas/2016-06-01/workflowdefinition.json#",
      "contentVersion": "1.0.0.0",
      "parameters": {
        "$connections": {
          "defaultValue": {},
          "type": "Object"
        },
        "$authentication": {
          "defaultValue": {},
          "type": "SecureObject"
        },
        "SAP Application Server (sap_SAPDevelopment)": {
          "defaultValue": "{\"AppServerHost\":\"10.0.0.10\",\"Client\":\"800\",\"SystemNumber\":\"00\",\"LogonType\":\"ApplicationServer\"}",
          "type": "String",
          "metadata": {
            "schemaName": "sap_SAPDevelopment"
          }
        },
        "SAP Count of Rows To Read (mpa_SAPCountofRowsToRead)": {
          "defaultValue": 1000,
          "type": "Int",
          "metadata": {
            "schemaName": "mpa_SAPCountofRowsToRead",
            "description": "Sets the maximum number of records to be returned on any search query and helps to alleviate performance concerns"
          }
        }
      },
      "triggers": {
        "manual": {
          "metadata": {
            "operationMetadataId": "c70383e7-a9db-4449-a5ef-778e5cd464ee"
          },
          "type": "Request",
          "kind": "Button",
          "inputs": {
            "schema": {
              "type": "object",
              "properties": {
                "text": {
                  "title": "Input",
                  "type": "string",
                  "x-ms-dynamically-added": true,
                  "description": "Please enter your input",
                  "x-ms-content-hint": "TEXT"
                }
              },
              "required": [
                "text"
              ]
            }
          }
        }
      },
      "actions": {
        "Initialize_SAPErrorMessage": {
          "runAfter": {},
          "metadata": {
            "operationMetadataId": "6a6087f9-b1aa-4966-9ea5-0f695d638f87"
          },
          "type": "InitializeVariable",
          "inputs": {
            "variables": [
              {
                "name": "SAPErrorMessage",
                "type": "string"
              }
            ]
          }
        },
        "Try": {
          "actions": {
            "Check_for_CustomerId": {
              "actions": {
                "BSID": {
                  "runAfter": {},
                  "metadata": {
                    "operationMetadataId": "1226dc58-6248-4dcc-83ad-794fe8cd4dcc"
                  },
                  "type": "OpenApiConnection",
                  "inputs": {
                    "host": {
                      "connectionName": "shared_saperp",
                      "operationId": "ReadTableVersion3",
                      "apiId": "/providers/Microsoft.PowerApps/apis/shared_saperp"
                    },
                    "parameters": {
                      "x-ms-sap-system": "@parameters('SAP Application Server (sap_SAPDevelopment)')",
                      "inputParameters/tableName": "BSID",
                      "inputParameters/FieldNames": [
                        "KUNNR:Customer Number",
                        "GJAHR:Fiscal Year",
                        "BUKRS:Company Code",
                        "BELNR:Accounting Document Number",
                        "ZFBDT:Baseline Date for Due Date Calculation",
                        "WAERS:Currency Key",
                        "BLART:Document Type",
                        "SHKZG:Debit/Credit Indicator",
                        "DMBTR:Amount in local currency",
                        "BUDAT:Posting Date in the Document"
                      ],
                      "inputParameters/RowCount": "@variables('ROWCOUNT')",
                      "inputParameters/WhereFilters": [
                        "KUNNR = '@{if(isInt(body('Parse_JSON')?['CustomerID']), formatNumber(int(body('Parse_JSON')?['CustomerID']), 'D10'), body('Parse_JSON')?['CustomerID'])}'",
                        "AND ( BLART = 'DR' OR BLART = 'RV' )",
                        "AND BELNR LIKE '%@{body('Parse_JSON')?['filteroptions']?['filter']}%'"
                      ],
                      "inputParameters/StartIndex": "@variables('ROWSKIPS')"
                    },
                    "authentication": {
                      "type": "Raw",
                      "value": "@json(decodeBase64(triggerOutputs().headers['X-MS-APIM-Tokens']))['$ConnectionKey']"
                    },
                    "retryPolicy": {
                      "type": "none"
                    }
                  }
                },
                "Set_SAPErrorMessage01": {
                  "runAfter": {
                    "BSID": [
                      "Failed",
                      "TimedOut"
                    ]
                  },
                  "metadata": {
                    "operationMetadataId": "ce5d0c06-0fe6-4fc6-8645-10acf7f40f33"
                  },
                  "type": "SetVariable",
                  "inputs": {
                    "name": "SAPErrorMessage",
                    "value": "@{body('BSID')['error']['innerError']['error']['message']}"
                  }
                },
                "Parse_BSID": {
                  "runAfter": {
                    "Set_SAPErrorMessage01": [
                      "Skipped"
                    ]
                  },
                  "metadata": {
                    "operationMetadataId": "05b1f4cf-bf9d-4a8d-b113-f52ca0139f5a"
                  },
                  "type": "Select",
                  "inputs": {
                    "from": "@outputs('BSID')?['body/Rows']",
                    "select": {
                      "CustomerNumber": "@item()?['KUNNR']",
                      "CompnayCode": "@item()?['BUKRS']",
                      "DocumentNumber": "@item()?['BELNR']",
                      "FiscalYear": "@item()?['GJAHR']",
                      "BaseLineDate": "@item()?['ZFBDT']",
                      "Currency": "@item()?['WAERS']",
                      "DocumentType": "@item()?['BLART']",
                      "DebitCreditIndicator": "@item()?['SHKZG']",
                      "AmountLocalCurrency": "@item()?['DMBTR']",
                      "DaysPastDue": "@div(sub(ticks(formatDateTime(utcNow(),'yyy-MM-dd')),ticks(parsedateTime(item()?['ZFBDT'],'en-US','yyyyMMdd'))),864000000000)",
                      "PostingDate": "@item()?['BUDAT']",
                      "BaseLineDateUTC": "@concat(slice(item()?['ZFBDT'], 0, 4), '-', slice(item()?['ZFBDT'], 4, -2), '-', slice(item()?['ZFBDT'], -2), 'T00:00:00.000Z')",
                      "PostingDateUTC": "@concat(slice(item()?['BUDAT'], 0, 4), '-', slice(item()?['BUDAT'], 4, -2), '-', slice(item()?['BUDAT'], -2), 'T00:00:00.000Z')"
                    }
                  }
                },
                "KNA1": {
                  "runAfter": {
                    "Parse_BSID": [
                      "Succeeded"
                    ]
                  },
                  "metadata": {
                    "operationMetadataId": "ed7156cd-8a0c-48dc-a521-85f9afc37b17"
                  },
                  "type": "OpenApiConnection",
                  "inputs": {
                    "host": {
                      "connectionName": "shared_saperp",
                      "operationId": "ReadTableVersion3",
                      "apiId": "/providers/Microsoft.PowerApps/apis/shared_saperp"
                    },
                    "parameters": {
                      "x-ms-sap-system": "@parameters('SAP Application Server (sap_SAPDevelopment)')",
                      "inputParameters/tableName": "KNA1",
                      "inputParameters/FieldNames": [
                        "KUNNR:Customer Number",
                        "NAME1:Name 1"
                      ],
                      "inputParameters/RowCount": 1,
                      "inputParameters/WhereFilters": [
                        "KUNNR = '@{if(isInt(body('Parse_JSON')?['CustomerID']), formatNumber(int(body('Parse_JSON')?['CustomerID']), 'D10'), body('Parse_JSON')?['CustomerID'])}'"
                      ]
                    },
                    "authentication": {
                      "type": "Raw",
                      "value": "@json(decodeBase64(triggerOutputs().headers['X-MS-APIM-Tokens']))['$ConnectionKey']"
                    }
                  }
                },
                "Parse_KNA1": {
                  "runAfter": {
                    "KNA1": [
                      "Succeeded"
                    ]
                  },
                  "metadata": {
                    "operationMetadataId": "dd0a959a-1854-45d7-bf14-f7a09e3c4fcc"
                  },
                  "type": "Select",
                  "inputs": {
                    "from": "@outputs('KNA1')?['body/Rows']",
                    "select": {
                      "CustomerNumber": "@item()?['KUNNR']",
                      "CustomerName": "@item()?['NAME1']"
                    }
                  }
                },
                "Do_We_Have_BSID_Data": {
                  "actions": {
                    "FinalizeReturnData": {
                      "runAfter": {},
                      "metadata": {
                        "operationMetadataId": "b0239d9e-cdcf-4f3a-b36e-880b668b65d5"
                      },
                      "type": "Select",
                      "inputs": {
                        "from": "@body('Parse_BSID')",
                        "select": {
                          "id": "@item()?['CustomerNumber']",
                          "voucher": "",
                          "transactionDate": "@item()?['PostingDateUTC']",
                          "transactionAmount": "@if(equals(0, item()?['AmountLocalCurrency']), float(item()?['AmountLocalCurrency']), float(item()?['AmountLocalCurrency']))",
                          "invoiceNumber": "@item()?['DocumentNumber']",
                          "dueDate": "@item()?['BaseLineDateUTC']",
                          "currency": "@item()?['Currency']",
                          "transactionType": "@item()?['DocumentType']",
                          "hasDocument": "@true",
                          "statusId": "",
                          "statusName": "",
                          "promisedToPayDate": "@item()?['BaseLineDateUTC']",
                          "statusReason": "",
                          "statusComment": ""
                        }
                      }
                    },
                    "Response_Yes_Records_Found": {
                      "runAfter": {
                        "FinalizeReturnData": [
                          "Succeeded"
                        ]
                      },
                      "metadata": {
                        "operationMetadataId": "3acb6b71-7516-4f46-82a7-fe87c0f4120b"
                      },
                      "type": "Response",
                      "kind": "Http",
                      "inputs": {
                        "statusCode": 200,
                        "body": {
                          "Status": "Success",
                          "Data": "@body('FinalizeReturnData')",
                          "Messages": []
                        },
                        "schema": {
                          "type": "object",
                          "properties": {
                            "Status": {
                              "type": "string"
                            },
                            "data": {
                              "type": "array",
                              "items": {
                                "type": "object",
                                "properties": {
                                  "id": {
                                    "type": "string"
                                  },
                                  "voucher": {
                                    "type": "string"
                                  },
                                  "transactionDate": {
                                    "type": "string"
                                  },
                                  "transactionAmount": {
                                    "type": "number"
                                  },
                                  "invoiceNumber": {
                                    "type": "string"
                                  },
                                  "dueDate": {
                                    "type": "string"
                                  },
                                  "currency": {
                                    "type": "string"
                                  },
                                  "transactionType": {
                                    "type": "string"
                                  },
                                  "hasDocument": {
                                    "type": "boolean"
                                  },
                                  "statusId": {
                                    "type": "string"
                                  },
                                  "statusName": {
                                    "type": "string"
                                  },
                                  "promiseToPayDate": {
                                    "type": "string"
                                  },
                                  "statusReason": {
                                    "type": "string"
                                  },
                                  "statusComment": {
                                    "type": "string"
                                  }
                                },
                                "required": [
                                  "id",
                                  "voucher",
                                  "transactionDate",
                                  "transactionAmount",
                                  "invoiceNumber",
                                  "dueDate",
                                  "currency",
                                  "transactionType",
                                  "hasDocument",
                                  "statusId",
                                  "statusName",
                                  "promiseToPayDate",
                                  "statusReason",
                                  "statusComment"
                                ]
                              }
                            },
                            "Messages": {
                              "type": "array"
                            }
                          }
                        }
                      }
                    }
                  },
                  "runAfter": {
                    "Parse_KNA1": [
                      "Succeeded"
                    ]
                  },
                  "else": {
                    "actions": {
                      "Response_No_Records_Found": {
                        "runAfter": {},
                        "metadata": {
                          "operationMetadataId": "3acb6b71-7516-4f46-82a7-fe87c0f4120b"
                        },
                        "type": "Response",
                        "kind": "Http",
                        "inputs": {
                          "statusCode": 200,
                          "body": {
                            "Status": "Success",
                            "Data": [],
                            "Messages": [
                              {
                                "Message": "No records found."
                              }
                            ]
                          },
                          "schema": {
                            "type": "object",
                            "properties": {
                              "Status": {
                                "type": "string"
                              },
                              "data": {
                                "type": "array",
                                "items": {
                                  "type": "object",
                                  "properties": {
                                    "id": {
                                      "type": "string"
                                    },
                                    "voucher": {
                                      "type": "string"
                                    },
                                    "transactionDate": {
                                      "type": "string"
                                    },
                                    "transactionAmount": {
                                      "type": "number"
                                    },
                                    "invoiceNumber": {
                                      "type": "string"
                                    },
                                    "dueDate": {
                                      "type": "string"
                                    },
                                    "currency": {
                                      "type": "string"
                                    },
                                    "transactionType": {
                                      "type": "string"
                                    },
                                    "hasDocument": {
                                      "type": "boolean"
                                    },
                                    "statusId": {
                                      "type": "string"
                                    },
                                    "statusName": {
                                      "type": "string"
                                    },
                                    "promiseToPayDate": {
                                      "type": "string"
                                    },
                                    "statusReason": {
                                      "type": "string"
                                    },
                                    "statusComment": {
                                      "type": "string"
                                    }
                                  },
                                  "required": [
                                    "id",
                                    "voucher",
                                    "transactionDate",
                                    "transactionAmount",
                                    "invoiceNumber",
                                    "dueDate",
                                    "currency",
                                    "transactionType",
                                    "hasDocument",
                                    "statusId",
                                    "statusName",
                                    "promiseToPayDate",
                                    "statusReason",
                                    "statusComment"
                                  ]
                                }
                              },
                              "Messages": {
                                "type": "array"
                              }
                            }
                          }
                        }
                      }
                    }
                  },
                  "expression": {
                    "greater": [
                      "@length(body('Parse_BSID'))",
                      0
                    ]
                  },
                  "metadata": {
                    "operationMetadataId": "396750ac-8407-4512-b5bb-afe43468a991"
                  },
                  "type": "If"
                }
              },
              "runAfter": {
                "Build_Default_Values": [
                  "Succeeded"
                ]
              },
              "else": {
                "actions": {
                  "Response": {
                    "runAfter": {},
                    "metadata": {
                      "operationMetadataId": "de01de37-bf27-4794-bc26-8caf6d61cd17"
                    },
                    "type": "Response",
                    "kind": "Http",
                    "inputs": {
                      "statusCode": 400,
                      "body": {
                        "Status": "Error",
                        "Data": [],
                        "Messages": [
                          {
                            "Message": "Customer ID is a required field."
                          }
                        ]
                      }
                    }
                  }
                }
              },
              "expression": {
                "and": [
                  {
                    "not": {
                      "equals": [
                        "@body('Parse_JSON')?['CustomerID']",
                        "@null"
                      ]
                    }
                  },
                  {
                    "not": {
                      "equals": [
                        "@empty(body('Parse_JSON')?['CustomerID'])",
                        "@true"
                      ]
                    }
                  }
                ]
              },
              "metadata": {
                "operationMetadataId": "e30c575d-8810-41ae-8078-ccfff2307e14"
              },
              "type": "If"
            },
            "Parse_JSON": {
              "runAfter": {},
              "metadata": {
                "operationMetadataId": "6546d333-e579-475d-8d95-bce2bb726f8b"
              },
              "type": "ParseJson",
              "inputs": {
                "content": "@triggerBody()['text']",
                "schema": {
                  "type": "object",
                  "properties": {
                    "Language": {
                      "type": "string"
                    },
                    "CustomerID": {
                      "type": "string"
                    },
                    "filteroptions": {
                      "type": "object",
                      "properties": {
                        "filter": {
                          "type": "string"
                        },
                        "top": {
                          "type": "integer"
                        },
                        "skip": {
                          "type": "integer"
                        }
                      }
                    }
                  }
                }
              }
            },
            "Build_Default_Values": {
              "actions": {
                "Does_TOP_Filter_Exist": {
                  "actions": {
                    "Condition": {
                      "actions": {
                        "Set_ROWCOUNT_From_Filter": {
                          "runAfter": {},
                          "metadata": {
                            "operationMetadataId": "04c2f0e0-c1b5-43bf-9182-5ccd67480328"
                          },
                          "type": "SetVariable",
                          "inputs": {
                            "name": "ROWCOUNT",
                            "value": "@body('Parse_JSON')?['filteroptions']?['top']"
                          }
                        }
                      },
                      "runAfter": {},
                      "else": {
                        "actions": {
                          "Set_ROWCOUNT_for_Environmental_Variable": {
                            "runAfter": {},
                            "metadata": {
                              "operationMetadataId": "5e9229d5-5ad5-4f2e-ae01-47521af3492c"
                            },
                            "type": "SetVariable",
                            "inputs": {
                              "name": "ROWCOUNT",
                              "value": "@{parameters('SAP Count of Rows To Read (mpa_SAPCountofRowsToRead)')}"
                            }
                          }
                        }
                      },
                      "expression": {
                        "and": [
                          {
                            "greater": [
                              "@int(body('Parse_JSON')?['filteroptions']?['top'])",
                              0
                            ]
                          },
                          {
                            "less": [
                              "@int(body('Parse_JSON')?['filteroptions']?['top'])",
                              "@parameters('SAP Count of Rows To Read (mpa_SAPCountofRowsToRead)')"
                            ]
                          }
                        ]
                      },
                      "metadata": {
                        "operationMetadataId": "7ca11efa-69d5-4ec0-9a3d-40897d68d5fb"
                      },
                      "type": "If"
                    }
                  },
                  "runAfter": {},
                  "else": {
                    "actions": {
                      "Set_ROWCOUNT_for_Environmental_Variable_2": {
                        "runAfter": {},
                        "metadata": {
                          "operationMetadataId": "5e9229d5-5ad5-4f2e-ae01-47521af3492c"
                        },
                        "type": "SetVariable",
                        "inputs": {
                          "name": "ROWCOUNT",
                          "value": "@int(parameters('SAP Count of Rows To Read (mpa_SAPCountofRowsToRead)'))"
                        }
                      }
                    }
                  },
                  "expression": {
                    "not": {
                      "equals": [
                        "@body('Parse_JSON')?['filteroptions']?['top']",
                        null
                      ]
                    }
                  },
                  "metadata": {
                    "operationMetadataId": "36e1b3db-660c-4d8b-9d43-22a4af96863a"
                  },
                  "type": "If"
                },
                "Does_SKIP_Filter_Exist": {
                  "actions": {
                    "Set_ROWSKIPS_to_SKIP_Filter": {
                      "runAfter": {},
                      "metadata": {
                        "operationMetadataId": "5e9229d5-5ad5-4f2e-ae01-47521af3492c"
                      },
                      "type": "SetVariable",
                      "inputs": {
                        "name": "ROWSKIPS",
                        "value": "@body('Parse_JSON')?['filteroptions']?['skip']"
                      }
                    }
                  },
                  "runAfter": {
                    "Does_TOP_Filter_Exist": [
                      "Succeeded"
                    ]
                  },
                  "else": {
                    "actions": {
                      "Set_ROWSKIPS_to_ZERO": {
                        "runAfter": {},
                        "metadata": {
                          "operationMetadataId": "5e9229d5-5ad5-4f2e-ae01-47521af3492c"
                        },
                        "type": "SetVariable",
                        "inputs": {
                          "name": "ROWSKIPS",
                          "value": 0
                        }
                      }
                    }
                  },
                  "expression": {
                    "not": {
                      "equals": [
                        "@body('Parse_JSON')?['filteroptions']?['skip']",
                        null
                      ]
                    }
                  },
                  "metadata": {
                    "operationMetadataId": "36e1b3db-660c-4d8b-9d43-22a4af96863a"
                  },
                  "type": "If"
                }
              },
              "runAfter": {
                "Parse_JSON": [
                  "Succeeded"
                ]
              },
              "metadata": {
                "operationMetadataId": "c05886f9-cba5-4f26-9c92-a065bb659f26"
              },
              "type": "Scope"
            }
          },
          "runAfter": {
            "Initialize_ROWCOUNT": [
              "Succeeded"
            ]
          },
          "metadata": {
            "operationMetadataId": "3e285214-bb77-4b40-b710-63d592281785"
          },
          "type": "Scope"
        },
        "Catch": {
          "actions": {
            "Filter_array": {
              "runAfter": {},
              "metadata": {
                "operationMetadataId": "e4ff6915-74dd-4ad8-aeb5-69689f7cd846"
              },
              "type": "Query",
              "inputs": {
                "from": "@result('Try')",
                "where": "@or(equals(item()?['Status'], 'Failed'), equals(item()?['Status'], 'TimedOut'))"
              }
            },
            "ErrorTable": {
              "runAfter": {
                "Filter_array": [
                  "Succeeded"
                ]
              },
              "metadata": {
                "operationMetadataId": "a4543bb1-084d-4bd9-865a-d59ec8caa8fc"
              },
              "type": "Table",
              "inputs": {
                "from": "@body('Filter_array')",
                "format": "HTML",
                "columns": [
                  {
                    "header": "Step",
                    "value": "@item()?['name']"
                  },
                  {
                    "header": "Status",
                    "value": "@item()?['Status']"
                  },
                  {
                    "header": "Code",
                    "value": "@item()?['code']"
                  },
                  {
                    "header": "InnerErrorMessage",
                    "value": "@{item()?['outputs']?['body']?['error']?['innerError']?['error']?['message']}@{item()?['error']?['message']}@{variables('SAPErrorMessage')}"
                  },
                  {
                    "header": "Input",
                    "value": "@triggerBody()"
                  }
                ]
              }
            },
            "ErrorReturn": {
              "runAfter": {
                "ErrorTable": [
                  "Succeeded"
                ]
              },
              "metadata": {
                "operationMetadataId": "6ea00725-e758-40bb-9cc7-b69d0a65d01b"
              },
              "type": "Select",
              "inputs": {
                "from": "@body('Filter_array')",
                "select": {
                  "Step": "@item()?['name']",
                  "Status": "@item()?['Status']",
                  "Code": "@item()?['code']",
                  "InnerErrorMessage": "@{item()?['outputs']?['body']?['error']?['innerError']?['error']?['message']} @{item()?['error']?['message']}@{variables('SAPErrorMessage')}",
                  "Input": "@triggerBody()",
                  "FlowName": "@workflow()?['tags']['flowDisplayName']",
                  "URL": "@concat('https://flow.microsoft.com/manage/environments/', workflow()?['tags']['environmentName'], '/flows/', workflow()?['name'], '/runs/', workflow()?['run']['name'])"
                }
              }
            },
            "Error_Response": {
              "runAfter": {
                "ErrorReturn": [
                  "Succeeded"
                ]
              },
              "metadata": {
                "operationMetadataId": "1a07fe00-c854-4b19-9f61-ff2091a0b894"
              },
              "type": "Response",
              "kind": "Http",
              "inputs": {
                "statusCode": 400,
                "body": {
                  "Status": "Error",
                  "Data": [],
                  "Messages": [
                    {
                      "Message": "@body('ErrorReturn')"
                    }
                  ]
                },
                "schema": {
                  "type": "object",
                  "properties": {
                    "Status": {
                      "type": "string"
                    },
                    "Header": {
                      "type": "object",
                      "properties": {
                        "Country": {
                          "type": "string"
                        },
                        "VendorName": {
                          "type": "string"
                        },
                        "City": {
                          "type": "string"
                        },
                        "PostalCode": {
                          "type": "string"
                        },
                        "Street": {
                          "type": "string"
                        },
                        "AccountGroup": {
                          "type": "string"
                        },
                        "Region": {
                          "type": "string"
                        },
                        "Vendor": {
                          "type": "string"
                        },
                        "FullName": {
                          "type": "string"
                        }
                      }
                    },
                    "Vendor": {
                      "type": "string"
                    },
                    "CompanyCodes": {
                      "type": "array",
                      "items": {
                        "type": "object",
                        "properties": {
                          "ID": {
                            "type": "string"
                          },
                          "GLAccount": {
                            "type": "string"
                          },
                          "CompanyCode": {
                            "type": "string"
                          },
                          "PaymentTerms": {
                            "type": "string"
                          },
                          "PaymentMethods": {
                            "type": "string"
                          }
                        }
                      }
                    },
                    "PurchasingOrgs": {
                      "type": "array",
                      "items": {
                        "type": "object",
                        "properties": {
                          "ID": {
                            "type": "string"
                          },
                          "PurchasingOrganization": {
                            "type": "string"
                          },
                          "PurchasingGroup": {
                            "type": "string"
                          },
                          "PaymentTerms": {
                            "type": "string"
                          },
                          "Currency": {
                            "type": "string"
                          }
                        }
                      }
                    },
                    "Emails": {
                      "type": "array",
                      "items": {
                        "type": "object",
                        "properties": {
                          "ID": {
                            "type": "string"
                          },
                          "Email": {
                            "type": "string"
                          },
                          "Default": {
                            "type": "boolean"
                          }
                        }
                      }
                    },
                    "Phones": {
                      "type": "array",
                      "items": {
                        "type": "object",
                        "properties": {
                          "ID": {
                            "type": "string"
                          },
                          "Country": {
                            "type": "string"
                          },
                          "Phone": {
                            "type": "string"
                          },
                          "Extension": {
                            "type": "string"
                          },
                          "Default": {
                            "type": "boolean"
                          }
                        }
                      }
                    },
                    "Messages": {
                      "type": "array",
                      "items": {
                        "type": "object",
                        "properties": {
                          "Message": {
                            "type": "string"
                          }
                        },
                        "required": [
                          "Message"
                        ]
                      }
                    }
                  }
                }
              }
            },
            "Terminate": {
              "runAfter": {
                "Error_Response": [
                  "Succeeded"
                ]
              },
              "metadata": {
                "operationMetadataId": "a47305ba-8e32-4528-93b5-6e48dc806ac2"
              },
              "type": "Terminate",
              "inputs": {
                "runStatus": "Failed"
              }
            }
          },
          "runAfter": {
            "Try": [
              "Failed",
              "TimedOut"
            ]
          },
          "metadata": {
            "operationMetadataId": "acddc208-94dd-4daf-9177-fa386ba1baec"
          },
          "type": "Scope"
        },
        "Initialize_ROWSKIPS": {
          "runAfter": {
            "Initialize_SAPErrorMessage": [
              "Succeeded"
            ]
          },
          "metadata": {
            "operationMetadataId": "245c4354-d560-49d7-ba76-fceff5db3b49"
          },
          "type": "InitializeVariable",
          "inputs": {
            "variables": [
              {
                "name": "ROWSKIPS",
                "type": "integer"
              }
            ]
          }
        },
        "Initialize_ROWCOUNT": {
          "runAfter": {
            "Initialize_ROWSKIPS": [
              "Succeeded"
            ]
          },
          "metadata": {
            "operationMetadataId": "a7916710-0705-48b6-bd80-9964aff07203"
          },
          "type": "InitializeVariable",
          "inputs": {
            "variables": [
              {
                "name": "ROWCOUNT",
                "type": "integer"
              }
            ]
          }
        }
      },
      "outputs": {}
    },
    "templateName": ""
  },
  "schemaVersion": "1.0.0.0"
}