<powerpagecomponent powerpagecomponentid="d2a4919b-98e6-ee11-904d-000d3a33da23">
  <content>{"type":756150000,"value":"{\"invoice\":{\"type\":\"grid\",\"columns\":[{\"data\":\"ItemNumber\",\"title\":\"Item\"},{\"data\":\"Location\",\"title\":\"Location\"},{\"data\":\"MaterialNumber\",\"title\":\"Material\"},{\"data\":\"Description\",\"title\":\"Description\"},{\"data\":\"Quantity\",\"title\":\"Quantity\"},{\"data\":\"UnitOfMeasure\",\"title\":\"Unit\"},{\"data\":\"TotalPrice\",\"title\":\"Total(USD)\"},{\"data\":\"ItemNumber\",\"title\":\"Purchase Order Item\"}]}}"}</content>
  <iscustomizable>1</iscustomizable>
  <name>InvoiceMetadata</name>
  <powerpagecomponenttype>7</powerpagecomponenttype>
  <powerpagesiteid>
    <powerpagesiteid>99af4f03-6a66-4c36-963b-164265f26ce8</powerpagesiteid>
  </powerpagesiteid>
  <powerpagesitelanguageid>
    <powerpagesitelanguageid>732bd198-dcfc-406a-8b9e-0375589318f3</powerpagesitelanguageid>
  </powerpagesitelanguageid>
  <statecode>0</statecode>
  <statuscode>1</statuscode>
</powerpagecomponent>