<powerpagecomponent powerpagecomponentid="2e28de00-091b-4910-b3c7-d985b114328c">
  <content>{"display_name":"Search/Facet/Less","type":756150000,"value":"Show less"}</content>
  <iscustomizable>1</iscustomizable>
  <name>Search/Facet/Less</name>
  <powerpagecomponenttype>7</powerpagecomponenttype>
  <powerpagesiteid>
    <powerpagesiteid>99af4f03-6a66-4c36-963b-164265f26ce8</powerpagesiteid>
  </powerpagesiteid>
  <powerpagesitelanguageid>
    <powerpagesitelanguageid>732bd198-dcfc-406a-8b9e-0375589318f3</powerpagesitelanguageid>
  </powerpagesitelanguageid>
  <statecode>0</statecode>
  <statuscode>1</statuscode>
</powerpagecomponent>