<powerpagecomponent powerpagecomponentid="ffd8afbf-28c2-0446-bf48-48a783178ccd">
  <content>{
  "filecontent": null,
  "displayorder": 10,
  "customcss": "",
  "customjavascript": "$(document).ready(function(){\r\n    var urlParams = new URLSearchParams(window.location.search);\r\n    $(\"#mpa_purchaseorder\").val(urlParams.get('purchaseorder'));\r\n});\r\n",
  "pagetemplateid": "5303c14c-7ff4-494a-a44b-a19a62c9889a",
  "parentpageid": "94db5e36-8ed1-4567-baae-1b38a4b71d4c",
  "partialurl": "Invoice-Detail-deleted",
  "isroot": false,
  "rootwebpageid": "91f707b3-5e0a-e5b4-16bc-6825c24313f9",
  "title": "Invoice Detail",
  "summary": "&lt;p&gt;This is a sample landing page designed to be a starting point for your website&lt;/p&gt;",
  "copy": "&lt;div id=\"ii52h\" class=\"row sectionBlockLayout text-start\" style=\"display: flex; flex-wrap: wrap; margin: 0px; min-height: auto; padding: 8px;\"&gt;\n  &lt;div id=\"ielsk\" class=\"container\" style=\"display: flex; flex-wrap: wrap;\"&gt;&lt;div id=\"iuyjv\" class=\"col-lg-12 columnBlockLayout\" style=\"flex-grow: 1; display: flex; flex-direction: column; min-width: 250px; word-break: break-word; padding: 16px; margin: 60px 0px;\"&gt;{% entityform name: 'Create Invoice Details' %}&lt;/div&gt;&lt;/div&gt;\n&lt;/div&gt;\n",
  "publishingstateid": "9137c988-52cc-46f0-8cea-e558f5887e5f",
  "enablerating": false,
  "enabletracking": false,
  "excludefromsearch": false,
  "hiddenfromsitemap": true,
  "sharedpageconfiguration": false
}</content>
  <iscustomizable>1</iscustomizable>
  <name>Invoice Detail-deleted</name>
  <powerpagecomponenttype>2</powerpagecomponenttype>
  <powerpagesiteid>
    <powerpagesiteid>99af4f03-6a66-4c36-963b-164265f26ce8</powerpagesiteid>
  </powerpagesiteid>
  <powerpagesitelanguageid>
    <powerpagesitelanguageid>732bd198-dcfc-406a-8b9e-0375589318f3</powerpagesitelanguageid>
  </powerpagesitelanguageid>
  <searchcontent>Invoice Detail&lt;div id="ii52h" class="row sectionBlockLayout text-start" style="display: flex; flex-wrap: wrap; margin: 0px; min-height: auto; padding: 8px;"&gt;
  &lt;div id="ielsk" class="container" style="display: flex; flex-wrap: wrap;"&gt;&lt;div id="iuyjv" class="col-lg-12 columnBlockLayout" style="flex-grow: 1; display: flex; flex-direction: column; min-width: 250px; word-break: break-word; padding: 16px; margin: 60px 0px;"&gt;{% entityform name: 'Create Invoice Details' %}&lt;/div&gt;&lt;/div&gt;
&lt;/div&gt;
Invoice Detail-deleted</searchcontent>
  <statecode>1</statecode>
  <statuscode>2</statuscode>
</powerpagecomponent>