<entities >
  <entity name="mpa_eelocalization" displayname="Employee Experience Localization" etc="10347" primaryidfield="mpa_eelocalizationid" primarynamefield="mpa_name" disableplugins="false">
    <fields>
      <field displayname="English Value" name="mpa_name" type="string" customfield="true" />
      <field displayname="Language" name="mpa_eelanguage" type="optionsetvalue" customfield="true" />
      <field displayname="Localized Value" name="mpa_localizedvalue" type="string" customfield="true" />
      <field displayname="String Type" name="mpa_stringtype" type="optionsetvalue" customfield="true" />
    </fields>
  </entity>
</entities>