
<entities xmlns:xsd="http://www.w3.org/2001/XMLSchema" xmlns:xsi="http://www.w3.org/2001/XMLSchema-instance" timestamp="2023-06-02T15:38:30.5516811Z">
  <entity name="mpa_eelocalization" displayname="Employee Experience Localization">
    <records>
      <record id="a029a2c2-e1ed-ed11-8849-0022480492d7">
        <field name="mpa_name" value="Select a person" />
        <field name="mpa_eelanguage" value="865420000" />
        <field name="mpa_localizedvalue" value="Select a person" />
        <field name="mpa_stringtype" value="865420002" />
      </record>
      <record id="a67c5f2c-e2ed-ed11-8849-0022480492d7">
        <field name="mpa_name" value="I&amp;#39;d like to recognize..." />
        <field name="mpa_eelanguage" value="865420000" />
        <field name="mpa_localizedvalue" value="I&amp;#39;d like to recognize..." />
        <field name="mpa_stringtype" value="865420003" />
      </record>
      <record id="8298779d-e2ed-ed11-8849-0022480492d7">
        <field name="mpa_name" value="Get Started" />
        <field name="mpa_eelanguage" value="865420000" />
        <field name="mpa_localizedvalue" value="Get Started" />
        <field name="mpa_stringtype" value="865420004" />
      </record>
      <record id="531f82fc-e3ed-ed11-8849-0022480492d7">
        <field name="mpa_name" value="Add message" />
        <field name="mpa_eelanguage" value="865420000" />
        <field name="mpa_localizedvalue" value="Add message" />
        <field name="mpa_stringtype" value="865420004" />
      </record>
      <record id="ce8ee189-e4ed-ed11-8849-0022480492d7">
        <field name="mpa_name" value="Share their accomplishments and how they demonstrate our company&amp;#39;s values." />
        <field name="mpa_eelanguage" value="865420000" />
        <field name="mpa_localizedvalue" value="Share their accomplishments and how they demonstrate our company&amp;#39;s values." />
        <field name="mpa_stringtype" value="865420000" />
      </record>
      <record id="00829f9e-e4ed-ed11-8849-0022480492d7">
        <field name="mpa_name" value="Write a Message" />
        <field name="mpa_eelanguage" value="865420000" />
        <field name="mpa_localizedvalue" value="Write a Message" />
        <field name="mpa_stringtype" value="865420000" />
      </record>
      <record id="848a42cd-e4ed-ed11-8849-0022480492d7">
        <field name="mpa_name" value="Subject for this Kudo. Short text of 25 characters." />
        <field name="mpa_eelanguage" value="865420000" />
        <field name="mpa_localizedvalue" value="Subject for this Kudo. Short text of 25 characters." />
        <field name="mpa_stringtype" value="865420002" />
      </record>
      <record id="2abd2be2-e4ed-ed11-8849-0022480492d7">
        <field name="mpa_name" value="Message for this Kudo. 500 characters maximum." />
        <field name="mpa_eelanguage" value="865420000" />
        <field name="mpa_localizedvalue" value="Message for this Kudo. 500 characters maximum." />
        <field name="mpa_stringtype" value="865420002" />
      </record>
      <record id="c99d4307-e5ed-ed11-8849-0022480492d7">
        <field name="mpa_name" value="Review &amp;amp; Submit" />
        <field name="mpa_eelanguage" value="865420000" />
        <field name="mpa_localizedvalue" value="Review &amp;amp; Submit" />
        <field name="mpa_stringtype" value="865420000" />
      </record>
      <record id="cccc5650-e5ed-ed11-8849-0022480492d7">
        <field name="mpa_name" value="Subject" />
        <field name="mpa_eelanguage" value="865420000" />
        <field name="mpa_localizedvalue" value="Subject" />
        <field name="mpa_stringtype" value="865420000" />
      </record>
      <record id="465b3957-e5ed-ed11-8849-0022480492d7">
        <field name="mpa_name" value="Message" />
        <field name="mpa_eelanguage" value="865420000" />
        <field name="mpa_localizedvalue" value="Message" />
        <field name="mpa_stringtype" value="865420000" />
      </record>
      <record id="a96b8679-e5ed-ed11-8849-0022480492d7">
        <field name="mpa_name" value="Submit" />
        <field name="mpa_eelanguage" value="865420000" />
        <field name="mpa_localizedvalue" value="Submit" />
        <field name="mpa_stringtype" value="865420004" />
      </record>
      <record id="a2f20e92-e5ed-ed11-8849-0022480492d7">
        <field name="mpa_name" value="Success" />
        <field name="mpa_eelanguage" value="865420000" />
        <field name="mpa_localizedvalue" value="Success" />
        <field name="mpa_stringtype" value="865420000" />
      </record>
      <record id="9e66faac-e5ed-ed11-8849-0022480492d7">
        <field name="mpa_name" value="Your kudos has been submitted" />
        <field name="mpa_eelanguage" value="865420000" />
        <field name="mpa_localizedvalue" value="Your kudos has been submitted" />
        <field name="mpa_stringtype" value="865420000" />
      </record>
      <record id="9171e3c3-e5ed-ed11-8849-0022480492d7">
        <field name="mpa_name" value="Back to home" />
        <field name="mpa_eelanguage" value="865420000" />
        <field name="mpa_localizedvalue" value="Back to home" />
        <field name="mpa_stringtype" value="865420004" />
      </record>
      <record id="1c6453e0-e5ed-ed11-8849-0022480492d7">
        <field name="mpa_name" value="Settings" />
        <field name="mpa_eelanguage" value="865420000" />
        <field name="mpa_localizedvalue" value="Settings" />
        <field name="mpa_stringtype" value="865420000" />
      </record>
      <record id="66cfeff4-e5ed-ed11-8849-0022480492d7">
        <field name="mpa_name" value="Color Mode" />
        <field name="mpa_eelanguage" value="865420000" />
        <field name="mpa_localizedvalue" value="Color Mode" />
        <field name="mpa_stringtype" value="865420000" />
      </record>
      <record id="55d59909-e6ed-ed11-8849-0022480492d7">
        <field name="mpa_name" value="Light" />
        <field name="mpa_eelanguage" value="865420000" />
        <field name="mpa_localizedvalue" value="Light" />
        <field name="mpa_stringtype" value="865420000" />
      </record>
      <record id="f15a0d1a-e6ed-ed11-8849-0022480492d7">
        <field name="mpa_name" value="Dark" />
        <field name="mpa_eelanguage" value="865420000" />
        <field name="mpa_localizedvalue" value="Dark" />
        <field name="mpa_stringtype" value="865420000" />
      </record>
      <record id="88dce12e-e6ed-ed11-8849-0022480492d7">
        <field name="mpa_name" value="High Contrast" />
        <field name="mpa_eelanguage" value="865420000" />
        <field name="mpa_localizedvalue" value="High Contrast" />
        <field name="mpa_stringtype" value="865420000" />
      </record>
      <record id="c283c068-e6ed-ed11-8849-0022480492d7">
        <field name="mpa_name" value="Input subject here" />
        <field name="mpa_eelanguage" value="865420000" />
        <field name="mpa_localizedvalue" value="Input subject here" />
        <field name="mpa_stringtype" value="865420003" />
      </record>
      <record id="0b9b3880-e6ed-ed11-8849-0022480492d7">
        <field name="mpa_name" value="Tell us why this employee stands out. Think about how they demonstrated this company value." />
        <field name="mpa_eelanguage" value="865420000" />
        <field name="mpa_localizedvalue" value="Tell us why this employee stands out. Think about how they demonstrated this company value." />
        <field name="mpa_stringtype" value="865420003" />
      </record>
      <record id="7db887f5-00ee-ed11-8849-0022480492d7">
        <field name="mpa_name" value="From:" />
        <field name="mpa_eelanguage" value="865420000" />
        <field name="mpa_localizedvalue" value="From:" />
        <field name="mpa_stringtype" value="865420000" />
      </record>
      <record id="2a71e619-01ee-ed11-8849-0022480492d7">
        <field name="mpa_name" value="To:" />
        <field name="mpa_eelanguage" value="865420000" />
        <field name="mpa_localizedvalue" value="To:" />
        <field name="mpa_stringtype" value="865420000" />
      </record>
      <record id="7d8df0c3-78e8-ed11-a7c6-0022480492d7">
        <field name="mpa_name" value="Next" />
        <field name="mpa_eelanguage" value="865420000" />
        <field name="mpa_localizedvalue" value="Next" />
        <field name="mpa_stringtype" value="865420004" />
      </record>
      <record id="662896a2-30e9-ed11-a7c6-0022480492d7">
        <field name="mpa_name" value="Employee Kudos" />
        <field name="mpa_eelanguage" value="865420000" />
        <field name="mpa_localizedvalue" value="Employee Kudos" />
        <field name="mpa_stringtype" value="865420000" />
      </record>
      <record id="55f8e1f5-30e9-ed11-a7c6-0022480492d7">
        <field name="mpa_name" value="Hello" />
        <field name="mpa_eelanguage" value="865420000" />
        <field name="mpa_localizedvalue" value="Hello" />
        <field name="mpa_stringtype" value="865420000" />
      </record>
      <record id="2d294703-31e9-ed11-a7c6-0022480492d7">
        <field name="mpa_name" value="My Kudos" />
        <field name="mpa_eelanguage" value="865420000" />
        <field name="mpa_localizedvalue" value="My Kudos" />
        <field name="mpa_stringtype" value="865420000" />
      </record>
      <record id="5493cb2f-31e9-ed11-a7c6-0022480492d7">
        <field name="mpa_name" value="Submit a New Kudos" />
        <field name="mpa_eelanguage" value="865420000" />
        <field name="mpa_localizedvalue" value="Submit a New Kudos" />
        <field name="mpa_stringtype" value="865420000" />
      </record>
      <record id="452bb145-e5e5-ed11-a7c7-0022480492d7">
        <field name="mpa_name" value="Select Kudos Type" />
        <field name="mpa_eelanguage" value="865420000" />
        <field name="mpa_localizedvalue" value="Select Kudos Type" />
        <field name="mpa_stringtype" value="865420000" />
      </record>
      <record id="c01f9709-fde5-ed11-a7c7-0022480492d7">
        <field name="mpa_name" value="Select the badge that best represents the Kudos you&amp;#39;re giving:" />
        <field name="mpa_eelanguage" value="865420000" />
        <field name="mpa_localizedvalue" value="Select the badge that best represents the Kudos you&amp;#39;re giving:" />
        <field name="mpa_stringtype" value="865420000" />
      </record>
      <record id="e16c1f75-eb00-ee11-8f6e-0022482a45d1">
        <field name="mpa_name" value="Back" />
        <field name="mpa_eelanguage" value="865420000" />
        <field name="mpa_localizedvalue" value="Back" />
        <field name="mpa_stringtype" value="865420004" />
      </record>
      <record id="96f8498e-eb00-ee11-8f6e-0022482a45d1">
        <field name="mpa_name" value="Badge" />
        <field name="mpa_eelanguage" value="865420000" />
        <field name="mpa_localizedvalue" value="Badge" />
        <field name="mpa_stringtype" value="865420002" />
      </record>
      <record id="08ca7694-eb00-ee11-8f6e-0022482a45d1">
        <field name="mpa_name" value="Badge Gallery" />
        <field name="mpa_eelanguage" value="865420000" />
        <field name="mpa_localizedvalue" value="Badge Gallery" />
        <field name="mpa_stringtype" value="865420002" />
      </record>
      <record id="63d5f1a0-eb00-ee11-8f6e-0022482a45d1">
        <field name="mpa_name" value="Badge Icon" />
        <field name="mpa_eelanguage" value="865420000" />
        <field name="mpa_localizedvalue" value="Badge Icon" />
        <field name="mpa_stringtype" value="865420002" />
      </record>
      <record id="dc34eaa6-eb00-ee11-8f6e-0022482a45d1">
        <field name="mpa_name" value="Badge Image" />
        <field name="mpa_eelanguage" value="865420000" />
        <field name="mpa_localizedvalue" value="Badge Image" />
        <field name="mpa_stringtype" value="865420002" />
      </record>
      <record id="7a5625ad-eb00-ee11-8f6e-0022482a45d1">
        <field name="mpa_name" value="Cancel Search" />
        <field name="mpa_eelanguage" value="865420000" />
        <field name="mpa_localizedvalue" value="Cancel Search" />
        <field name="mpa_stringtype" value="865420003" />
      </record>
      <record id="e9e4a9b9-eb00-ee11-8f6e-0022482a45d1">
        <field name="mpa_name" value="Company Logo" />
        <field name="mpa_eelanguage" value="865420000" />
        <field name="mpa_localizedvalue" value="Company Logo" />
        <field name="mpa_stringtype" value="865420002" />
      </record>
      <record id="afe4dec6-eb00-ee11-8f6e-0022482a45d1">
        <field name="mpa_name" value="Dark Mode" />
        <field name="mpa_eelanguage" value="865420000" />
        <field name="mpa_localizedvalue" value="Dark Mode" />
        <field name="mpa_stringtype" value="865420002" />
      </record>
      <record id="84c5d6d2-eb00-ee11-8f6e-0022482a45d1">
        <field name="mpa_name" value="Details" />
        <field name="mpa_eelanguage" value="865420000" />
        <field name="mpa_localizedvalue" value="Details" />
        <field name="mpa_stringtype" value="865420002" />
      </record>
      <record id="21b29bdf-eb00-ee11-8f6e-0022482a45d1">
        <field name="mpa_name" value="Error" />
        <field name="mpa_eelanguage" value="865420000" />
        <field name="mpa_localizedvalue" value="Error" />
        <field name="mpa_stringtype" value="865420002" />
      </record>
      <record id="df0d94e5-eb00-ee11-8f6e-0022482a45d1">
        <field name="mpa_name" value="Filter by Month" />
        <field name="mpa_eelanguage" value="865420000" />
        <field name="mpa_localizedvalue" value="Filter by Month" />
        <field name="mpa_stringtype" value="865420002" />
      </record>
      <record id="1bdb8eeb-eb00-ee11-8f6e-0022482a45d1">
        <field name="mpa_name" value="Filter by Year" />
        <field name="mpa_eelanguage" value="865420000" />
        <field name="mpa_localizedvalue" value="Filter by Year" />
        <field name="mpa_stringtype" value="865420002" />
      </record>
      <record id="f0dceaf7-eb00-ee11-8f6e-0022482a45d1">
        <field name="mpa_name" value="Filter Results" />
        <field name="mpa_eelanguage" value="865420000" />
        <field name="mpa_localizedvalue" value="Filter Results" />
        <field name="mpa_stringtype" value="865420002" />
      </record>
      <record id="4fa18904-ec00-ee11-8f6e-0022482a45d1">
        <field name="mpa_name" value="Hide Filters" />
        <field name="mpa_eelanguage" value="865420000" />
        <field name="mpa_localizedvalue" value="Hide Filters" />
        <field name="mpa_stringtype" value="865420002" />
      </record>
      <record id="ad4aef10-ec00-ee11-8f6e-0022482a45d1">
        <field name="mpa_name" value="High Contrast Mode" />
        <field name="mpa_eelanguage" value="865420000" />
        <field name="mpa_localizedvalue" value="High Contrast Mode" />
        <field name="mpa_stringtype" value="865420002" />
      </record>
      <record id="accbee16-ec00-ee11-8f6e-0022482a45d1">
        <field name="mpa_name" value="Home" />
        <field name="mpa_eelanguage" value="865420000" />
        <field name="mpa_localizedvalue" value="Home" />
        <field name="mpa_stringtype" value="865420002" />
      </record>
      <record id="2e4fed28-ec00-ee11-8f6e-0022482a45d1">
        <field name="mpa_name" value="Kudo Details" />
        <field name="mpa_eelanguage" value="865420000" />
        <field name="mpa_localizedvalue" value="Kudo Details" />
        <field name="mpa_stringtype" value="865420002" />
      </record>
      <record id="410a262f-ec00-ee11-8f6e-0022482a45d1">
        <field name="mpa_name" value="Kudos" />
        <field name="mpa_eelanguage" value="865420000" />
        <field name="mpa_localizedvalue" value="Kudos" />
        <field name="mpa_stringtype" value="865420000" />
      </record>
      <record id="da239f35-ec00-ee11-8f6e-0022482a45d1">
        <field name="mpa_name" value="Kudos given" />
        <field name="mpa_eelanguage" value="865420000" />
        <field name="mpa_localizedvalue" value="Kudos given" />
        <field name="mpa_stringtype" value="865420000" />
      </record>
      <record id="fd7da247-ec00-ee11-8f6e-0022482a45d1">
        <field name="mpa_name" value="Kudos received" />
        <field name="mpa_eelanguage" value="865420000" />
        <field name="mpa_localizedvalue" value="Kudos received" />
        <field name="mpa_stringtype" value="865420000" />
      </record>
      <record id="fd589a53-ec00-ee11-8f6e-0022482a45d1">
        <field name="mpa_name" value="Kudos Received by My Direct Reports" />
        <field name="mpa_eelanguage" value="865420000" />
        <field name="mpa_localizedvalue" value="Kudos Received by My Direct Reports" />
        <field name="mpa_stringtype" value="865420000" />
      </record>
      <record id="3bb1c766-ec00-ee11-8f6e-0022482a45d1">
        <field name="mpa_name" value="Light Mode" />
        <field name="mpa_eelanguage" value="865420000" />
        <field name="mpa_localizedvalue" value="Light Mode" />
        <field name="mpa_stringtype" value="865420002" />
      </record>
      <record id="b9b6d372-ec00-ee11-8f6e-0022482a45d1">
        <field name="mpa_name" value="Logged In User Photo" />
        <field name="mpa_eelanguage" value="865420000" />
        <field name="mpa_localizedvalue" value="Logged In User Photo" />
        <field name="mpa_stringtype" value="865420002" />
      </record>
      <record id="bce54079-ec00-ee11-8f6e-0022482a45d1">
        <field name="mpa_name" value="Make sure everything looks right" />
        <field name="mpa_eelanguage" value="865420000" />
        <field name="mpa_localizedvalue" value="Make sure everything looks right" />
        <field name="mpa_stringtype" value="865420000" />
      </record>
      <record id="26f3928b-ec00-ee11-8f6e-0022482a45d1">
        <field name="mpa_name" value="Month" />
        <field name="mpa_eelanguage" value="865420000" />
        <field name="mpa_localizedvalue" value="Month" />
        <field name="mpa_stringtype" value="865420000" />
      </record>
      <record id="7b379898-ec00-ee11-8f6e-0022482a45d1">
        <field name="mpa_name" value="No Data to Display" />
        <field name="mpa_eelanguage" value="865420000" />
        <field name="mpa_localizedvalue" value="No Data to Display" />
        <field name="mpa_stringtype" value="865420000" />
      </record>
      <record id="c2eedc9e-ec00-ee11-8f6e-0022482a45d1">
        <field name="mpa_name" value="Peer-to-Peer Recognition" />
        <field name="mpa_eelanguage" value="865420000" />
        <field name="mpa_localizedvalue" value="Peer-to-Peer Recognition" />
        <field name="mpa_stringtype" value="865420002" />
      </record>
      <record id="6b2d00a5-ec00-ee11-8f6e-0022482a45d1">
        <field name="mpa_name" value="Recipient Photo" />
        <field name="mpa_eelanguage" value="865420000" />
        <field name="mpa_localizedvalue" value="Recipient Photo" />
        <field name="mpa_stringtype" value="865420002" />
      </record>
      <record id="dd6a22b7-ec00-ee11-8f6e-0022482a45d1">
        <field name="mpa_name" value="Search" />
        <field name="mpa_eelanguage" value="865420000" />
        <field name="mpa_localizedvalue" value="Search" />
        <field name="mpa_stringtype" value="865420002" />
      </record>
      <record id="84871fbd-ec00-ee11-8f6e-0022482a45d1">
        <field name="mpa_name" value="Search Bar" />
        <field name="mpa_eelanguage" value="865420000" />
        <field name="mpa_localizedvalue" value="Search Bar" />
        <field name="mpa_stringtype" value="865420002" />
      </record>
      <record id="44a35ac3-ec00-ee11-8f6e-0022482a45d1">
        <field name="mpa_name" value="Search by name/alias" />
        <field name="mpa_eelanguage" value="865420000" />
        <field name="mpa_localizedvalue" value="Search by name/alias" />
        <field name="mpa_stringtype" value="865420002" />
      </record>
      <record id="509d00d0-ec00-ee11-8f6e-0022482a45d1">
        <field name="mpa_name" value="Search Icon" />
        <field name="mpa_eelanguage" value="865420000" />
        <field name="mpa_localizedvalue" value="Search Icon" />
        <field name="mpa_stringtype" value="865420002" />
      </record>
      <record id="09a409d6-ec00-ee11-8f6e-0022482a45d1">
        <field name="mpa_name" value="Select Fiscal Year" />
        <field name="mpa_eelanguage" value="865420000" />
        <field name="mpa_localizedvalue" value="Select Fiscal Year" />
        <field name="mpa_stringtype" value="865420002" />
      </record>
      <record id="ee632ce2-ec00-ee11-8f6e-0022482a45d1">
        <field name="mpa_name" value="Select Quarter" />
        <field name="mpa_eelanguage" value="865420000" />
        <field name="mpa_localizedvalue" value="Select Quarter" />
        <field name="mpa_stringtype" value="865420002" />
      </record>
      <record id="64087dfb-ec00-ee11-8f6e-0022482a45d1">
        <field name="mpa_name" value="Try again" />
        <field name="mpa_eelanguage" value="865420000" />
        <field name="mpa_localizedvalue" value="Try again" />
        <field name="mpa_stringtype" value="865420000" />
      </record>
      <record id="b00f8601-ed00-ee11-8f6e-0022482a45d1">
        <field name="mpa_name" value="We&amp;#39;re having trouble processing your request" />
        <field name="mpa_eelanguage" value="865420000" />
        <field name="mpa_localizedvalue" value="We&amp;#39;re having trouble processing your request" />
        <field name="mpa_stringtype" value="865420000" />
      </record>
      <record id="f9bbd607-ed00-ee11-8f6e-0022482a45d1">
        <field name="mpa_name" value="Year" />
        <field name="mpa_eelanguage" value="865420000" />
        <field name="mpa_localizedvalue" value="Year" />
        <field name="mpa_stringtype" value="865420000" />
      </record>
    </records>
    <m2mrelationships />
  </entity>
</entities>