<ImportExportXml version="9.2.24112.220" SolutionPackageVersion="9.2" languagecode="1033" generatedBy="CrmLive" xmlns:xsi="http://www.w3.org/2001/XMLSchema-instance" OrganizationVersion="9.2.24112.220" OrganizationSchemaType="Standard" CRMServerServiceabilityVersion="9.2.24112.00220">
  <SolutionManifest>
    <UniqueName>TempateInstallerBase</UniqueName>
    <LocalizedNames>
      <LocalizedName description="Tempate Installer Base" languagecode="1033" />
    </LocalizedNames>
    <Descriptions />
    <Version>1.0.0.6</Version>
    <Managed>0</Managed>
    <Publisher>
      <UniqueName>PowerAccelerator</UniqueName>
      <LocalizedNames>
        <LocalizedName description="Microsoft Power Accelerator" languagecode="1033" />
      </LocalizedNames>
      <Descriptions>
        <Description description="Publisher for the Microsoft Power Accelerator team." languagecode="1033" />
      </Descriptions>
      <EMailAddress xsi:nil="true"></EMailAddress>
      <SupportingWebsiteUrl xsi:nil="true"></SupportingWebsiteUrl>
      <CustomizationPrefix>mpa</CustomizationPrefix>
      <CustomizationOptionValuePrefix>86542</CustomizationOptionValuePrefix>
      <Addresses>
        <Address>
          <AddressNumber>1</AddressNumber>
          <AddressTypeCode>1</AddressTypeCode>
          <City xsi:nil="true"></City>
          <County xsi:nil="true"></County>
          <Country xsi:nil="true"></Country>
          <Fax xsi:nil="true"></Fax>
          <FreightTermsCode xsi:nil="true"></FreightTermsCode>
          <ImportSequenceNumber xsi:nil="true"></ImportSequenceNumber>
          <Latitude xsi:nil="true"></Latitude>
          <Line1 xsi:nil="true"></Line1>
          <Line2 xsi:nil="true"></Line2>
          <Line3 xsi:nil="true"></Line3>
          <Longitude xsi:nil="true"></Longitude>
          <Name xsi:nil="true"></Name>
          <PostalCode xsi:nil="true"></PostalCode>
          <PostOfficeBox xsi:nil="true"></PostOfficeBox>
          <PrimaryContactName xsi:nil="true"></PrimaryContactName>
          <ShippingMethodCode>1</ShippingMethodCode>
          <StateOrProvince xsi:nil="true"></StateOrProvince>
          <Telephone1 xsi:nil="true"></Telephone1>
          <Telephone2 xsi:nil="true"></Telephone2>
          <Telephone3 xsi:nil="true"></Telephone3>
          <TimeZoneRuleVersionNumber xsi:nil="true"></TimeZoneRuleVersionNumber>
          <UPSZone xsi:nil="true"></UPSZone>
          <UTCOffset xsi:nil="true"></UTCOffset>
          <UTCConversionTimeZoneCode xsi:nil="true"></UTCConversionTimeZoneCode>
        </Address>
        <Address>
          <AddressNumber>2</AddressNumber>
          <AddressTypeCode>1</AddressTypeCode>
          <City xsi:nil="true"></City>
          <County xsi:nil="true"></County>
          <Country xsi:nil="true"></Country>
          <Fax xsi:nil="true"></Fax>
          <FreightTermsCode xsi:nil="true"></FreightTermsCode>
          <ImportSequenceNumber xsi:nil="true"></ImportSequenceNumber>
          <Latitude xsi:nil="true"></Latitude>
          <Line1 xsi:nil="true"></Line1>
          <Line2 xsi:nil="true"></Line2>
          <Line3 xsi:nil="true"></Line3>
          <Longitude xsi:nil="true"></Longitude>
          <Name xsi:nil="true"></Name>
          <PostalCode xsi:nil="true"></PostalCode>
          <PostOfficeBox xsi:nil="true"></PostOfficeBox>
          <PrimaryContactName xsi:nil="true"></PrimaryContactName>
          <ShippingMethodCode>1</ShippingMethodCode>
          <StateOrProvince xsi:nil="true"></StateOrProvince>
          <Telephone1 xsi:nil="true"></Telephone1>
          <Telephone2 xsi:nil="true"></Telephone2>
          <Telephone3 xsi:nil="true"></Telephone3>
          <TimeZoneRuleVersionNumber xsi:nil="true"></TimeZoneRuleVersionNumber>
          <UPSZone xsi:nil="true"></UPSZone>
          <UTCOffset xsi:nil="true"></UTCOffset>
          <UTCConversionTimeZoneCode xsi:nil="true"></UTCConversionTimeZoneCode>
        </Address>
      </Addresses>
    </Publisher>
    <RootComponents>
      <RootComponent type="1" schemaName="mpa_activitystep" behavior="0" />
      <RootComponent type="1" schemaName="mpa_deploymentteam" behavior="0" />
      <RootComponent type="1" schemaName="mpa_installprocess" behavior="0" />
      <RootComponent type="1" schemaName="mpa_installprocessactivity" behavior="0" />
      <RootComponent type="1" schemaName="mpa_installprocessactivityresource" behavior="0" />
      <RootComponent type="1" schemaName="mpa_installprocessactivitystep" behavior="0" />
      <RootComponent type="1" schemaName="mpa_installprocessstage" behavior="0" />
      <RootComponent type="1" schemaName="systemuser" behavior="1" />
      <RootComponent type="20" id="{26d51de7-763d-ee11-bdf4-002248081105}" behavior="0" />
      <RootComponent type="29" id="{408edeed-7dc7-ee11-9079-000d3a33dd40}" behavior="0" />
      <RootComponent type="29" id="{9f0599ff-48ba-ee11-a569-000d3a33da23}" behavior="0" />
      <RootComponent type="29" id="{bcbc1ce6-6bb9-ee11-a569-00224825b1b5}" behavior="0" />
      <RootComponent type="29" id="{f19d107d-9e90-ee11-8179-00224825b0d2}" behavior="0" />
      <RootComponent type="62" schemaName="mpa_InstallAdministration" behavior="0" />
      <RootComponent type="80" schemaName="mpa_InstallAdministration" behavior="0" />
    </RootComponents>
    <MissingDependencies>
      <MissingDependency>
        <Required type="1" schemaName="activityfileattachment" displayName="Activity File Attachment" solution="msdynce_ActivitiesPatch (9.0.24105.241031000)">
          <package>msdynce_EnableUCIByDefault (9.0.24105.241031000)</package>
        </Required>
        <Dependent type="80" schemaName="mpa_InstallAdministration" displayName="Template Install Administration" />
      </MissingDependency>
      <MissingDependency>
        <Required type="1" schemaName="canvasappextendedmetadata" displayName="CanvasApp Extended Metadata" solution="CanvasAppEntityExtensionSolution (9.2.2409.2409161)">
          <package>AppModuleSolutionAnchor (9.2.2409.2409161)</package>
        </Required>
        <Dependent type="80" schemaName="mpa_InstallAdministration" displayName="Template Install Administration" />
      </MissingDependency>
      <MissingDependency>
        <Required type="1" schemaName="mpa_eelocalization" displayName="Employee Experience Localization" solution="Active" />
        <Dependent type="29" displayName="Generate Kudos Localizations JSON" id="{bcbc1ce6-6bb9-ee11-a569-00224825b1b5}" />
      </MissingDependency>
      <MissingDependency>
        <Required type="1" schemaName="mpa_saplocalization" displayName="SAP Localization" solution="Active" />
        <Dependent type="29" displayName="Generate SAP Localizations JSON" id="{408edeed-7dc7-ee11-9079-000d3a33dd40}" />
      </MissingDependency>
      <MissingDependency>
        <Required type="61" schemaName="msdyn_/Images/AppModule_Default_Icon.png" displayName="msdyn_/Images/AppModule_Default_Icon.png" solution="AppModuleWebResources (2.5)" />
        <Dependent type="80" schemaName="mpa_InstallAdministration" displayName="Template Install Administration" />
      </MissingDependency>
      <MissingDependency>
        <Required type="connectionreference" displayName="mpa_sharedcommondataserviceforapps_fadb4" solution="Active" id.connectionreferencelogicalname="mpa_sharedcommondataserviceforapps_fadb4" />
        <Dependent type="29" displayName="Generate SAP Localizations JSON" id="{408edeed-7dc7-ee11-9079-000d3a33dd40}" />
      </MissingDependency>
      <MissingDependency>
        <Required type="connectionreference" displayName="mpa_sharedcommondataserviceforapps_fadb4" solution="Active" id.connectionreferencelogicalname="mpa_sharedcommondataserviceforapps_fadb4" />
        <Dependent type="29" displayName="Generate SAP Process Data Load JSON" id="{9f0599ff-48ba-ee11-a569-000d3a33da23}" />
      </MissingDependency>
      <MissingDependency>
        <Required type="connectionreference" displayName="mpa_sharedcommondataserviceforapps_fadb4" solution="Active" id.connectionreferencelogicalname="mpa_sharedcommondataserviceforapps_fadb4" />
        <Dependent type="29" displayName="Generate Kudos Localizations JSON" id="{bcbc1ce6-6bb9-ee11-a569-00224825b1b5}" />
      </MissingDependency>
      <MissingDependency>
        <Required type="connectionreference" displayName="mpa_sharedcommondataserviceforapps_fadb4" solution="Active" id.connectionreferencelogicalname="mpa_sharedcommondataserviceforapps_fadb4" />
        <Dependent type="29" displayName="Generate Kudos Process Data Load JSON" id="{f19d107d-9e90-ee11-8179-00224825b0d2}" />
      </MissingDependency>
    </MissingDependencies>
  </SolutionManifest>
</ImportExportXml>