<powerpagecomponent powerpagecomponentid="fb891c08-f8e0-ee11-904d-000d3a33d34f">
  <content>{"adx_flowapiurl":"https://bs5-supplierportaldev.powerappsportals.com/_api/cloudflow/v1.0/trigger/bdba4ab1-8420-b530-ccb6-5ffa693524bd","adx_flowtriggerurl":"https://unitedstates-002.azure-apim.net:443/apim/logicflows/BDBA4AB18420B530CCB65FFA693524BD-D9E4340A55466E65/triggers/manual/run?api-version=2016-06-01","adx_metadata":"bdba4ab1-8420-b530-ccb6-5ffa693524bd","adx_CloudFlowConsumer_adx_webrole":["898380ee-66fb-45a2-8320-27e6e2ff6103"],"_adx_processid_value":"95155d0a-05e0-ee11-904d-000d3a33da23"}</content>
  <iscustomizable>1</iscustomizable>
  <name>Power Pages ReadPurchaseOrderList</name>
  <powerpagecomponenttype>33</powerpagecomponenttype>
  <powerpagesiteid>
    <powerpagesiteid>99af4f03-6a66-4c36-963b-164265f26ce8</powerpagesiteid>
  </powerpagesiteid>
  <statecode>0</statecode>
  <statuscode>1</statuscode>
</powerpagecomponent>